username;date;retweets;favorites;text;geo;mentions;hashtags;id;permalink
JaredWeissNBA;23/11/2014 21:59;0;0;Jeff Green squares up Aldridge and blows by him with the left hand.;;;;5,36671E+17;https://twitter.com/JaredWeissNBA/status/536670506871947264
MissHottness07;23/11/2014 21:52;0;1;Jeff Green !!;;;;5,36669E+17;https://twitter.com/MissHottness07/status/536668646391963648
Bowen_Arrow23;23/11/2014 21:47;0;0;Not so sure jeff green will ever be a consistent wing option;;;;5,36667E+17;https://twitter.com/Bowen_Arrow23/status/536667471835840512
phyllisxox;23/11/2014 21:47;0;0;oomf lowkey looks like Jeff Green .;;;;5,36667E+17;https://twitter.com/phyllisxox/status/536667307620442113
contact__high;23/11/2014 21:44;0;0;Sad to say but Jeff green will be moved by the deadline;;;;5,36667E+17;https://twitter.com/contact__high/status/536666670321127424
Tzara_1981;23/11/2014 21:42;0;0;@bennygiardina Jeff Green anche..;;@bennygiardina;;5,36666E+17;https://twitter.com/Tzara_1981/status/536666131701170177
Elgirrl;23/11/2014 21:41;0;1;With Jeff Green very improved & focused this yr, & Bass producing, I'm not so keen to trade them except maybe throw in a pick for a great C.;;;;5,36666E+17;https://twitter.com/Elgirrl/status/536665995797352449
bostonnewsce;23/11/2014 21:41;0;0;Reports: Jeff Green , Brandon Bass Drawing Trade Interest For Celtics http:// zpzp.eu/a.php?url=http ://dlvr.it/7cRRfq …;;;;5,36666E+17;https://twitter.com/bostonnewsce/status/536665782164271104
txhelcat;23/11/2014 21:38;0;2;Is it weird that I'm watching my wedding video to Jeff Green with my mother and my current boyfriend? NAH;;;;5,36665E+17;https://twitter.com/txhelcat/status/536665233889447936
jayo1O;23/11/2014 21:32;0;2;Jeff Green has taken about 8 jump hooks;;;;5,36664E+17;https://twitter.com/jayo1O/status/536663547686973444
PacmanJonez;23/11/2014 21:31;0;0;@DreSmithWGL @ItsDerric @TheBreyKeys Jeff Green and Sully both had nice first quarters 8 and 13 respectively;;@DreSmithWGL @ItsDerric @TheBreyKeys;;5,36663E+17;https://twitter.com/PacmanJonez/status/536663351661965313
_Mag23_;23/11/2014 21:31;0;0;Jeff Green #8;;;#8;5,36663E+17;https://twitter.com/_Mag23_/status/536663295911288833
makatony98;23/11/2014 21:30;0;0;Jeff Green 50% when the Celtics tie or trail, but only 34% when they lead. Interesting... #NBA #PORvsBOS;;;#NBA #PORvsBOS;5,36663E+17;https://twitter.com/makatony98/status/536663080420143104
CHold;23/11/2014 21:30;0;2;Crabbe checking Jeff Green is going to be tough. A much bigger body. Now Wright check in, Crabbe moves over to shooting guard.;;;;5,36663E+17;https://twitter.com/CHold/status/536663044655706112
NBCSCeltics;23/11/2014 21:30;3;5;" Jeff Green this season is really becoming really aggressive...his game this season, is completely different it appears from last season.""""";;;;5,36663E+17;https://twitter.com/NBCSCeltics/status/536663006462377985
Pgallagher503;23/11/2014 21:29;0;1;No Mike Rice Jeff green isn't better than Rondo;;;;5,36663E+17;https://twitter.com/Pgallagher503/status/536662931530715137
_STAYJORDAN;23/11/2014 21:28;0;0;Jeff Green for Greg Monroe or picks;;;;5,36663E+17;https://twitter.com/_STAYJORDAN/status/536662548847001600
Awainer1;23/11/2014 21:26;0;1;@RedsArmy_John i dont think rondo appreciated people saying Jeff Green has more trade value than him;;@RedsArmy_John;;5,36662E+17;https://twitter.com/Awainer1/status/536662221070548992
BostonTweet3;23/11/2014 21:26;0;0;Reports: Jeff Green , Brandon Bass Drawing Trade Interest For Celtics - http:// NESN.com http:// dlvr.it/7cRB2b;;;;5,36662E+17;https://twitter.com/BostonTweet3/status/536661990668660736
BostonTweet3;23/11/2014 21:26;0;0;Reports: Jeff Green , Brandon Bass Drawing Trade Interest For Celtics - http:// NESN.com http:// dlvr.it/7cRFFP;;;;5,36662E+17;https://twitter.com/BostonTweet3/status/536661988823158784
Ethan_Norof;23/11/2014 21:24;0;0;@mattyfly519 Every time I have a comment about the Celtics or Jeff Green , you try and turn it into a debate of some kind. It’s weird.;;@mattyfly519;;5,36662E+17;https://twitter.com/Ethan_Norof/status/536661509095448576
k10_daley;23/11/2014 21:21;0;10;Jeff green looked at me so I'm taking that as the okay to have his child;;;;5,36661E+17;https://twitter.com/k10_daley/status/536660772425056256
mannynyk;23/11/2014 21:19;0;0;Has Jeff Green scratched his ceiling yet;;;;5,3666E+17;https://twitter.com/mannynyk/status/536660239232540672
CausewayStreet;23/11/2014 21:18;0;0;Oooo Jeff Green showing some finesse on that layup;;;;5,3666E+17;https://twitter.com/CausewayStreet/status/536659995518328832
ByJayKing;23/11/2014 21:17;1;3;What an outlet pass from Sully to Jeff Green there. Nothing prettier than a full-court pass.;;;;5,3666E+17;https://twitter.com/ByJayKing/status/536659900727037952
BostonNewsdaily;23/11/2014 21:16;0;0;Reports: Jeff Green , Brandon Bass Drawing Trade Interest For Celtics - http:// NESN.com http:// dlvr.it/7cR5zg;;;;5,36659E+17;https://twitter.com/BostonNewsdaily/status/536659471892623360
Steven_Slone22;23/11/2014 21:14;0;0;Talk is that Celtics are looking to trade Jeff Green , hopefully we can get a good suitor and something nice in return!;;;;5,36659E+17;https://twitter.com/Steven_Slone22/status/536658987492839424
LunchyB;23/11/2014 21:12;0;0;@Chrislemus33 who cares then if Jeff green is gonna do the same thing man fuck em he's so inconsistent trade this nigga for something;;@Chrislemus33;;5,36659E+17;https://twitter.com/LunchyB/status/536658508033589248
Jamie_Vargas;23/11/2014 21:11;0;0;Jeff Green forcing shit already;;;;5,36658E+17;https://twitter.com/Jamie_Vargas/status/536658272309104640
LunchyB;23/11/2014 21:09;0;0;@Chrislemus33 no if we got someone with equal value with Jeff green we wouldn't be tanking we would have the same chances of makin playoffs;;@Chrislemus33;;5,36658E+17;https://twitter.com/LunchyB/status/536657896281759744
Nick34shady;23/11/2014 21:09;0;0;What grinds my gears is when people talk shit about Jeff green y'all need to stop hating on the guy;;;;5,36658E+17;https://twitter.com/Nick34shady/status/536657758612094976
Jamie_Vargas;23/11/2014 21:09;0;0;So Jeff Green want out huh? Smh;;;;5,36658E+17;https://twitter.com/Jamie_Vargas/status/536657739527647232
_UncleDrew95;23/11/2014 21:05;2;0;I'll be stoked if Jeff Green finally gets traded!;;;;5,36657E+17;https://twitter.com/_UncleDrew95/status/536656758157369344
GodSon_;23/11/2014 21:05;0;0;Jeff Green inconsistent anyways;;;;5,36657E+17;https://twitter.com/GodSon_/status/536656697042153473
B_2Times;23/11/2014 21:04;0;0;Dang Jeff Green wants to leave Boston;;;;5,36657E+17;https://twitter.com/B_2Times/status/536656625751580672
Chilliin94_asap;23/11/2014 21:02;0;0;I don't like Jeff Green lol....;;;;5,36656E+17;https://twitter.com/Chilliin94_asap/status/536656049307402241
phila45666;23/11/2014 21:01;0;0;Reports: Jeff Green , Brandon Bass Drawing Trade Interest For Celtics http:// zpzp.eu/a.php?url=http ://dlvr.it/7cQxf8 …;;;;5,36656E+17;https://twitter.com/phila45666/status/536655852715790336
ShawSportsNBA;23/11/2014 21:01;1;0;The disgruntled one Jeff Green with a tough matchup vs Batum tonight.;;;;5,36656E+17;https://twitter.com/ShawSportsNBA/status/536655719513481216
LunchyB;23/11/2014 21:00;0;0;@Chrislemus33 because I heard Jeff green trade value is just as high as rondo so why not trade this nigga for someone better for the celtics;;@Chrislemus33;;5,36656E+17;https://twitter.com/LunchyB/status/536655616723656706
groovyf3;23/11/2014 20:59;0;2;jeff green is the most underrated player in the league.;;;;5,36655E+17;https://twitter.com/groovyf3/status/536655392072540160
hoopshype;23/11/2014 20:57;2;4;The latest on Jeff Green . http:// bit.ly/1rfdpj8;;;;5,36655E+17;https://twitter.com/hoopshype/status/536654685357477888
DailyNBALineups;23/11/2014 20:56;0;0;#NBA #Lineup #Celtics Rajon Rondo PG Avery Bradley SG Jeff Green SF Jared Sullinger PF Kelly Olynyk C http:// bit.ly/PsMI9f;;;#NBA #Lineup #Celtics;5,36654E+17;https://twitter.com/DailyNBALineups/status/536654426086182912
_STAYJORDAN;23/11/2014 20:55;0;0;Celtics need to work out this trade with the Wizards let them get Jeff Green off our hands;;;;5,36654E+17;https://twitter.com/_STAYJORDAN/status/536654395237474304
David2ck;23/11/2014 20:33;0;0;Bye bye jeff green . Cap cleanser.;;;;5,36649E+17;https://twitter.com/David2ck/status/536648884278530049
74Celtics;23/11/2014 20:25;0;0;@SeanGrandePBP Yeah Trade Jeff Green;;@SeanGrandePBP;;5,36647E+17;https://twitter.com/74Celtics/status/536646693454741504
thebeedazzler;23/11/2014 20:25;1;1;@the_madlad Report: Free agent market for Jeff Green is as strong ‘if not stronger’ than it is for Rajon Rondo http:// probasketballtalk.nbcsports.com/2014/11/23/rep ort-free-agent-market-for-jeff-green-is-as-strong-if-not-stronger-than-it-is-for-raj;;@the_madlad;;5,36647E+17;https://twitter.com/thebeedazzler/status/536646625075011584
SaintFDW;23/11/2014 20:13;1;0;Trade Josh Smith for Jeff Green ? I'd totally do it. #Pistons;;;#Pistons;5,36644E+17;https://twitter.com/SaintFDW/status/536643725863452672
daddy_pacheco;23/11/2014 20:09;0;0;We better trade Jeff Green 's bitch ass if he just wants to opt out next year;;;;5,36643E+17;https://twitter.com/daddy_pacheco/status/536642827917492224
basketnoti;23/11/2014 20:03;0;0;Reports: Jeff Green , Brandon Bass Drawing Trade Interest For Celtics - http:// NESN.com http:// ow.ly/2R5KoR;;;;5,36641E+17;https://twitter.com/basketnoti/status/536641255514857472
CLNS_Prescott;23/11/2014 19:59;7;0;Jeff Green frustrated with latest string of losses @CLNSRadio @Celtics_Beat http:// clnsradio.com/boston-celtics -news/item/11012-jeff-green-s-frustration-evident-after-latest-defeat … #CLNS #CelticsTalk;;@CLNSRadio @Celtics_Beat;#CLNS #CelticsTalk;5,3664E+17;https://twitter.com/CLNS_Prescott/status/536640115964002304
louloudekdek1;23/11/2014 19:51;0;0;NBC Sports - ProBasketballTalk: Report: Free agent market for Jeff Green is as strong ‘if not stronger’ than it is... http:// probasketballtalk.nbcsports.com/2014/11/23/rep ort-free-agent-market-for-jeff-green-is-as-strong-if-not-stronger-than-it-is-for-rajon-rondo/ …;;;;5,36638E+17;https://twitter.com/louloudekdek1/status/536638210118402048
PacmanJonez;23/11/2014 19:47;0;0;@DreSmithWGL @ItsDerric @TheBreyKeys don't know who to start at SF. I hate Jeff Green;;@DreSmithWGL @ItsDerric @TheBreyKeys;;5,36637E+17;https://twitter.com/PacmanJonez/status/536637236725702656
BostonCelticsnw;23/11/2014 19:33;0;0;Reports: Jeff Green , Brandon Bass Drawing Trade Interest For Celtics - http:// NESN.com http:// dlvr.it/7cPbw9;;;;5,36634E+17;https://twitter.com/BostonCelticsnw/status/536633608778166272
SpaldingSwave30;23/11/2014 19:28;0;0;Miami Heat need to go after Jeff Green , for the bench;;;;5,36632E+17;https://twitter.com/SpaldingSwave30/status/536632365955952642
ClippersFR;23/11/2014 19:26;0;0;Chers @celticsfr , vous prenez un pack Crawford-Barnes contre Jeff Green ?;;@celticsfr;;5,36632E+17;https://twitter.com/ClippersFR/status/536631826190979072
Phamton94;23/11/2014 19:25;0;0;Bring Jeff Green to the @MiamiHEAT;;@MiamiHEAT;;5,36632E+17;https://twitter.com/Phamton94/status/536631622909435904
2PLANES;23/11/2014 19:09;0;0;Jeff Green trash though!;;;;5,36628E+17;https://twitter.com/2PLANES/status/536627673825812481
JassyBravo;23/11/2014 19:06;1;0;" @Celticswatch : Reports: Jeff Green , Brandon Bass Drawing Trade Interest For Celtics - http:// NESN.com http:// ow.ly/2R5Gqf """"";;@Celticswatch;;5,36627E+17;https://twitter.com/JassyBravo/status/536626970541707265
theScore;23/11/2014 19:04;11;5;Jeff Green 's frustration is at an 'all-time high' and the market for him is said to be strong. http:// thesco.re/1tdzPSx pic.twitter.com/EkECaR2Jkn;;;;5,36626E+17;https://twitter.com/theScore/status/536626455099084800
b2bmarketnews;23/11/2014 19:01;0;0;Report: Jeff Green 's trade value is 'as strong if not stronger' than Rondo's http:// goo.gl/fb/nxxHLL #b2bmarketplace;;;#b2bmarketplace;5,36626E+17;https://twitter.com/b2bmarketnews/status/536625518674591745
NBA_Links;23/11/2014 18:47;0;0;Reports: Jeff Green , Brandon Bass Drawing Trade Interest For Celtics: BOSTON — Trade talk concer... http:// nba.nbalinks.tk/4kO #NBA #celtics;;;#NBA #celtics;5,36622E+17;https://twitter.com/NBA_Links/status/536622112966844416
CelticsDish;23/11/2014 18:47;0;0;Reports: Jeff Green , Brandon Bass Drawing Trade Interest For Celtics: BOSTON — Trade talk concerning the Celti... http:// foxs.pt/1vCTe5n;;;;5,36622E+17;https://twitter.com/CelticsDish/status/536622112291553280
bostonnewsce;23/11/2014 18:41;0;0;Report: Jeff Green 's trade value is 'as strong if not stronger' than ... http:// zpzp.eu/a.php?url=http ://dlvr.it/7cNw5V …;;;;5,3662E+17;https://twitter.com/bostonnewsce/status/536620498767978496
SportsTapApp;23/11/2014 18:35;0;0;http:// ift.tt/1reG33L Reports: Jeff Green , Brandon Bass Drawing Trade Interest For Celtics #SportsTap;;;#SportsTap;5,36619E+17;https://twitter.com/SportsTapApp/status/536619074479206402
michael12duncan;23/11/2014 18:32;0;0;Report: Jeff Green 's trade value is 'as strong if not stronger' than Rondo's http:// cbsprt.co/11LeAjB via @cbssports;;@cbssports;;5,36618E+17;https://twitter.com/michael12duncan/status/536618292064972800
NESN;23/11/2014 18:30;11;14;Reports: Jeff Green , Brandon Bass Drawing Trade Interest For Celtics http:// go.nesn.com/1y2HUO8;;;;5,36618E+17;https://twitter.com/NESN/status/536617932873142272
Adri4n_23;23/11/2014 18:24;0;0;That Jeff green dunk was filthy;;;;5,36616E+17;https://twitter.com/Adri4n_23/status/536616234171629568
sportsfeedia;23/11/2014 18:13;1;1;Report: Free agent market for Jeff Green is as strong ‘if not stronger’ than it is for Rajon #Rondo;;;#Rondo;5,36614E+17;https://twitter.com/sportsfeedia/status/536613593341771777
Silverarrow82;23/11/2014 18:13;0;0;@Tjonessltrib Is Jeff Green a 4? Haha;;@Tjonessltrib;;5,36614E+17;https://twitter.com/Silverarrow82/status/536613562714562560
todaysirlnews;23/11/2014 18:11;0;0;Report: Strong trade market for frustrated Jeff Green http:// dlvr.it/7cNWn2;;;;5,36613E+17;https://twitter.com/todaysirlnews/status/536612919853600769
BenTBrown;23/11/2014 18:09;0;0;Jeff Green having any trade value at all is kind of absurd.;;;;5,36612E+17;https://twitter.com/BenTBrown/status/536612430013804544
theScoreNBA;23/11/2014 18:05;4;1;Report: Strong trade market for frustrated Jeff Green http:// thesco.re/1C200VN pic.twitter.com/RsvoxTCyuZ;;;;5,36611E+17;https://twitter.com/theScoreNBA/status/536611440447078400
Salz_88;23/11/2014 17:58;0;1;@joeechartea13 chill out wei you can't be like me aka Jeff green;;@joeechartea13;;5,3661E+17;https://twitter.com/Salz_88/status/536609779737559040
b2bmarketnews;23/11/2014 17:55;0;0;Report: Jeff Green 's trade value is 'as strong if not stronger' than Rondo's http:// goo.gl/fb/0hrjLK #b2bmarketplace;;;#b2bmarketplace;5,36609E+17;https://twitter.com/b2bmarketnews/status/536609120292306944
trillklinton;23/11/2014 17:50;0;0;Jeff Green or Rajon Rondo will probably believe at the end of the season, but.... football.;;;;5,36608E+17;https://twitter.com/trillklinton/status/536607785333825536
Cyroglyfix;23/11/2014 17:49;0;1;@SactownKings916 Collison Rudy Jeff Green Millsap Cousins as a starting lineup would be great.;;@SactownKings916;;5,36608E+17;https://twitter.com/Cyroglyfix/status/536607565258317824
CTowersCBS;23/11/2014 17:43;0;1;"Looking forward to another fanbase talking themselves into Jeff Green finally figuring it out"" http://www. cbssports.com/nba/eye-on-bas ketball/24833947/report-jeff-greens-trade-value-is-as-strong-if-not-stronger-than-rondos …""";;;;5,36606E+17;https://twitter.com/CTowersCBS/status/536606091422212096
Ethan_Norof;23/11/2014 17:35;0;0;I understand Jeff Green 's frustration & I absolutely love his story, but to pretend he's having a 'breakout season' is asinine. #Celtics;;;#Celtics;5,36604E+17;https://twitter.com/Ethan_Norof/status/536604019372732417
Cavsanada;23/11/2014 17:35;0;1;@mattdavirro they need another player. I'd like to see them move Ross and someone else for Jeff Green;;@mattdavirro;;5,36604E+17;https://twitter.com/Cavsanada/status/536603896383152129
Ethan_Norof;23/11/2014 17:35;0;0;Jeff Green : Career-worst 27.4% on 3's while taking a career-high 5.6 per game. Proven to be 3rd option on good team at best. #Celtics;;;#Celtics;5,36604E+17;https://twitter.com/Ethan_Norof/status/536603869589934080
zoepaw;23/11/2014 17:19;0;1;Come to the lakers Jeff Green;;;;5,366E+17;https://twitter.com/zoepaw/status/536599888101130240
nbariver;23/11/2014 17:19;0;0;NBA trade rumor: The market for Jeff Green is very strong http://www. celticsblog.com/2014/11/23/727 1543/nba-trade-rumor-the-market-for-jeff-green-is-very-strong …;;;;5,366E+17;https://twitter.com/nbariver/status/536599858329972736
karsonking14;23/11/2014 17:18;1;4;“ @BattlesNBA : Jeff Green Spins Off One Morris Bro, And Dunks On The Other! https:// vine.co/v/OJaJ1jJz7A6 ” @MattyGTheTruth;;@BattlesNBA @MattyGTheTruth;;5,366E+17;https://twitter.com/karsonking14/status/536599609515061249
karmapolicekp;23/11/2014 17:14;1;1;Report: Jeff Green 's trade value is 'as strong if not stronger' than Rondo's http:// cbsprt.co/11LeAjB;;;;5,36599E+17;https://twitter.com/karmapolicekp/status/536598696205357056
karmapolicekp;23/11/2014 17:06;0;0;Why nobody likes Jeff Green 's game, i would like his game in #grizzlies uniform. He would be perfect match for us.;;;#grizzlies;5,36597E+17;https://twitter.com/karmapolicekp/status/536596624374767616
usumtwit;23/11/2014 16:56;0;0;Report: Jeff Green ’s trade value is ‘as strong if not stronger’ than Rondo’s: Could the… http:// goo.gl/fb/fmDIZA;;;;5,36594E+17;https://twitter.com/usumtwit/status/536594140612411392
FxckYouuAll;23/11/2014 16:53;0;0;"Just got a notification captioned: Jeff Green 's trade value is as strong if not stronger"" than Rondo's.""";;;;5,36593E+17;https://twitter.com/FxckYouuAll/status/536593442361868288
DEEEEEEETROIT;23/11/2014 16:53;1;4;Report: Jeff Green 's trade value is 'as strong if not stronger' than Rondo's http://www. cbssports.com/nba/eye-on-bas ketball/24833947/report-jeff-greens-trade-value-is-as-strong-if-not-stronger-than-rondos … via @CBSSports;;@CBSSports;;5,36593E+17;https://twitter.com/DEEEEEEETROIT/status/536593320265666561
Vick_Reilly;23/11/2014 16:52;0;0;@GreshandZo @nickst1215 @scottzolak Amendola is fine player, just overpaid, like Chris Kelly or Jeff Green .;;@GreshandZo @nickst1215 @scottzolak;;5,36593E+17;https://twitter.com/Vick_Reilly/status/536593232663429120
Spence_OnSports;23/11/2014 16:52;0;0;Report: Jeff Green 's trade value is 'as strong if not stronger' than Rondo's http://www. cbssports.com/nba/eye-on-bas ketball/24833947/report-jeff-greens-trade-value-is-as-strong-if-not-stronger-than-rondos … via @CBSSports;;@CBSSports;;5,36593E+17;https://twitter.com/Spence_OnSports/status/536593215521325057
ThomasAwful;23/11/2014 16:52;0;1;Jeff Green for Kendrick Perkins.;;;;5,36593E+17;https://twitter.com/ThomasAwful/status/536593160684986368
AmericanNumbers;23/11/2014 16:52;0;0;Jeff Green 's trade value is high?!? Green/Wallace and 1 pick for Sanders & Ilyasova http:// espn.go.com/nba/tradeMachi ne?tradeId=lm7ypxq … Who says no? Make it happen Danny;;;;5,36593E+17;https://twitter.com/AmericanNumbers/status/536593023690625024
Dart_Adams;23/11/2014 16:49;0;0;Dear Jeff Green , you are the reminder of when the Celtics had their HEARTS ripped out & they traded away their shot at the championship....;;;;5,36592E+17;https://twitter.com/Dart_Adams/status/536592362810912768
b2bmarketnews;23/11/2014 16:49;0;0;Report: Jeff Green 's trade value is 'as strong if not stronger' than Rondo's http:// goo.gl/fb/6vTZc4 #b2bmarketplace;;;#b2bmarketplace;5,36592E+17;https://twitter.com/b2bmarketnews/status/536592343650930688
RetepAdam;23/11/2014 16:47;0;0;"Hahaha RT @HPbasketball : Jeff Green is frustrated, but his trade value is as strong or stronger than"" Rajon Rondo's http:// cbsprt.co/1uQr4lP""";;@HPbasketball;;5,36592E+17;https://twitter.com/RetepAdam/status/536591943451820032
ColeyMick;23/11/2014 16:47;0;1;Get Jeff Green the entire fuck outta here with that bullshit. Like our team's lack of success isn't directly his fault;;;;5,36592E+17;https://twitter.com/ColeyMick/status/536591809137610754
Drizz_LakerKing;23/11/2014 16:47;0;0;Trade for Jeff Green @Lakers;;@Lakers;;5,36592E+17;https://twitter.com/Drizz_LakerKing/status/536591772949172224
ColeyMick;23/11/2014 16:46;0;0;"LMAO RT @HPbasketball : Report: Jeff Green is frustrated, but his trade value is as strong or stronger than"" Rondo's http:// cbsprt.co/1uQr4lP""";;@HPbasketball;;5,36592E+17;https://twitter.com/ColeyMick/status/536591577515573248
MattMooreTAN;23/11/2014 16:45;2;2;"Report: Jeff Green is frustrated, but his trade value is as strong or stronger than"" Rajon Rondo's http:// cbsprt.co/1uQr4lP""";;;;5,36591E+17;https://twitter.com/MattMooreTAN/status/536591392940642304
CBSSportsNBA;23/11/2014 16:45;7;6;"Report: Jeff Green is frustrated, but his trade value is as strong or stronger than"" Rajon Rondo's http:// cbsprt.co/1uQr4lP""";;;;5,36591E+17;https://twitter.com/CBSSportsNBA/status/536591392919658496
the_Celts;23/11/2014 16:45;0;0;NBA trade rumor: The market for Jeff Green is very strong - Celtics Blog http:// aggbot.com/Boston-Celtics -News/article/24143628 …;;;;5,36591E+17;https://twitter.com/the_Celts/status/536591356190531584
GeekTimeNews;23/11/2014 16:36;0;0;NBA trade rumor: The market for Jeff Green is very strong http:// dlvr.it/7cM4Dn;;;;5,36589E+17;https://twitter.com/GeekTimeNews/status/536589131938152448
JazzJargon;23/11/2014 16:27;0;0;“ @celticsblog : NBA trade rumor: The market for Jeff Green is very strong http:// sbnation.com/e/7035584 ” green would fit nicely in Utah..;;@celticsblog;;5,36587E+17;https://twitter.com/JazzJargon/status/536586843371098112
Mike_Ganss;23/11/2014 16:22;0;0;“ @ForeverGreen_ : Report: The market for Jeff Green is 'very strong' (via. @celticsblog ) pic.twitter.com/4FiCFbaHp8 ” DONT YOU FUCKING DARE AINGE!;;@ForeverGreen_ @celticsblog;;5,36586E+17;https://twitter.com/Mike_Ganss/status/536585681586237440
BestBballSwag;23/11/2014 16:22;0;0;Boston Celtics Rumors: Jeff Green Traded Over Rajon Rondo? #HoustonRockets ... - Sports World Report http:// tinyurl.com/k9rswpl;;;#HoustonRockets;5,36586E+17;https://twitter.com/BestBballSwag/status/536585505010634753
ScorBoar;23/11/2014 16:20;0;0;NBA trade rumor: The market for Jeff Green is very strong http:// trib.al/hWGmLon #celtics #BOS;;;#celtics #BOS;5,36585E+17;https://twitter.com/ScorBoar/status/536585195215155201
ForeverGreen_;23/11/2014 16:18;10;6;Report: The market for Jeff Green is 'very strong' (via. @celticsblog ) pic.twitter.com/nmNuXBgb17;;@celticsblog;;5,36585E+17;https://twitter.com/ForeverGreen_/status/536584578492665856
EarthIsFIat;23/11/2014 16:15;2;0;Jeff Green for Lebron James. do it @cavs;;@cavs;;5,36584E+17;https://twitter.com/EarthIsFIat/status/536583916698611712
Sports_Intell;23/11/2014 16:14;0;0;Report: Market for Jeff Green Is 'Stronger' Than Rondo's (via http:// ble.ac/teamstream ) http:// bleacherreport.com/tb/dfs1Q?utm_c ampaign=tsiphone&utm_medium=referral&utm_source=twitter.com …;;;;5,36583E+17;https://twitter.com/Sports_Intell/status/536583493523087361
celticsblog;23/11/2014 16:11;6;6;NBA trade rumor: The market for Jeff Green is very strong http:// sbnation.com/e/7035584 pic.twitter.com/PIAAKRF4ls;;;;5,36583E+17;https://twitter.com/celticsblog/status/536582763902939137
Radio_Ruddy;23/11/2014 16:00;0;0;Of course - Tondo you'd give up 2 a lot-NBA Market for Jeff Green Is 'Stronger' Than Rondo's ( http:// ble.ac/teamstream ) http:// bleacherreport.com/tb/dfs1Q?utm_c ampaign=tsiphone&utm_medium=referral&utm_source=twitter.com …;;;;5,3658E+17;https://twitter.com/Radio_Ruddy/status/536580152449593344
nedmahoney;23/11/2014 15:53;0;0;My Town: Needham, MA Daily is out! http:// paper.li/nedmahoney/135 3422900 … Stories via @hiddenboston @JeffGreen @artsboston;;@hiddenboston @JeffGreen @artsboston;;5,36578E+17;https://twitter.com/nedmahoney/status/536578319010234368
b2bmarketnews;23/11/2014 15:43;0;0;Boston Celtics trade rumors 2014: Jeff Green , Brandon Bass drawing interest… http:// goo.gl/fb/xblYNR #b2bmarketplace;;;#b2bmarketplace;5,36576E+17;https://twitter.com/b2bmarketnews/status/536575723520028673
Timi_093;23/11/2014 15:30;2;1;Jeff Green , wow. https:// vine.co/v/O5YEJjVbhQe;;;;5,36573E+17;https://twitter.com/Timi_093/status/536572597518233600
rjplacko;23/11/2014 15:22;0;0;Great. So trade him now, Danny! MT “ @basketballtalk : Report: FA market for Jeff Green is as strong ‘if not stronger’ than it is for Rondo”;;@basketballtalk;;5,3657E+17;https://twitter.com/rjplacko/status/536570397173755904
JakezNYC;23/11/2014 15:15;0;0;Lots of talk about Marc Gasol being prime target for NY Knicks in offseason. No one is mentioning Jeff Green who cud fit well in triangle.;;;;5,36569E+17;https://twitter.com/JakezNYC/status/536568686950510593
JDawt;23/11/2014 14:47;0;0;@JeffEsquire @AirInDanYell @FeministaJones @ChefWaites lol @Jeff Green .;;@JeffEsquire @AirInDanYell @FeministaJones @ChefWaites @Jeff;;5,36562E+17;https://twitter.com/JDawt/status/536561768110497794
JeffEsquire;23/11/2014 14:45;0;0;Jeff Green and @AirInDanYell “ @FeministaJones : #MelliGras I only know @ChefWaites in this pic lol pic.twitter.com/Ya6F659XNQ ”;;@AirInDanYell @FeministaJones @ChefWaites;#MelliGras;5,36561E+17;https://twitter.com/JeffEsquire/status/536561170581561345
Rtwenty1A;23/11/2014 14:15;0;0;"Lol  @hoopshype : Jeff Green , Brandon Bass drawing interest + Cavs interested in Kirilenko? http:// bit.ly/1hKUSdo pic.twitter.com/zL7fby74np """"";;@hoopshype;;5,36554E+17;https://twitter.com/Rtwenty1A/status/536553752032210944
BarriHoopsHype;23/11/2014 14:14;0;1;Jeff Green , Brandon Bass drawing interest + Cavs interested in Andrei Kirilenko? http:// bit.ly/1hKUSdo pic.twitter.com/rVFpnxf5UR;;;;5,36553E+17;https://twitter.com/BarriHoopsHype/status/536553431058903040
hoopshype;23/11/2014 14:14;15;9;Jeff Green , Brandon Bass drawing interest + Cavs interested in Andrei Kirilenko? http:// bit.ly/1hKUSdo pic.twitter.com/kOOYC4QLkD;;;;5,36553E+17;https://twitter.com/hoopshype/status/536553293900972032
bbnational;23/11/2014 14:14;0;0;Report: Free agent market for Jeff Green is as ‘if not er’ than it is for Rajon Rondo (NBC Sports) | http:// bskt.in/ldp9;;;;5,36553E+17;https://twitter.com/bbnational/status/536553276003860480
TNJ_NBA;23/11/2014 14:06;0;0;Report: Free agent market for Jeff Green is as strong ‘if not stronger’ than it is for Rajon Rondo: Combinatio... http:// bit.ly/1qUxDUP;;;;5,36551E+17;https://twitter.com/TNJ_NBA/status/536551459374919680
MRSOULINN;23/11/2014 14:06;0;0;RT @basketballtalk Report: Free agent market for Jeff Green is as strong ‘if not stronger’ than it is for Rajon Rondo http:// dlvr.it/7cJVG8;;@basketballtalk;;5,36551E+17;https://twitter.com/MRSOULINN/status/536551371496235008
forevershinin;23/11/2014 14:04;0;0;" @basketballtalk : Report: Free agent market for Jeff Green is as strong ‘if not stronger’ than it is for Rajon Rondo http:// dlvr.it/7cJVG8 """"";;@basketballtalk;;5,36551E+17;https://twitter.com/forevershinin/status/536550879307247617
RealBasketFlow;23/11/2014 14:03;0;0;" @basketballtalk : Report: Free agent market for Jeff Green is as strong ‘if not stronger’ than it is for Rajon Rondo http:// dlvr.it/7cJVG8 """"";;@basketballtalk;;5,36551E+17;https://twitter.com/RealBasketFlow/status/536550523638648832
xtbball;23/11/2014 14:02;0;0;#NBAnews #basketball Report: Free agent market for Jeff Green is as strong ‘if not stronger’ than it is for Rajon ... http:// ow.ly/2R5htu;;;#NBAnews #basketball;5,3655E+17;https://twitter.com/xtbball/status/536550473684512769
FastBreakPlay;23/11/2014 14:02;0;0;#NBA Wire: Report: Free agent market for Jeff Green is as strong ‘if not stronger’ than it… http:// player.ps/1C1k1f5 http:// fastbreakplay.com;;;#NBA;5,3655E+17;https://twitter.com/FastBreakPlay/status/536550345493594112
basketballtalk;23/11/2014 14:02;15;16;Report: Free agent market for Jeff Green is as strong ‘if not stronger’ than it is for Rajon Rondo http:// dlvr.it/7cJVG8;;;;5,3655E+17;https://twitter.com/basketballtalk/status/536550331161669632
grizzliespress;23/11/2014 14:02;0;0;#NBA Wire: Report: Free agent market for Jeff Green is as strong ‘if not stronger’ than it… http:// player.ps/1C1jWbf http:// playerpress.com;;;#NBA;5,3655E+17;https://twitter.com/grizzliespress/status/536550300648091648
Baller_Training;23/11/2014 14:01;0;0;Basketball Training Report: Free agent market for Jeff Green is as strong ‘if not stronger’ than it is for Rajon R... http:// ow.ly/2R5gA1;;;;5,3655E+17;https://twitter.com/Baller_Training/status/536550137204846592
basketball_men;23/11/2014 14:01;0;0;Basketball Training Report: Free agent market for Jeff Green is as strong ‘if not stronger’ than it is for Rajon R... http:// ow.ly/2R5gz4;;;;5,3655E+17;https://twitter.com/basketball_men/status/536550126794604544
nbcprobballtalk;23/11/2014 14:00;0;0;Report: Free agent market for Jeff Green is as strong ‘if not stronger’ than it is for Rajon Rondo http:// wp.me/p14QT0-32kw;;;;5,3655E+17;https://twitter.com/nbcprobballtalk/status/536549953393278976
TheAudman;23/11/2014 14:00;0;0;Report: Free agent market for Jeff Green is as strong ‘if not stronger’ than it is for Rajon Rondo: Combinatio... http:// bit.ly/1qUvN6f;;;;5,3655E+17;https://twitter.com/TheAudman/status/536549896577220608
LuigiLiguori;23/11/2014 14:00;0;0;"Jeff Green : I'm tired of losing"" http:// dlvr.it/7cJKst""";;;;5,3655E+17;https://twitter.com/LuigiLiguori/status/536549885160345601
TBPBasket;23/11/2014 14:00;0;0;"Jeff Green : I'm tired of losing"" http:// dlvr.it/7cJHfq""";;;;5,3655E+17;https://twitter.com/TBPBasket/status/536549883637809152
PlayerlineNBA;23/11/2014 14:00;0;0;"Jeff Green said that his frustration level was at an all-time high"" after Friday's loss to Memphis. http:// pline.co/r/WIj6f8C #JeffGreen""";;;#JeffGreen;5,3655E+17;https://twitter.com/PlayerlineNBA/status/536549776855400450
1013ESPN;23/11/2014 13:35;0;0;TONIGHT: Jeff Green and the #Celtics host the #TrailBlazers . Coverage begins at 5:30 pm on 960 The Zone.;;;#Celtics #TrailBlazers;5,36544E+17;https://twitter.com/1013ESPN/status/536543502260531200
LuigiLiguori;23/11/2014 13:22;0;0;"Jeff Green : I'm tired of losing"" http:// dlvr.it/7cHcJZ #basketball""";;;#basketball;5,3654E+17;https://twitter.com/LuigiLiguori/status/536540223518175233
TBPBasket;23/11/2014 13:22;0;0;"Jeff Green : I'm tired of losing"" http:// dlvr.it/7cHfmS""";;;;5,3654E+17;https://twitter.com/TBPBasket/status/536540202924134400
GarrySlickVII;23/11/2014 12:08;0;0;@Steve_OS @cjzero @TroyMachir jeff green did it last year;;@Steve_OS @cjzero @TroyMachir;;5,36522E+17;https://twitter.com/GarrySlickVII/status/536521566830727168
NBALineupsDaily;23/11/2014 12:02;0;0;Projected NBA Lineup 11/23/14 #Celtics PG Rajon Rondo SG Avery Bradley SF Jeff Green PF Jared Sullinger C Kelly Olynyk;;;#Celtics;5,3652E+17;https://twitter.com/NBALineupsDaily/status/536520289920630784
ryenarussillo;23/11/2014 11:34;25;28;Was surprised to read this morning a league source saying market for Jeff Green would be stronger than market for Rondo.;;;;5,36513E+17;https://twitter.com/ryenarussillo/status/536513172031959040
jayo1O;23/11/2014 11:25;2;0;"Via @SherrodbCSN League executive says Jeff Green 's market is as strong, if not stronger"" than Rondo's: ... http:// m.tmi.me/1eSfvG""";;@SherrodbCSN;;5,36511E+17;https://twitter.com/jayo1O/status/536510948002250752
RealBasketFlow;23/11/2014 09:33;0;0;" @paxer89 : Jeff Green : 'I'm tired of losing' http://www. sportando.com/en/usa/nba/142 215/jeff-green-i-m-tired-of-losing.html … """"";;@paxer89;;5,36483E+17;https://twitter.com/RealBasketFlow/status/536482583841091584
Droigcervera;23/11/2014 09:25;0;0;RT @paxer89 : Jeff Green : 'I'm tired of losing' http://www. sportando.com/en/usa/nba/142 215/jeff-green-i-m-tired-of-losing.html …;;@paxer89;;5,36481E+17;https://twitter.com/Droigcervera/status/536480677869654016
hoop_talent;23/11/2014 09:18;0;0;#NBA #NCAAB Sportando: Jeff Green : 'I'm tired of losing': He may opt out of his contract at the end of the season http:// bit.ly/1vBArqZ;;;#NBA #NCAAB;5,36479E+17;https://twitter.com/hoop_talent/status/536478926751555584
paxer89;23/11/2014 09:06;5;1;Jeff Green : 'I'm tired of losing' http://www. sportando.com/en/usa/nba/142 215/jeff-green-i-m-tired-of-losing.html …;;;;5,36476E+17;https://twitter.com/paxer89/status/536475783242317824
TommyNewG;23/11/2014 06:13;0;0;#JeffGreen 's frustration at an 'all-time high' http://www. csnne.com/boston-celtics /greens-frustration-all-time-high … #Celtics;;;#JeffGreen #Celtics;5,36432E+17;https://twitter.com/TommyNewG/status/536432276540628992
KHALIDKhan91;23/11/2014 05:41;0;0;@akws7 I guess the aging of Paul Pierce made it look even thinner in the last couple years. Always thought Jeff Green had the talent to...;;@akws7;;5,36424E+17;https://twitter.com/KHALIDKhan91/status/536424160839614464
MohammedBugi32;23/11/2014 04:12;0;0;Suangar jeff Green @HoopVine : Jeff Green Spins Off One Morris Bro, And Dunks On The Other! https:// vine.co/v/OJaJ1jJz7A6;;@HoopVine;;5,36402E+17;https://twitter.com/MohammedBugi32/status/536401996282998784
JGreeneNBA;23/11/2014 01:21;0;0;"I can't even say that Jeff Green is better than Jamal Crawford without laughing because I know I'm lying."" - Brother ( @JCrossover )""";;@JCrossover;;5,36359E+17;https://twitter.com/JGreeneNBA/status/536358748877750272
HornetsSocial;23/11/2014 01:03;0;0;SOURCES: #Celtics turned down #Hornets offer of MKG, Marvin Williams & 1st Rounder for Jeff Green & Brandon Bass… http:// dlvr.it/7c3NXM;;;#Celtics #Hornets;5,36354E+17;https://twitter.com/HornetsSocial/status/536354212456570880
BostonCelticsSo;23/11/2014 01:03;0;0;SOURCES: #Celtics turned down #Hornets offer of MKG, Marvin Williams & 1st Rounder for Jeff Green & Brandon Bass… http:// dlvr.it/7c3H0X;;;#Celtics #Hornets;5,36354E+17;https://twitter.com/BostonCelticsSo/status/536354212116852737
xKDGx;23/11/2014 00:50;2;0;Still to this day had OKC kept Jeff Green they probably would have had at least one title by now;;;;5,36351E+17;https://twitter.com/xKDGx/status/536351153882025986
gilligillespie;23/11/2014 00:42;0;2;@m1keough @jeffgreen _25 awww thanks pic.twitter.com/zMuTYrnHsx;;@m1keough @jeffgreen;;5,36349E+17;https://twitter.com/gilligillespie/status/536348959342485506
mattycurrie03;23/11/2014 00:30;0;0;Cheese burgers! @jeffgreen _25;;@jeffgreen;;5,36346E+17;https://twitter.com/mattycurrie03/status/536346076102795264
mattycurrie03;23/11/2014 00:19;0;0;@jeffgreen _25 he backs it up;;@jeffgreen;;5,36343E+17;https://twitter.com/mattycurrie03/status/536343239390138368
mattycurrie03;23/11/2014 00:18;0;0;@jeffgreen _25 Lowry for mvp;;@jeffgreen;;5,36343E+17;https://twitter.com/mattycurrie03/status/536343031625306112
OMahoneyJulie;23/11/2014 00:10;0;0;★Pluto, Scorpio and the 8th house correlate with the phenomenon of suicide. By Jeff Green ★ http:// fb.me/2S68A7g58;;;;5,36341E+17;https://twitter.com/OMahoneyJulie/status/536340935693852672
NBAandNFLInfo;23/11/2014 00:07;24;9;SOURCES: #Celtics turned down #Hornets offer of MKG, Marvin Williams & 1st Rounder for Jeff Green & Brandon Bass ---> http:// shar.es/1XCiKp;;;#Celtics #Hornets;5,3634E+17;https://twitter.com/NBAandNFLInfo/status/536340159126454273
CornyDaOutlaw;22/11/2014 23:59;0;0;Jeff green with the hot take;;;;5,36338E+17;https://twitter.com/CornyDaOutlaw/status/536338134322405376
memphis2222;22/11/2014 22:58;0;0;Jeff Green 's Frustration Evident After Latest Defeat http:// zpzp.eu/a.php?url=http ://dlvr.it/7c1qQM …;;;;5,36323E+17;https://twitter.com/memphis2222/status/536322892804268032
DamierTev;22/11/2014 22:58;0;0;@_ACTIONRONSON Hibbert or Tyson for Jeff Green ?;;@_ACTIONRONSON;;5,36323E+17;https://twitter.com/DamierTev/status/536322748843589632
MidasNik;22/11/2014 22:56;0;0;Raptors should trade terrence ross for jeff green . Tross is not a sf.;;;;5,36322E+17;https://twitter.com/MidasNik/status/536322383024762881
bostonnewsce;22/11/2014 22:46;0;0;Jeff Green 's Frustration Evident After Latest Defeat http:// zpzp.eu/a.php?url=http ://dlvr.it/7c1Xh0 …;;;;5,3632E+17;https://twitter.com/bostonnewsce/status/536319808699002880
Jhickness9;22/11/2014 22:13;1;1;@anthonyVslater I know this sounds funky but if Reggie walks anyway OKC looks to bringing Jeff Green back and putting Christon behind RW?;;@anthonyVslater;;5,36312E+17;https://twitter.com/Jhickness9/status/536311603625730048
DaveCapone;22/11/2014 21:44;0;0;Jeff Green and Jimmy on the Perimeter smh we'd be so Real;;;;5,36304E+17;https://twitter.com/DaveCapone/status/536304209843716096
Jamie_Vargas;22/11/2014 20:57;0;0;"I am too smh RT @CSNNE : Frustrated Jeff Green ""tired of losing"" writes @SherrodbCSN http:// cmcst.sn/t31 #CelticsTalk """"";;@CSNNE @SherrodbCSN;#CelticsTalk;5,36293E+17;https://twitter.com/Jamie_Vargas/status/536292512747356160
NBCSBoston;22/11/2014 20:55;2;1;"Frustrated Jeff Green tired of losing"" writes @SherrodbCSN #CelticsTalk http:// cmcst.sn/t31""";;@SherrodbCSN;#CelticsTalk;5,36292E+17;https://twitter.com/NBCSBoston/status/536291794762616832
DBarzay;22/11/2014 20:38;0;0;@bart__92 jeff green :);;@bart__92;;5,36288E+17;https://twitter.com/DBarzay/status/536287605319798784
JustinCondo;22/11/2014 20:25;0;0;"“ @CSNNE : Frustrated Jeff Green tired of losing"" writes @SherrodbCSN http:// cmcst.sn/t31 #CelticsTalk ” @danielrainge""";;@CSNNE @SherrodbCSN @danielrainge;#CelticsTalk;5,36284E+17;https://twitter.com/JustinCondo/status/536284282180734976
CLNS_Prescott;22/11/2014 19:59;1;0;Jeff Green frustrated with latest string of losses @CLNSRadio @Celtics_Beat http:// clnsradio.com/boston-celtics -news/item/11012-jeff-green-s-frustration-evident-after-latest-defeat … #CLNS #CelticsTalk;;@CLNSRadio @Celtics_Beat;#CLNS #CelticsTalk;5,36278E+17;https://twitter.com/CLNS_Prescott/status/536277794880512000
NBCSBoston;22/11/2014 19:00;8;7;"Frustrated Jeff Green tired of losing"" writes @SherrodbCSN http:// cmcst.sn/t31 #CelticsTalk""";;@SherrodbCSN;#CelticsTalk;5,36263E+17;https://twitter.com/NBCSBoston/status/536262899183132672
bleacherbum099;22/11/2014 17:11;0;0;heh got rid of Jeff Green and Turner in one trade for Favors in 2K. ha \o/.;;;;5,36235E+17;https://twitter.com/bleacherbum099/status/536235435908136960
YoungSatan_10;22/11/2014 16:55;0;0;Westbrook for Rondo and Jeff Green;;;;5,36231E+17;https://twitter.com/YoungSatan_10/status/536231472902860800
10_40_EAZZY;22/11/2014 16:52;1;0;Jeff Green got the fucking nerve..;;;;5,36231E+17;https://twitter.com/10_40_EAZZY/status/536230853161259008
93Overall;22/11/2014 16:15;0;0;I would love to see Jeff Green on the Bulls.;;;;5,36221E+17;https://twitter.com/93Overall/status/536221395030917120
mylesaheadd;22/11/2014 15:57;0;0;@CTowersCBS I traded Derozan + Parker for Westbrook and also traded Jeff Green + Jennings for Batum in a points league, thoughts?;;@CTowersCBS;;5,36217E+17;https://twitter.com/mylesaheadd/status/536216938566144000
wittygene_;22/11/2014 15:41;0;0;We get Jeff green , I don’t know if I like it!!!;;;;5,36213E+17;https://twitter.com/wittygene_/status/536212993227644930
BenStandig;22/11/2014 13:47;2;2;Hoyas-Robert Morris preview: JT3 compares freshman to Jeff Green ? Yep, he sure does. http://www. csnwashington.com/ncaa/hoyas-rob ert-morris-jt3-compares-freshman-jeff-green …;;;;5,36184E+17;https://twitter.com/BenStandig/status/536184081877192704
DHumpOfficial;22/11/2014 13:35;0;0;The clippers need a 3 .. go get Jeff green or something;;;;5,36181E+17;https://twitter.com/DHumpOfficial/status/536181114491371520
DannyWhitcombe;22/11/2014 13:01;0;0;@TJersReddan @dudsNOTdud Uncle Drew will be traded for rondo and jeff green at the trade deadline #bookit;;@TJersReddan @dudsNOTdud;#bookit;5,36173E+17;https://twitter.com/DannyWhitcombe/status/536172702693081089
GiterDoneSports;22/11/2014 06:56;0;0;Jeff Green Put On a Dunking Clinic Against the Suns http:// j.mp/1HpMyLp #bostonceltics #celtics;;;#bostonceltics #celtics;5,36081E+17;https://twitter.com/GiterDoneSports/status/536080862245183488
BostonCelticsnw;22/11/2014 06:41;0;0;Will Rajon Rondo and Jeff Green Both Be Boston Celtics at End of the Year? - Bleacher Report http:// dlvr.it/7bhS6n;;;;5,36077E+17;https://twitter.com/BostonCelticsnw/status/536077011945410560
swaggyty0;22/11/2014 06:35;0;1;" @PAPPYGAWD : Jeff Greene or Nic Batum?"" Jeff Green""";;@PAPPYGAWD;;5,36076E+17;https://twitter.com/swaggyty0/status/536075538188996608
J_Poston_;22/11/2014 06:35;0;0;" @PAPPYGAWD : Jeff Greene or Nic Batum?"" Jeff Green""";;@PAPPYGAWD;;5,36075E+17;https://twitter.com/J_Poston_/status/536075464943869952
ClassKingCole;22/11/2014 06:35;1;0;“ @PAPPYGAWD : Jeff Greene or Nic Batum?” Jeff Green;;@PAPPYGAWD;;5,36075E+17;https://twitter.com/ClassKingCole/status/536075405179228160
ChicagoBullsnew;22/11/2014 05:45;0;0;Chicago Bulls Rumors: Greg Monroe Trade, Dion Waiters, Jeff Green Options If ... - Sports World Report http:// dlvr.it/7bgSFY;;;;5,36063E+17;https://twitter.com/ChicagoBullsnew/status/536062791161876480
LONG_LIVE_JAMIR;22/11/2014 05:08;0;1;@TipsFromMrTony i feel like we do have a chance actually haha! We've got good role players and Jeff Green will step up. Plus Rondo is;;@TipsFromMrTony;;5,36053E+17;https://twitter.com/LONG_LIVE_JAMIR/status/536053499126353920
FA_Contributors;22/11/2014 04:14;0;0;#Fantasy Recommendation by @jimpemba777 :Jeff #Green -F The Celtics won\'t win many ga... http:// bit.ly/1FcsbiV #NBA #Celtics;;@jimpemba777;#Fantasy #Green #NBA #Celtics;5,3604E+17;https://twitter.com/FA_Contributors/status/536040040040644608
FantasyAlarmCom;22/11/2014 04:14;0;0;#Fantasy Recommendation by @jimpemba777 :Jeff #Green -F The Celtics won\'t win many ga... http:// bit.ly/1FcsbiV #NBA #Celtics;;@jimpemba777;#Fantasy #Green #NBA #Celtics;5,3604E+17;https://twitter.com/FantasyAlarmCom/status/536040037931307008
Fantasy_Alarm;22/11/2014 04:14;0;1;#Fantasy Recommendation by @jimpemba777 :Jeff #Green -F The Celtics won\\\'t win many ga... http:// bit.ly/1FcsbiV #NBA #Celtics;;@jimpemba777;#Fantasy #Green #NBA #Celtics;5,3604E+17;https://twitter.com/Fantasy_Alarm/status/536040033539874816
YaserCet;22/11/2014 04:11;0;0;Jeff Green ! https:// vine.co/v/OJaJ1jJz7A6;;;;5,36039E+17;https://twitter.com/YaserCet/status/536039128987877376
FantasyAlarmNBA;22/11/2014 03:25;0;0;News Alarm: Jeff Green (SF - Bos) Jeff Green scored 12 points (3-11 FGA/ 6-8 FTA) with six rebounds, four assists... http://www. NBAAlarm.com;;;;5,36028E+17;https://twitter.com/FantasyAlarmNBA/status/536027606018043906
FantasyAlarm;22/11/2014 03:25;0;0;News Alarm: Jeff Green (SF - Bos) Jeff Green scored 12 points (3-11 FGA/ 6-8 FTA) with six rebounds, four assists... http://www. NBAAlarm.com;;;;5,36028E+17;https://twitter.com/FantasyAlarm/status/536027590444601344
jaisun_007;22/11/2014 02:55;0;0;@KGTrashTalk why Jeff green don't be taking at least 20 shots a game #he 'swhack;;@KGTrashTalk;#he;5,3602E+17;https://twitter.com/jaisun_007/status/536020082040664064
NBCSBoston;22/11/2014 02:03;0;0;Stars, studs and duds: Jeff Green and Rajon Rondo struggle vs. #Grizzlies http:// cmcst.sn/gxX pic.twitter.com/gK36nTlK3j;;;#Grizzlies;5,36007E+17;https://twitter.com/NBCSBoston/status/536006909716103168
MQC_HG;22/11/2014 02:00;1;0;@_BigBankkShawty we need more we only got rondo nd Jeff Green Dominating;;@_BigBankkShawty;;5,36006E+17;https://twitter.com/MQC_HG/status/536006382064238592
The_Menace901;22/11/2014 01:56;0;1;I think Jeff Green was a non factor tonight. Contrary to popular belief pic.twitter.com/CA4CpAfGj5;;;;5,36005E+17;https://twitter.com/The_Menace901/status/536005270346792961
Jacob_Cohen9;22/11/2014 01:54;0;0;#RealTalk tony parker has timmy, manu, and Leonard. Curry has Thompson. Drose always dead. Kyrie has LeChoke and love. Rondo= Jeff Green ...;;;#RealTalk;5,36005E+17;https://twitter.com/Jacob_Cohen9/status/536004875809611776
CelticsMNL;22/11/2014 01:31;1;0;Celtics-Grizzlies recap: RT @MrTrpleDouble10 : Jeff Green 's look sums it up: pic.twitter.com/adNDRAKOGf;;@MrTrpleDouble10;;5,35999E+17;https://twitter.com/CelticsMNL/status/535998964776988672
charlottehassen;22/11/2014 01:30;0;1;If I've said it once, I've said it a hundred times: Suck it, Jeff Green . #gogrizz #godores;;;#gogrizz #godores;5,35999E+17;https://twitter.com/charlottehassen/status/535998792991256577
IRideSolo3;22/11/2014 01:30;0;0;“ @__NoWayJose : Jeff Green got to get outta Boston.” & rondo;;@__NoWayJose;;5,35999E+17;https://twitter.com/IRideSolo3/status/535998757180276737
_mrhester;22/11/2014 01:22;0;0;ive always thought jeff green would be a perfect fit for the grizz.;;;;5,35997E+17;https://twitter.com/_mrhester/status/535996747412033536
EspiriTruth;22/11/2014 01:22;0;0;Boston Celtics 100 (4-7) - Memphis Grizzlies 117 (11-2) Jeff Green w/ 12 points-6 boards-4 dimes. #UncleJeff #JeffGreen #Celtics;;;#UncleJeff #JeffGreen #Celtics;5,35997E+17;https://twitter.com/EspiriTruth/status/535996620886642688
Jamie_Vargas;22/11/2014 01:22;0;0;Jeff Green was not happy pic.twitter.com/8EZ8FKQcte;;;;5,35997E+17;https://twitter.com/Jamie_Vargas/status/535996612061847552
AusCelticsFan;22/11/2014 01:20;0;0;F**k this ish. RT @MrTrpleDouble10 : Jeff Green 's look sums it up: pic.twitter.com/Qz4MlxNMzR;;@MrTrpleDouble10;;5,35996E+17;https://twitter.com/AusCelticsFan/status/535996159416729600
jayo1O;22/11/2014 01:19;7;10;Jeff Green 's look sums it up: pic.twitter.com/HhEEUgz1ch;;;;5,35996E+17;https://twitter.com/jayo1O/status/535996034217172992
_SethMade;22/11/2014 01:13;0;0;Jeff Green is upset. #CelticsTalk;;;#CelticsTalk;5,35995E+17;https://twitter.com/_SethMade/status/535994539601698816
dreamvillle;22/11/2014 01:11;0;0;@TylerIAm @Adamatopoeia Siberia might could have Corey Brewer, Wilson Chandler and Jeff Green . Trade on the table?;;@TylerIAm @Adamatopoeia;;5,35994E+17;https://twitter.com/dreamvillle/status/535993909730902017
Marcissistic;22/11/2014 01:06;0;0;@jefflowen important update: RT @GwashburnGlobe : Jon Leuer just drove by Jeff Green off the dribble for a layup. Ugh #celtics;;@jefflowen @GwashburnGlobe;#celtics;5,35993E+17;https://twitter.com/Marcissistic/status/535992789721694209
steelbanks;22/11/2014 01:01;0;0;@KWAPT Jeff Green !;;@KWAPT;;5,35991E+17;https://twitter.com/steelbanks/status/535991418481688577
bballbreakdown;22/11/2014 01:00;1;1;Dont miss our breakdown of the Top 3 Plays of the Week. Jeff Green vicious slam, Steph behind back pass,Clippers lobs http:// bit.ly/1yAmRlx;;;;5,35991E+17;https://twitter.com/bballbreakdown/status/535991219088654336
charlottehassen;22/11/2014 00:53;1;1;In other news, I'm watching the Grizz play the Celtics and Jeff Green was called for a travel and I laaaaughed.;;;;5,3599E+17;https://twitter.com/charlottehassen/status/535989533507321856
NEPD_Loyko;22/11/2014 00:51;0;0;Vintage Jeff Green RT @GwashburnGlobe : Jon Leuer just drove by Jeff Green off the dribble for a layup. Ugh #celtics;;@GwashburnGlobe;#celtics;5,35989E+17;https://twitter.com/NEPD_Loyko/status/535988969490878464
AndrewAllenVT;22/11/2014 00:51;0;0;Jeff Green just got embarassed playing defense #CelticsTalk;;;#CelticsTalk;5,35989E+17;https://twitter.com/AndrewAllenVT/status/535988918085492736
GwashburnGlobe;22/11/2014 00:51;2;2;Jon Leuer just drove by Jeff Green off the dribble for a layup. Ugh #celtics;;;#celtics;5,35989E+17;https://twitter.com/GwashburnGlobe/status/535988871754833920
scottriver1;22/11/2014 00:39;0;0;@CSNTommy Where did Jeff green go? Memphis doesn't have anybody that can guard him.;;@CSNTommy;;5,35986E+17;https://twitter.com/scottriver1/status/535985885997592576
Tigerblueblood;22/11/2014 00:35;0;0;Jeff Green ...HE WIT US! @aa000G9 voice;;@aa000G9;;5,35985E+17;https://twitter.com/Tigerblueblood/status/535984945710518273
lordofultima;22/11/2014 00:26;0;0;JEFF GREEN FINALLY HIT THE GUTTER http://www. twitch.tv/greenspeak;;;;5,35983E+17;https://twitter.com/lordofultima/status/535982647978516480
FlyerGrizBlog;22/11/2014 00:22;1;3;All things considered, I’m glad the Grizzlies didn’t do the Rudy Gay for Jeff Green trade that was on the table back in the day.;;;;5,35982E+17;https://twitter.com/FlyerGrizBlog/status/535981708647350274
jakesexton35;22/11/2014 00:19;0;0;I guess Jeff Green all of a sudden decided to TAKE FLIGHT this year...;;;;5,35981E+17;https://twitter.com/jakesexton35/status/535980762659819520
bballbreakdown;22/11/2014 00:18;0;1;No Thanks! RT @cashmoneyben20 : @bballbreakdown Jeff Green should give him lessons;;@cashmoneyben20 @bballbreakdown;;5,35981E+17;https://twitter.com/bballbreakdown/status/535980503963168768
MikeBrownImages;22/11/2014 00:15;0;1;. @MarcGasol blocks a shot by Jeff Green , has game high of 13 at half. @memgrizz lead @celtics 55-41 at half. pic.twitter.com/8MlkhPp6qx;;@MarcGasol @memgrizz @celtics;;5,3598E+17;https://twitter.com/MikeBrownImages/status/535979919398817792
J_Schontten;22/11/2014 00:15;0;0;@juan_afre19 ill give you wiggins and Danny green for paul or Jeff green ?;;@juan_afre19;;5,3598E+17;https://twitter.com/J_Schontten/status/535979868115464192
celticaustralia;21/11/2014 23:59;0;0;HALFTIME: #Celtics trial 41-55. Jeff Green with 6, Sullinger 5, Zeller & Bradley 4.;;;#Celtics;5,35976E+17;https://twitter.com/celticaustralia/status/535975906469093376
MacleanNBA;21/11/2014 23:59;0;0;Cs trail Memphis 55-41 at the half. Marcus Thornton leads all Celtics with 7 off the bench. Jeff Green has 6p, 3r. Gasol w/ 13 and 6.;;;;5,35976E+17;https://twitter.com/MacleanNBA/status/535975858100781056
DarthHoya;21/11/2014 23:58;0;0;"JT3 on L.J. Peak: He's Similar to Jeff Green "" http:// ift.tt/1AvgS5C""";;;;5,35976E+17;https://twitter.com/DarthHoya/status/535975685526126592
34Shane09;21/11/2014 23:54;0;0;The #Celtics should be feeding Jeff Green . Prince cannot guard him.;;;#Celtics;5,35974E+17;https://twitter.com/34Shane09/status/535974457840766976
CelticWelch;21/11/2014 23:52;0;0;Has Jeff Green seen the floor in the second quarter???? #celticstalk;;;#celticstalk;5,35974E+17;https://twitter.com/CelticWelch/status/535973961793036289
SloppyyyJoee;21/11/2014 23:42;2;0;The real Jeff Green is coming back;;;;5,35972E+17;https://twitter.com/SloppyyyJoee/status/535971598227218432
HoyasSpyder;21/11/2014 23:32;0;0;"[SB Nation: Casual Hoya] JT3 on L.J. Peak: He's Similar to Jeff Green "" http:// bit.ly/1HwSFO7 #Georgetown #Hoyas""";;;#Georgetown #Hoyas;5,35969E+17;https://twitter.com/HoyasSpyder/status/535968967643639808
zrpClippers;21/11/2014 23:31;0;0;@fosterdj Can the Clippers just fuck the system and get Willie Green, Jeff Green , Brandon Bass, Wilson Chandler and Elton Brand?;;@fosterdj;;5,35969E+17;https://twitter.com/zrpClippers/status/535968825788071936
sbncollege;21/11/2014 23:29;0;0;"JT3 on L.J. Peak: He's Similar to Jeff Green "" http://www. casualhoya.com/2014/11/21/726 5667/georgetown-hoyas-lj-peak-john-thompson-jeff-green …""";;;;5,35968E+17;https://twitter.com/sbncollege/status/535968237029449728
jcdell24;21/11/2014 23:19;0;0;This nigga jeff green travels every game;;;;5,35966E+17;https://twitter.com/jcdell24/status/535965839347167232
SteveBHoop;21/11/2014 23:19;2;2;TO w/5:57 left in 1st Q. Celts trail Grizz 16-7. Jeff Green called for traveling... Yes, walking in Memphis. #iapologize #sortof;;;#iapologize #sortof;5,35966E+17;https://twitter.com/SteveBHoop/status/535965835811356672
BobbyBancroft;21/11/2014 23:18;1;2;"Enjoy your weekend everybody! RT @CasualHoya JT3 on L.J. Peak: He's Similar to Jeff Green "" http:// sbnation.com/e/7029708""";;@CasualHoya;;5,35966E+17;https://twitter.com/BobbyBancroft/status/535965632530235392
ebruds369;21/11/2014 23:18;0;0;What else is Jeff green suppose to do there?;;;;5,35966E+17;https://twitter.com/ebruds369/status/535965556495884289
Alex_DaLuz;21/11/2014 23:18;0;1;Awesome. Gonna be one of those lethargic Jeff Green performances. #CelticsTalk;;;#CelticsTalk;5,35966E+17;https://twitter.com/Alex_DaLuz/status/535965528310153217
CasualHoya;21/11/2014 23:17;5;8;"JT3 on L.J. Peak: He's Similar to Jeff Green "" http:// sbnation.com/e/7029708""";;;;5,35965E+17;https://twitter.com/CasualHoya/status/535965344121495552
LucidSportsFan;21/11/2014 23:15;1;1;Memo to Jeff Green : Just because you can get a 3 off w/o being blocked doesn't mean you're open enough to shoot it w/ 20 sec on shot clock;;;;5,35965E+17;https://twitter.com/LucidSportsFan/status/535964702044880896
celtics;21/11/2014 23:08;157;187;Here’s tonight's @Amtrak Away Game Starting Lineup: Rajon Rondo Avery Bradley Jeff Green Jared Sullinger Kelly Olynyk pic.twitter.com/SxIqlcWQGH;;@Amtrak;;5,35963E+17;https://twitter.com/celtics/status/535963100713734144
JoeMullinax;21/11/2014 23:07;0;0;I am a Jeff Green fan. There, I said it. It's out there. I am not, however, fan enough to pay him what he is owed & lose cap flexibility.;;;;5,35963E+17;https://twitter.com/JoeMullinax/status/535962686476267520
celticaustralia;21/11/2014 23:03;0;0;Jeff Green should do the jump to start the game. Better chance of winning than Olynyk... #nowhewillwin .... #Celtics;;;#nowhewillwin #Celtics;5,35962E+17;https://twitter.com/celticaustralia/status/535961704459284480
NathanConley;21/11/2014 23:01;0;0;@NathanConley Would love him as a replacement for Jeff Green at the Small Forward. Not gonna happen, though. #WishfulThinking;;@NathanConley;#WishfulThinking;5,35961E+17;https://twitter.com/NathanConley/status/535961212132290560
BluesCityJoe;21/11/2014 22:54;0;0;Where all my Jeff Green people at?!?!?! Just kidding.;;;;5,3596E+17;https://twitter.com/BluesCityJoe/status/535959511040016384
communicapa;21/11/2014 22:54;0;3;Congrats on the new Burnaby office @Stantec - we enjoyed the office opening last night & the tour from Jeff Green #FF pic.twitter.com/S8ZTGOvde5;;@Stantec;#FF;5,35959E+17;https://twitter.com/communicapa/status/535959410820931584
TheView617;21/11/2014 22:52;0;2;Only way the Celtics win tonight is Jeff Green going for like 40+, and even then we still probably won't. Sigh;;;;5,35959E+17;https://twitter.com/TheView617/status/535958916862328833
djclubberlang;21/11/2014 22:45;0;0;Match ups like tonight is when Jeff Green needs to step up and lead the charge. Not disappear in the 3rd and 4th quarters;;;;5,35957E+17;https://twitter.com/djclubberlang/status/535957261076951040
JamesCronan;21/11/2014 22:45;1;1;Jeff green needs to average 26 like he's able to;;;;5,35957E+17;https://twitter.com/JamesCronan/status/535957222183145472
3Shadesofblue;21/11/2014 22:44;2;1;Without Q and TA Jeff Green might be an issue tonight.;;;;5,35957E+17;https://twitter.com/3Shadesofblue/status/535956985641189376
BeauregardJones;21/11/2014 22:44;1;0;No Tony no Q.... Well Jeff Green you got off light;;;;5,35957E+17;https://twitter.com/BeauregardJones/status/535956876853530624
CelticWelch;21/11/2014 22:43;0;0;Jeff Green should Own Tashaun Prince tonight #celticstalk;;;#celticstalk;5,35957E+17;https://twitter.com/CelticWelch/status/535956804719886337
DakotaDodge;21/11/2014 22:38;0;0;@Tory1106 I heard that Jeff Green is Tartuffe's mentor. #TartuffeSPI14;;@Tory1106;#TartuffeSPI14;5,35955E+17;https://twitter.com/DakotaDodge/status/535955481584762880
Tory1106;21/11/2014 22:26;0;1;I heard that crazy man Jeff Green is filming tonight! #TartuffeSPI14;;;#TartuffeSPI14;5,35952E+17;https://twitter.com/Tory1106/status/535952456874995713
boomchickayea;21/11/2014 22:16;0;0;Jeff Green is having such a good season man I am so proud of him.;;;;5,3595E+17;https://twitter.com/boomchickayea/status/535949974409076737
basketball_men;21/11/2014 22:03;0;0;Basketball Training Roundball Stew: Green Machine - Matt Stroup breaks down a fast start for Jeff Green , a slow st... http:// ow.ly/2R1seE;;;;5,35947E+17;https://twitter.com/basketball_men/status/535946682245345280
