username;date;retweets;favorites;text;geo;mentions;hashtags;id;permalink
apklein51;14/03/2017 20:36;0;0;Barcelona will be happy to see him arrive in summer!;;;;8,41795E+17;https://twitter.com/apklein51/status/841795138137477121
UmarAbdulmajeed;14/03/2017 20:31;0;0;Barcelona meet with Hector Bellerin 's agent as transfer is imminent http:// fb.me/5DslfCgYn;;;;8,41794E+17;https://twitter.com/UmarAbdulmajeed/status/841793952793694210
DjFlizzyFlame;14/03/2017 20:17;0;0;Media reports that FC Barcelona are in talks with Arsenal over signing Hector Bellerin https:// tmblr.co/ZW7Pnw2JY5lA6;;;;8,4179E+17;https://twitter.com/DjFlizzyFlame/status/841790411748319232
smjabarkhil;14/03/2017 20:00;0;0;I have just bought Hector Bellerin in #dreamleaguesoccer pic.twitter.com/MouFlX85cp;;;#dreamleaguesoccer;8,41786E+17;https://twitter.com/smjabarkhil/status/841786045565943809
Artikeldumay;14/03/2017 19:30;0;0;Hector Bellerin - Hector Bellerin . (AP Photo/Christophe Ena) http:// ow.ly/KXKu50abrkG;;;;8,41779E+17;https://twitter.com/Artikeldumay/status/841778668267573248
FootyPremier;14/03/2017 19:28;0;0;Arsenal in talks with Barcelona over Hector Bellerin sale - http:// plnews.co.uk/arsenal-in-tal ks-with-barcelona-over-hector-bellerin-sale/ … pic.twitter.com/NOKrKBKqi6;;;;8,41778E+17;https://twitter.com/FootyPremier/status/841778080230313984
gbeduhubng;14/03/2017 19:13;0;0;Arsenal in ‘talks’ with Barcelona over sale of right-back “ Hector Bellerin ” https://www. gbeduhub.com/arsenal-talks- barcelona-sale-right-back-hector-bellerin/ … pic.twitter.com/hQ7DQuW93e;;;;8,41774E+17;https://twitter.com/gbeduhubng/status/841774298708774917
BellerinPace;14/03/2017 18:52;0;1;when u see hector bellerin sprinting https:// twitter.com/garylineker/st atus/841763627015237632 …;;;;8,41769E+17;https://twitter.com/BellerinPace/status/841769063911120897
Domque23;14/03/2017 18:12;1;2;@HectorBellerin @Phil_Coutinho welcome to @FCBarcelona_es .!!!;;@HectorBellerin @Phil_Coutinho @FCBarcelona_es;;8,41759E+17;https://twitter.com/Domque23/status/841758955462365184
MadeteIan;14/03/2017 18:11;1;0;@HectorBellerin please dont leave us;;@HectorBellerin;;8,41759E+17;https://twitter.com/MadeteIan/status/841758800243761157
ChatSoccer;14/03/2017 18:10;0;0;Report: Barcelona in Negotiations to Bring Hector Bellerin Back From Arsenal http://www. chatsports.com/soccer/a/sourc e/report-barcelona-in-negotiations-to-bring-hector-bellerin-back-from-arsenal-13354615 … via @chatsports;;@chatsports;;8,41759E+17;https://twitter.com/ChatSoccer/status/841758510534787072
ultra_barcelona;14/03/2017 18:01;0;1;Report: Barcelona in Negotiations to Bring Hector Bellerin Back From Arsenal: According to Diario Sport. The front… http:// dlvr.it/Nd8vFy pic.twitter.com/IyTi5CWePV;;;;8,41756E+17;https://twitter.com/ultra_barcelona/status/841756233270927360
jamesbunyan;14/03/2017 17:59;0;0;his ability to evade the advances of Barcelona;;;;8,41756E+17;https://twitter.com/jamesbunyan/status/841755787756204033
KunaalPuthran1;14/03/2017 17:51;0;0;@HectorBellerin are you leaving arsenal fc and us( your beloved fans)??;;@HectorBellerin;;8,41754E+17;https://twitter.com/KunaalPuthran1/status/841753771025735680
barcanewsonly;14/03/2017 17:50;0;0;#FCBarcelona #Barca #Blaugrana Report: Barcelona in Negotiations to Bring Hector Bellerin Back From Arsenal http:// dld.bz/f5KNe;;;#FCBarcelona #Barca #Blaugrana;8,41753E+17;https://twitter.com/barcanewsonly/status/841753329554358273
BlaugranesBarca;14/03/2017 17:41;2;6;Report: Barcelona in Negotiations to Bring Hector Bellerin Back From Arsenal http://www. barcablaugranes.com/2017/3/14/1492 7202/report-barcelona-transfer-hector-bellerin-from-arsenal?utm_campaign=barcablaugranes&utm_content=chorus&utm_medium=social&utm_source=twitter …;;;;8,41751E+17;https://twitter.com/BlaugranesBarca/status/841751081478692865
luism8989;14/03/2017 17:41;2;1;Report: Barcelona in Negotiations to Bring Hector Bellerin Back From Arsenal http://www. barcablaugranes.com/2017/3/14/1492 7202/report-barcelona-transfer-hector-bellerin-from-arsenal?utm_campaign=luism8989&utm_content=chorus&utm_medium=social&utm_source=twitter …;;;;8,41751E+17;https://twitter.com/luism8989/status/841751080396591104
FCKNCHAMBERS;14/03/2017 17:34;1;7;why does hector bellerin look like lord farquaad from shrek;;;;8,41749E+17;https://twitter.com/FCKNCHAMBERS/status/841749342683820033
barcanewsonly;14/03/2017 17:03;1;2;#FCBarcelona #Barca #Blaugrana Barcelona Transfer News: Latest on Hector Bellerin to Arsenal Rumours http:// dld.bz/f5JYt;;;#FCBarcelona #Barca #Blaugrana;8,41742E+17;https://twitter.com/barcanewsonly/status/841741613739171840
MessiBots;14/03/2017 17:01;0;2;Barcelona have made Arsenal full-back Hector Bellerin (21) a priority target for the summer transfer window. [SPORT];;;;8,41741E+17;https://twitter.com/MessiBots/status/841741078697000960
BarcaNewsForum;14/03/2017 16:58;19;33;Barcelona have made Arsenal full-back Hector Bellerin (21) a priority target for the summer transfer window. [SPORT];;;;8,4174E+17;https://twitter.com/BarcaNewsForum/status/841740261260644352
McKinnz88;14/03/2017 16:51;0;0;being able to disappear it's amazing how he does it;;;;8,41739E+17;https://twitter.com/McKinnz88/status/841738651700731904
SeedoorPiston;14/03/2017 16:24;0;0;Yo @HectorBellerin you pick up the phone from @jmbartomeu and tell him:WHAT'S UP https://www. youtube.com/watch?v=eZRCJL J6djA … xD;;@HectorBellerin @jmbartomeu;;8,41732E+17;https://twitter.com/SeedoorPiston/status/841731663512113152
Noe_Brd;14/03/2017 15:54;0;0;We don't want you @HectorBellerin in barcelona;;@HectorBellerin;;8,41724E+17;https://twitter.com/Noe_Brd/status/841724169289113601
TomPike91;14/03/2017 15:43;0;0;Rumours are saying your going Barcelona @HectorBellerin ? Please tell me it's all lies;;@HectorBellerin;;8,41721E+17;https://twitter.com/TomPike91/status/841721447336824833
GoonerGaunty73;14/03/2017 15:35;0;0;Arsenal 'open talks with Barcelona over £35million sale' of Hector Bellerin http:// ift.tt/2mJN042;;;;8,41719E+17;https://twitter.com/GoonerGaunty73/status/841719468111872000
9ja_Arsenal;14/03/2017 15:31;0;0;Hector Bellerin : Arsenal to meet Barcelona in April to discuss mega summer transfer http:// dlvr.it/Nd6FY6;;;;8,41718E+17;https://twitter.com/9ja_Arsenal/status/841718473399058432
footy_social;14/03/2017 15:23;0;0;Arsenal have opened talks with Barcelona over the £35m transfer of Héctor Bellerín . (Source: SPORT)… http:// dlvr.it/Nd651V;;;;8,41716E+17;https://twitter.com/footy_social/status/841716330747199488
PaulPaultcox;14/03/2017 15:19;0;0;nothing waste of space;;;;8,41715E+17;https://twitter.com/PaulPaultcox/status/841715466062176256
ArsenaFansclub;14/03/2017 15:13;0;1;Hector Bellerin : Arsenal to meet Barcelona in April to discuss mega summer transfer - Daily Star http:// dlvr.it/Nd5v9r;;;;8,41714E+17;https://twitter.com/ArsenaFansclub/status/841713853071273985
ArsenalNewdaily;14/03/2017 15:13;0;1;Hector Bellerin : Arsenal to meet Barcelona in April to discuss mega summer transfer - Daily Star http:// dlvr.it/Nd5v2n;;;;8,41714E+17;https://twitter.com/ArsenalNewdaily/status/841713836436537345
ArsenalPlaza;14/03/2017 15:13;0;1;Hector Bellerin : Arsenal to meet Barcelona in April to discuss mega summer transfer - Daily Star http:// dlvr.it/Nd5v25;;;;8,41714E+17;https://twitter.com/ArsenalPlaza/status/841713836272963584
OlasunkanmiIbik;14/03/2017 15:07;0;0;Barcelona in talks with Arsenal over Hector Bellerin http://www. footballflakes.com/barcelona-in-t alks-with-arsenal-over-hector-bellerin/ …;;;;8,41712E+17;https://twitter.com/OlasunkanmiIbik/status/841712394237812736
DaprinceBlog1;14/03/2017 15:01;0;0;Hector Bellerin Arsenal in ‘talks’ with Barcelona over sale of right-back http:// dlvr.it/Nd5dwp pic.twitter.com/QRjVEHvLnL;;;;8,41711E+17;https://twitter.com/DaprinceBlog1/status/841710960209420288
DaprinceBlog1;14/03/2017 14:58;0;0;Hector Bellerin Arsenal in ‘talks’ with Barcelona over sale of right-back https:// goo.gl/fb/u3Hzkd;;;;8,4171E+17;https://twitter.com/DaprinceBlog1/status/841710187551559680
VivaswanM;14/03/2017 14:52;0;0;speed and loyalty towards Arsenal.;;;;8,41709E+17;https://twitter.com/VivaswanM/status/841708704508588032
Gabe2553;14/03/2017 14:44;0;1;im so sorry daniel;;;;8,41707E+17;https://twitter.com/Gabe2553/status/841706524716212224
fcbarcelona_luv;14/03/2017 14:34;0;0;Barcelona Transfer News: Latest on Hector Bellerin to Arsenal http:// Rumours.Barcelona are reportedly ready.. http:// fantasticoh.com/beep?id=8b22ab be0f8a41fd …;;;;8,41704E+17;https://twitter.com/fcbarcelona_luv/status/841704151948111872
xhelua;14/03/2017 14:28;0;0;Representatives of Arsenal and Barcelona have met to discuss the transfer of right back Héctor Bellerín , according to reports in Spain.;;;;8,41703E+17;https://twitter.com/xhelua/status/841702645089873921
ArsenalFCLover5;14/03/2017 14:15;0;0;Great to see both and Alex Ox and Héctor Bellerín in attendance at the Emirates to show their support for the Arsenal U23s vs. Man City.;;;;8,41699E+17;https://twitter.com/ArsenalFCLover5/status/841699214996328448
drrhymes442;14/03/2017 14:06;0;1;LET GET BACK UP AND WIN OUR REMAINING MATCHES;;;;8,41697E+17;https://twitter.com/drrhymes442/status/841697032834306052
goonersteve12;14/03/2017 14:05;6;3;@HectorBellerin @Arsenal Can i get a shoutout to my son Hector please Hector. Named after you! pic.twitter.com/ue3GI25gyA;;@HectorBellerin @Arsenal;;8,41697E+17;https://twitter.com/goonersteve12/status/841696779544494080
bristolgman;14/03/2017 14:05;0;0;@HectorBellerin Hector is a top bloke - he had his picture taken with my 3 sons on Oxford St #topblokehector;;@HectorBellerin;#topblokehector;8,41697E+17;https://twitter.com/bristolgman/status/841696690293899264
aymanzl;14/03/2017 13:59;0;1;next hector bellerin;;;;8,41695E+17;https://twitter.com/aymanzl/status/841695303812153345
openomroep;14/03/2017 13:57;0;0;#rumours #roddels Barcelona Transfer News: Latest on Hector Bellerin to Arsenal Rumours… https:// goo.gl/fb/yG0yF8;;;#rumours #roddels;8,41695E+17;https://twitter.com/openomroep/status/841694898965348353
saglotech;14/03/2017 13:54;0;0;Barcelona Transfer News: Latest on Hector Bellerin to Arsenal Rumours http:// dlvr.it/Nd4HCs Via @EBDailyNews;;@EBDailyNews;;8,41694E+17;https://twitter.com/saglotech/status/841693938830397440
PulseNigeria247;14/03/2017 13:46;0;0;Hector Bellerin : Arsenal in ‘talks’ with Barcelona over sale of right-back http:// bit.ly/2nppPKM pic.twitter.com/PYrtX5UrNi;;;;8,41692E+17;https://twitter.com/PulseNigeria247/status/841691928710266880
BingoByte;14/03/2017 13:43;0;0;Hector Bellerin to Barcelona: Arsenal to meet La Liga club in April http://www. bingobyte.com/hector-belleri n-to-barcelona-arsenal-to-meet-la-liga-club-in-april/ … pic.twitter.com/9B8u8UwqVP;;;;8,41691E+17;https://twitter.com/BingoByte/status/841691231612784640
EdwardHumphries;14/03/2017 13:39;0;0;Arsenal transfer news: Barcelona in talks over Hector Bellerin move http://www. arsenalnews247.tk/2017/03/14/ars enal-transfer-news-barcelona-in-talks-over-hector-bellerin-move/ … pic.twitter.com/ofCb9c7SKL;;;;8,4169E+17;https://twitter.com/EdwardHumphries/status/841690185175826432
kmgituka;14/03/2017 13:38;0;0;Fuvkin sell @HectorBellerin now!!? @Arsenal Don't even try man;;@HectorBellerin @Arsenal;;8,4169E+17;https://twitter.com/kmgituka/status/841689945899184128
PulseSports247;14/03/2017 13:38;0;0;Hector Bellerin : Arsenal in ‘talks’ with Barcelona over sale of right-back http:// dlvr.it/Nd40dr pic.twitter.com/VVgaMfWmA4;;;;8,4169E+17;https://twitter.com/PulseSports247/status/841689932062121984
SabrinaVivianne;14/03/2017 13:34;0;0;Death by Bellerin's lips #arsenal #gooner #hectorbellerin https://www. instagram.com/p/BRoBsiUDVfk/;;;#arsenal #gooner #hectorbellerin;8,41689E+17;https://twitter.com/SabrinaVivianne/status/841688979913244672
Shrutzzers;14/03/2017 13:33;0;0;@HectorBellerin you are my favorite human being;;@HectorBellerin;;8,41689E+17;https://twitter.com/Shrutzzers/status/841688707501453313
madridista00712;14/03/2017 13:15;0;0;Hector Bellerin incoming;;;;8,41684E+17;https://twitter.com/madridista00712/status/841684096703201281
openn_world;14/03/2017 13:09;0;0;#news #rumours Barcelona Transfer News: Latest on Hector Bellerin to Arsenal Rumours… https:// goo.gl/fb/L2v8LX;;;#news #rumours;8,41683E+17;https://twitter.com/openn_world/status/841682787333681152
SportlineNG;14/03/2017 13:06;1;0;Barcelona 'planning £35m Hector Bellerin move' - https:// goo.gl/MdwXRJ pic.twitter.com/OnlOYK9JiY;;;;8,41682E+17;https://twitter.com/SportlineNG/status/841681841656545281
thesignalng;14/03/2017 13:05;0;0;Arsenal in Talk With Barcelona Over Hector Bellerin Sales http:// tinyurl.com/go2c8tk;;;;8,41682E+17;https://twitter.com/thesignalng/status/841681716989255680
FCEArsenal;14/03/2017 13:01;0;0;Barcelona 'planning £35m Hector Bellerin move' http://www. fcexclusive.com/news/arsenal/b arcelona-planning-ps35m-hector-bellerin-move-563429 … (Source: Sports Mole);;;;8,41681E+17;https://twitter.com/FCEArsenal/status/841680596002840576
SM_Headlines;14/03/2017 12:55;0;0;Barcelona 'planning £35m Hector Bellerin move' http:// sm.mg/wy4bxks #arsenal #FCBlive #ViscaBarca;;;#arsenal #FCBlive #ViscaBarca;8,41679E+17;https://twitter.com/SM_Headlines/status/841679292262154245
Barcelona_SM;14/03/2017 12:55;0;1;Barcelona 'planning £35m Hector Bellerin move' http:// sm.mg/52hpbn9 #FCBlive #ViscaBarca;;;#FCBlive #ViscaBarca;8,41679E+17;https://twitter.com/Barcelona_SM/status/841679286692134912
SMArsenal;14/03/2017 12:55;0;0;Barcelona 'planning £35m Hector Bellerin move' http:// sm.mg/k28hvrj #arsenal;;;#arsenal;8,41679E+17;https://twitter.com/SMArsenal/status/841679285429645314
_GoonerPrincess;14/03/2017 12:46;0;0;we love @HectorBellerin , but work on your crosses. Future is bright!;;@HectorBellerin;;8,41677E+17;https://twitter.com/_GoonerPrincess/status/841676962821210113
DublinGunner37;14/03/2017 12:40;0;1;€40 million ???? More like £50 million one of the best RB's in the world and young.;;;;8,41675E+17;https://twitter.com/DublinGunner37/status/841675442432167937
g_hitsforreal;14/03/2017 12:36;0;0;Arsenal in talks with Barcelona over Hector Bellerin sale http:// leave4sports.com/2017/03/14/ars enal-in-talks-with-barcelona-over-hector-bellerin-sale …;;;;8,41674E+17;https://twitter.com/g_hitsforreal/status/841674319214309377
openomroep;14/03/2017 12:32;0;0;#news #rumours Barcelona Transfer News: Latest on Hector Bellerin to Arsenal Rumours… https:// goo.gl/fb/nUQvjm;;;#news #rumours;8,41673E+17;https://twitter.com/openomroep/status/841673287637819393
1yarders;14/03/2017 12:25;0;0;@ArsenalFanTV Cant you all chip in and buy him another jacket? the fella thinks @HectorBellerin plays left back.;;@ArsenalFanTV @HectorBellerin;;8,41672E+17;https://twitter.com/1yarders/status/841671538336288770
CRSaltmarsh;14/03/2017 12:15;0;0;best attribute does not = what he needs to work on.;;;;8,41669E+17;https://twitter.com/CRSaltmarsh/status/841669208035450880
BehruGunner;14/03/2017 12:11;0;0;getting bulldozed by Marcus Alonso ..;;;;8,41668E+17;https://twitter.com/BehruGunner/status/841668098793046016
Arsenal_Danny49;14/03/2017 12:10;0;0;Barcelona have opened talks with Arsenal over a £35m move for Hector Bellerin . #AFC #Arsenal pic.twitter.com/ezIrBLTvpu;;;#AFC #Arsenal;8,41668E+17;https://twitter.com/Arsenal_Danny49/status/841667965103833088
abdoulgh;14/03/2017 12:08;0;0;Guy, you promised loyalty @HectorBellerin https:// twitter.com/tomgunner14/st atus/841667103216287745 …;;@HectorBellerin;;8,41667E+17;https://twitter.com/abdoulgh/status/841667345651232768
tomgunner14;14/03/2017 12:07;45;24;Barcelona have opened talks with Arsenal over a £35m move for Hector Bellerin . [Sport] pic.twitter.com/O4hQqYzrTH;;;;8,41667E+17;https://twitter.com/tomgunner14/status/841667103216287745
UnofficialPL;14/03/2017 12:03;0;0;Barcelona Transfer News: Latest on Hector Bellerin to Arsenal Rumours http:// bleacherreport.com/articles/26978 92-barcelona-transfer-news-latest-on-hector-bellerin-to-arsenal-rumours?utm_source=dlvr.it&utm_medium=twitter …;;;;8,41666E+17;https://twitter.com/UnofficialPL/status/841666041944072192
Timiochukwu2;14/03/2017 12:03;0;0;#bleacher Barcelona Transfer News: Latest on Hector Bellerin to Arsenal Rumours https:// goo.gl/fb/z21Ft9;;;#bleacher;8,41666E+17;https://twitter.com/Timiochukwu2/status/841666018883837955
Eurosport_UK;14/03/2017 12:00;1;2;Bad news, @Arsenal . @FCBarcelona are confident of signing @HectorBellerin ! Euro Papers http:// bit.ly/2njs3hT pic.twitter.com/17vAbD1mkQ;;@Arsenal @FCBarcelona @HectorBellerin;;8,41665E+17;https://twitter.com/Eurosport_UK/status/841665228760875008
VendorNaija;14/03/2017 11:57;0;0;Barcelona Transfer News: Latest on Hector Bellerin to Arsenal Rumours -… http:// dlvr.it/Nd1qhg @ToyinIbitoye http:// vendornaija.co.cc;;@ToyinIbitoye;;8,41665E+17;https://twitter.com/VendorNaija/status/841664669970399232
wotshaking;14/03/2017 11:52;0;0;Barcelona Transfer News: Latest on Hector Bellerin to Arsenal Rumours http://www. whatshaking.com/barcelona-tran sfer-news-latest-on-hector-bellerin-to-arsenal-rumours/ …;;;;8,41663E+17;https://twitter.com/wotshaking/status/841663324714606593
The_RealTune;14/03/2017 11:51;0;1;I wanna see him playing for FC Barcelona Hector Bellerin;;;;8,41663E+17;https://twitter.com/The_RealTune/status/841663030534496256
3tking;14/03/2017 11:48;0;0;Barcelona Transfer News: Latest on Hector Bellerin to Arsenal Rumours https:// goo.gl/fb/gp2cNO;;;;8,41662E+17;https://twitter.com/3tking/status/841662267737440256
Sport_News01;14/03/2017 11:47;0;0;Barcelona Transfer News: Latest on Hector Bellerin to Arsenal Rumours http:// bleacherreport.com/articles/26978 92-barcelona-transfer-news-latest-on-hector-bellerin-to-arsenal-rumours?utm_source=dlvr.it&utm_medium=twitter … #Soccer #WorldFootball #LaLiga #FCBarcelona;;;#Soccer #WorldFootball #LaLiga #FCBarcelona;8,41662E+17;https://twitter.com/Sport_News01/status/841661998836269056
juanmuriango;14/03/2017 11:39;0;0;Barcelona Transfer News: Latest on Hector Bellerin to Arsenal Rumours http:// dlvr.it/Nd1MLP;;;;8,4166E+17;https://twitter.com/juanmuriango/status/841660082580475904
Izeeq;14/03/2017 11:39;0;0;Barcelona Transfer News: Latest on Hector Bellerin to Arsenal Rumours http:// dlvr.it/Nd1SgK;;;;8,4166E+17;https://twitter.com/Izeeq/status/841659987474575360
TheUSAbulletin;14/03/2017 11:33;0;0;Barcelona Transfer News: Latest on Hector Bellerin to Arsenal Rumours http:// theusabulletin.com/2017/03/14/bar celona-transfer-news-latest-on-hector-bellerin-to-arsenal-rumours/ …;;;;8,41658E+17;https://twitter.com/TheUSAbulletin/status/841658490120749057
XavsFutbol;14/03/2017 11:32;0;0;Hector Bellerin and Gareth Barry got a shout in this article. Get a grip, man.;;;;8,41658E+17;https://twitter.com/XavsFutbol/status/841658368934727683
ChatSoccer;14/03/2017 11:31;0;0;Barcelona Transfer News: Latest on Hector Bellerin to Arsenal Rumours http://www. chatsports.com/soccer/a/sourc e/barcelona-transfer-news-latest-on-hector-bellerin-to-arsenal-rumours-13353215 … via @chatsports;;@chatsports;;8,41658E+17;https://twitter.com/ChatSoccer/status/841658128408166401
90minz;14/03/2017 11:21;0;0;Barcelona meet with Hector Bellerin ’s agent as transfer is imminent http://www. soccerinfomania.com/barcelona-to-r esume-talks-for-hector-bellerin/ … pic.twitter.com/6Q279QjbbG;;;;8,41655E+17;https://twitter.com/90minz/status/841655431269343232
soccerinfomania;14/03/2017 11:21;0;0;Barcelona meet with Hector Bellerin ’s agent as transfer is imminent http://www. soccerinfomania.com/barcelona-to-r esume-talks-for-hector-bellerin/ … pic.twitter.com/F4Lcoht4Xh;;;;8,41655E+17;https://twitter.com/soccerinfomania/status/841655415897223169
djgunz9ja;14/03/2017 11:20;0;0;Barcelona meet with Hector Bellerin ’s agent as transfer is imminent http://www. soccerinfomania.com/barcelona-to-r esume-talks-for-hector-bellerin/ … pic.twitter.com/0ysASeUBn5;;;;8,41655E+17;https://twitter.com/djgunz9ja/status/841655402655801346
StAnthony_jr;14/03/2017 11:20;0;0;Barcelona meet with Hector Bellerin ’s agent as transfer is imminent http://www. soccerinfomania.com/barcelona-to-r esume-talks-for-hector-bellerin/ … pic.twitter.com/O0c0Gv9ZS2;;;;8,41655E+17;https://twitter.com/StAnthony_jr/status/841655391331196929
jogo_viktor;14/03/2017 11:20;0;1;Barcelona meet with Hector Bellerin ’s agent as transfer is imminent http://www. soccerinfomania.com/barcelona-to-r esume-talks-for-hector-bellerin/ … pic.twitter.com/ULaox8eqio;;;;8,41655E+17;https://twitter.com/jogo_viktor/status/841655374868541440
___Timmy10___;14/03/2017 11:20;0;0;Barcelona are reportedly in talks with Arsenal defender Hector Bellerin ’s agent ahead of making a bid of over €40m to sign him this summer.;;;;8,41655E+17;https://twitter.com/___Timmy10___/status/841655266479284224
BarcelonaBuzz;14/03/2017 11:18;0;0;Barcelona Transfer News: Latest on Hector Bellerin to Arsenal Rumours http:// dlvr.it/Nd0yhY #Soccer #WorldFootball [Bleacher Report];;;#Soccer #WorldFootball;8,41655E+17;https://twitter.com/BarcelonaBuzz/status/841654683324182530
MarcusMckinley2;14/03/2017 11:11;0;0;If @Arsenal sell @HectorBellerin to Barca I'm done;;@Arsenal @HectorBellerin;;8,41653E+17;https://twitter.com/MarcusMckinley2/status/841652962086834176
nanakweso9;14/03/2017 11:05;0;0;continue making yourself good spewing that to yourself.;;;;8,41651E+17;https://twitter.com/nanakweso9/status/841651441274146816
Ryanstinson19;14/03/2017 10:58;0;0;Legend mate , was at that game was brilliant !;;;;8,4165E+17;https://twitter.com/Ryanstinson19/status/841649721106145280
Suleman56164064;14/03/2017 10:45;0;0;ntial Â£35million transfer of right-back Hector Bellerin , according;;;;8,41646E+17;https://twitter.com/Suleman56164064/status/841646408692191232
CitehNews;14/03/2017 10:38;0;0;Carl Jenkinson scores last-gasp equaliser for Arsenal U23s in front of Arsene Wenger and Hector Bellerin http:// bit.ly/2mIzwpf;;;;8,41645E+17;https://twitter.com/CitehNews/status/841644681360363521
zesty_barcelona;14/03/2017 10:38;0;1;Arsenal in talks with Barcelona over Hector Bellerin sale http://www. dailymail.co.uk/sport/football /article-4311964/Arsenal-talks-Barcelona-Bellerin-sale.html?ITO=1490&ns_mchannel=rss&ns_campaign=1490 … pic.twitter.com/UNUYWIqe1y;;;;8,41645E+17;https://twitter.com/zesty_barcelona/status/841644660284088322
FanAnticsFC;14/03/2017 10:30;12;3;Arsenal have opened talks with Barcelona over the £35m transfer of Héctor Bellerín . (Source: SPORT) #FanAntics pic.twitter.com/MtDGtnfLd3;;;#FanAntics;8,41643E+17;https://twitter.com/FanAnticsFC/status/841642671454187520
almasx10;14/03/2017 10:29;0;0;We are once again back to that time of year when 'Barcelona open HECTOR BELLERIN talks with Arsenal' comes up all over again. pic.twitter.com/NA9OhVYvax;;;;8,41642E+17;https://twitter.com/almasx10/status/841642459197247488
EdwardHumphries;14/03/2017 10:22;0;0;Arsenal in talks with Barcelona over Hector Bellerin sale http://www. arsenalnews247.tk/2017/03/14/ars enal-in-talks-with-barcelona-over-hector-bellerin-sale/ … pic.twitter.com/Il9BkaCypA;;;;8,41641E+17;https://twitter.com/EdwardHumphries/status/841640575568879616
Ahmed_Ma3abreh;14/03/2017 10:11;0;0;@FCBarcelona plz don't bring @HectorBellerin , he is a weak defender , bring someone like @VictorMoses and @KurtZouma #FCBarcelona #برشلونة;;@FCBarcelona @HectorBellerin @VictorMoses @KurtZouma;#FCBarcelona #;8,41638E+17;https://twitter.com/Ahmed_Ma3abreh/status/841637858804957185
monsieurmeemy;14/03/2017 10:09;0;0;Arsenal in talks with Barcelona over Hector Bellerin sale http://www. dailymail.co.uk/sport/football /article-4311964/Arsenal-talks-Barcelona-Bellerin-sale.html?ITO=1490&ns_mchannel=rss&ns_campaign=1490 …;;;;8,41637E+17;https://twitter.com/monsieurmeemy/status/841637467874873344
Eurosport_UK;14/03/2017 10:07;3;0;Bad news, @Arsenal . @FCBarcelona are confident of signing @HectorBellerin ! Euro Papers http:// bit.ly/2njs3hT pic.twitter.com/newnBtiKkH;;@Arsenal @FCBarcelona @HectorBellerin;;8,41637E+17;https://twitter.com/Eurosport_UK/status/841636988348452865
9ja_Arsenal;14/03/2017 10:06;0;1;Carl Jenkinson scores last-gasp equaliser for Arsenal U23s in front of Arsene Wenger and Hector Bellerin http:// dlvr.it/NczNG2;;;;8,41637E+17;https://twitter.com/9ja_Arsenal/status/841636609921441792
rumorstransfers;14/03/2017 10:05;0;0;Barcelona have made Hector Bellerin their biggest priority this summer according to AS .;;;;8,41636E+17;https://twitter.com/rumorstransfers/status/841636378597314560
ConcodiaCrescit;14/03/2017 10:00;0;0;And now @HectorBellerin seems to be off to Barcelona. @Arsenal @ArsenalFanTV we wouldn't be able to keep hold of a cold if we got one. AFC;;@HectorBellerin @Arsenal @ArsenalFanTV;;8,41635E+17;https://twitter.com/ConcodiaCrescit/status/841635262824370178
DJPOLY_M;14/03/2017 10:00;0;0;Carl Jenkinson scores last-gasp equaliser for Arsenal U23s in front of Arsene Wenger and Hector Bellerin http:// dlvr.it/NczGs3;;;;8,41635E+17;https://twitter.com/DJPOLY_M/status/841635167424802816
macheochoco;14/03/2017 10:00;0;0;Carl Jenkinson scores last-gasp equaliser for Arsenal U23s in front of Arsene Wenger and Hector Bellerin http:// dlvr.it/NczGhg;;;;8,41635E+17;https://twitter.com/macheochoco/status/841635149552934912
kigsjc;14/03/2017 10:00;0;0;Carl Jenkinson scores last-gasp equaliser for Arsenal U23s in front of Arsene Wenger and Hector Bellerin http:// dlvr.it/NczGGQ;;;;8,41635E+17;https://twitter.com/kigsjc/status/841635108687765504
ArsenalNewsUK;14/03/2017 09:57;0;0;Carl Jenkinson scores last-gasp equaliser for Arsenal U23s in front of Arsene Wenger and Hector Bellerin http://www. arsenalnews.co.uk/carl-jenkinson -scores-last-gasp-equaliser-for-arsenal-u23s-in-front-of-arsene-wenger-and-hector-bellerin/ …;;;;8,41634E+17;https://twitter.com/ArsenalNewsUK/status/841634454024130560
SportNewsChanel;14/03/2017 09:55;0;0;Metro_Sport: Carl Jenkinson scores last-gasp equaliser for Arsenal U23s in front of Arsene Wenger and Hector Bellerin …;;;;8,41634E+17;https://twitter.com/SportNewsChanel/status/841633848819609601
judy_eabo;14/03/2017 09:55;0;1;@HectorBellerin enough with the funny Samson hairstyle going on right now. When are you bringing SEXY back? pic.twitter.com/aziy2CeeH5;;@HectorBellerin;;8,41634E+17;https://twitter.com/judy_eabo/status/841633778858655744
thesignalng;14/03/2017 09:53;0;0;Arsenal in talk with Barcelona over Hector Bellerin Sales http:// dlvr.it/Ncz7mk pic.twitter.com/cdSRczR6Ej;;;;8,41633E+17;https://twitter.com/thesignalng/status/841633285956554752
MrFixNigeria;14/03/2017 09:53;0;0;RT @thesignalng Arsenal in talk with Barcelona over Hector Bellerin Sales http:// dlvr.it/Ncz7fq pic.twitter.com/RCdOhFZgqn;;@thesignalng;;8,41633E+17;https://twitter.com/MrFixNigeria/status/841633276083159041
Metro_Sport;14/03/2017 09:51;3;2;Carl Jenkinson scores last-gasp equaliser for Arsenal U23s in front of Arsene Wenger and Hector Bellerin http:// metro.co.uk/2017/03/14/car l-jenkinson-scores-last-gasp-equaliser-for-arsenal-u23s-in-front-of-arsene-wenger-and-hector-bellerin-6508910/ … #AFC;;;#AFC;8,41633E+17;https://twitter.com/Metro_Sport/status/841632997208137729
JanGambe;14/03/2017 09:49;0;0;Arsenal representatives meet with Barcelona over Hector Bellerin transfer move via @Onefootball . Read it here: http:// 1.ftb.al/zNTc/pILRMmqAvB;;@Onefootball;;8,41632E+17;https://twitter.com/JanGambe/status/841632388492976128
GoonerGaunty73;14/03/2017 09:47;0;0;Carl Jenkinson scores last-gasp equaliser for Arsenal U23s in front of Arsene Wenger and Hector Bellerin http:// ift.tt/2mnzzUU;;;;8,41632E+17;https://twitter.com/GoonerGaunty73/status/841631801231712257
premnewsuk;14/03/2017 09:45;0;0;Carl Jenkinson scores last-gasp equaliser for Arsenal U23s in front of Arsene Wenger and Hector Bellerin #AFC http:// premnews.com/story/2017/03/ 14/carl-jenkinson-scores-last-gasp-equaliser-for-arsenal-u23s-in-front-of-arsene-wenger-and-hector-bellerin …;;;#AFC;8,41631E+17;https://twitter.com/premnewsuk/status/841631264155275266
ArsenalHQNews;14/03/2017 09:44;0;0;Carl Jenkinson scores last-gasp equaliser for Arsenal U23s in front of Arsene Wenger and Hector Bellerin http:// ift.tt/2noSboG #gunners …;;;#gunners;8,41631E+17;https://twitter.com/ArsenalHQNews/status/841631050681966592
ArsenalPresser;14/03/2017 09:35;0;0;we're in big trouble.;;;;8,41629E+17;https://twitter.com/ArsenalPresser/status/841628944919101440
Valentine_Leyva;14/03/2017 09:28;1;0;Well shit! We're in trouble, aren't we? Given the teams current standings... IJDK;;;;8,41627E+17;https://twitter.com/Valentine_Leyva/status/841627103724486656
ArsenalPresser;14/03/2017 09:26;0;0;A link to the story. http:// bit.ly/2mnqjjA;;;;8,41627E+17;https://twitter.com/ArsenalPresser/status/841626535509540865
ArsenalPresser;14/03/2017 09:24;2;1;According to Sport, @FCBarcelona have opened talks with @Arsenal for @HectorBellerin . pic.twitter.com/bEzn7pkSRU;;@FCBarcelona @Arsenal @HectorBellerin;;8,41626E+17;https://twitter.com/ArsenalPresser/status/841626195615707136
Sportitude10;14/03/2017 09:24;0;0;#Barcelona open talks with #Arsenal over Hector Bellerin . (Sport) #LaLiga #PL;;;#Barcelona #Arsenal #LaLiga #PL;8,41626E+17;https://twitter.com/Sportitude10/status/841626047988797440
iam_sexybekky;14/03/2017 09:21;0;1;"Spanish giants Barcelona want Arsenal defender  Hector Bellerin "" this summer http:// dlvr.it/NcyXsY pic.twitter.com/82dPLa4VW2""";;;;8,41625E+17;https://twitter.com/iam_sexybekky/status/841625407803686912
iam_S_CALLY;14/03/2017 09:19;0;0;"Spanish giants Barcelona want Arsenal defender  Hector Bellerin "" this summer http:// dlvr.it/NcyVYQ pic.twitter.com/apQUdfDSra""";;;;8,41625E+17;https://twitter.com/iam_S_CALLY/status/841624805073797123
caltrends;14/03/2017 09:19;0;0;"Spanish giants Barcelona want Arsenal defender  Hector Bellerin "" this summer http:// dlvr.it/NcyVXw pic.twitter.com/D8ZcLU4lJI""";;;;8,41625E+17;https://twitter.com/caltrends/status/841624804922863616
infotribes;14/03/2017 09:19;0;0;"Spanish giants Barcelona want Arsenal defender  Hector Bellerin "" this summer http:// dlvr.it/NcyVX8 pic.twitter.com/ZSMKwldJ5J""";;;;8,41625E+17;https://twitter.com/infotribes/status/841624793359175680
chuksbrown4life;14/03/2017 09:19;0;0;"Spanish giants Barcelona want Arsenal defender  Hector Bellerin "" this summer http:// dlvr.it/NcyVWp pic.twitter.com/4330TT2rdQ""";;;;8,41625E+17;https://twitter.com/chuksbrown4life/status/841624787931684866
arsenalnewsonly;14/03/2017 09:08;0;0;#Gooners #Gunners #AFC #COYG Barcelona in fresh assault on Hector Bellerin #GoonerFamily http:// dld.bz/f5FqK;;;#Gooners #Gunners #AFC #COYG #GoonerFamily;8,41622E+17;https://twitter.com/arsenalnewsonly/status/841622136569638912
9ja_Arsenal;14/03/2017 08:58;0;0;Arsenal representatives meet with Barcelona over Hector Bellerin transfer move http:// dlvr.it/Ncy1qk pic.twitter.com/8CIUSAqFgS;;;;8,4162E+17;https://twitter.com/9ja_Arsenal/status/841619596159279104
macheochoco;14/03/2017 08:58;0;1;Arsenal representatives meet with Barcelona over Hector Bellerin transfer move http:// dlvr.it/Ncy1R6;;;;8,41619E+17;https://twitter.com/macheochoco/status/841619462600114177
UpdatingArsenal;14/03/2017 08:55;0;1;Talks are being held over the £35m sale of Hector Bellerin to Barcelona. #AFC pic.twitter.com/wAeVC4QtkA;;;#AFC;8,41619E+17;https://twitter.com/UpdatingArsenal/status/841618726822715392
arsenalnewsonly;14/03/2017 08:55;1;0;#OneArsenal #ArsenalFC #Arsenal Arsenal representatives meet with Barcelona over £35m Hector Bellerin transfer.. http:// dld.bz/f5FqG;;;#OneArsenal #ArsenalFC #Arsenal;8,41619E+17;https://twitter.com/arsenalnewsonly/status/841618677229314048
thus_spake;14/03/2017 08:54;0;0;BARCELONA have opened talks with Arsenal over a £35million move for Hector Bellerin , according to reports in Spa... http://www. express.co.uk/sport/football /778968/Hector-Bellerin-Arsenal-Barcelona-35m-Sport-transfer-news-gossip …;;;;8,41619E+17;https://twitter.com/thus_spake/status/841618591799791617
DExpress_Sport;14/03/2017 08:47;2;2;Reports in Spain say Barcelona have opened talks with Arsenal over £35m move for Hector Bellerin http://www. express.co.uk/sport/football /778968/Hector-Bellerin-Arsenal-Barcelona-35m-Sport-transfer-news-gossip … #AFC #FCB pic.twitter.com/j6ZTTKhyOD;;;#AFC #FCB;8,41617E+17;https://twitter.com/DExpress_Sport/status/841616885682716673
FCEArsenal;14/03/2017 08:44;0;0;Arsenal transfer news: Barcelona in talks over Hector Bellerin move http://www. fcexclusive.com/news/arsenal/a rsenal-transfer-news-barcelona-in-talks-over-hector-bellerin-move-561089 … (Source: http:// Metro.co.uk );;;;8,41616E+17;https://twitter.com/FCEArsenal/status/841615995915640835
rumorstransfers;14/03/2017 08:42;0;1;Representatives of Arsenal and Barcelona have met to discuss the transfer of right-back Hector Bellerin , according to reports in Spain. pic.twitter.com/W3XM9hVPiD;;;;8,41615E+17;https://twitter.com/rumorstransfers/status/841615391931666433
SportNewsChanel;14/03/2017 08:40;1;0;Metro_Sport: Arsenal representatives meet with Barcelona over £35m move for Hector Bellerin https:// metro.co.uk/2017/03/14/ars enal-representatives-meet-with-barcelona-over-hector-bellerin-transfer-move-6508736/ … #AFC #FCB;;;#AFC #FCB;8,41615E+17;https://twitter.com/SportNewsChanel/status/841614953274585088
ArsenalFCAddict;14/03/2017 08:40;1;0;Metro : #Arsenal representatives meet with Barcelona over Hector Bellerin transfer move @metrouk http://www. football-addict.com/article/premie r-league/arsenal-fc/metro/58c7d4fadf12d02a81094149/arsenal-representatives-meet-with-barcelona-over-hector-bellerin-transfer-move?lang=en&utm_source=arsenal-addict-en-TW …;;@metrouk;#Arsenal;8,41615E+17;https://twitter.com/ArsenalFCAddict/status/841614927420874752
fartooeasy;14/03/2017 08:38;0;0;crossing is not;;;;8,41614E+17;https://twitter.com/fartooeasy/status/841614451098996737
Sport_EN;14/03/2017 08:37;7;16;Barcelona on the offensive for Arsenal right-back Hector Bellerin http://www. sport-english.com/en/news/barca/ barcelona-the-offensive-for-arsenal-right-back-hector-bellerin-5895402 …;;;;8,41614E+17;https://twitter.com/Sport_EN/status/841614248237289473
Metro_Sport;14/03/2017 08:37;1;1;Arsenal representatives meet with Barcelona over £35m move for Hector Bellerin https:// metro.co.uk/2017/03/14/ars enal-representatives-meet-with-barcelona-over-hector-bellerin-transfer-move-6508736/ … #AFC #FCB;;;#AFC #FCB;8,41614E+17;https://twitter.com/Metro_Sport/status/841614141009866754
premnewsuk;14/03/2017 08:35;0;0;Arsenal representatives meet with Barcelona over Hector Bellerin transfer move #AFC http:// premnews.com/story/2017/03/ 14/arsenal-representatives-meet-with-barcelona-over-hector-bellerin-transfer-move …;;;#AFC;8,41614E+17;https://twitter.com/premnewsuk/status/841613647088615424
AWF_AFC;14/03/2017 08:35;0;0;is it about Hector Bellerin going to Barca? #notnews;;;#notnews;8,41614E+17;https://twitter.com/AWF_AFC/status/841613641057214464
ArsenalHQNews;14/03/2017 08:34;1;0;Arsenal representatives meet with Barcelona over Hector Bellerin transfer move http:// ift.tt/2mFeshI #gunners #coyg #Arsenal;;;#gunners #coyg #Arsenal;8,41614E+17;https://twitter.com/ArsenalHQNews/status/841613506134851585
LouiseStaintonU;14/03/2017 08:33;0;1;Arsenal representatives meet with Barcelona over Hector Bellerin transfer move http:// dlvr.it/NcxZfp #football #soccer pic.twitter.com/qhGqbh1del;;;#football #soccer;8,41613E+17;https://twitter.com/LouiseStaintonU/status/841613327906226176
ArsenalNewsUK;14/03/2017 08:31;0;1;Arsenal representatives meet with Barcelona over Hector Bellerin transfer move http://www. arsenalnews.co.uk/arsenal-repres entatives-meet-with-barcelona-over-hector-bellerin-transfer-move/ …;;;;8,41613E+17;https://twitter.com/ArsenalNewsUK/status/841612846643445760
fvckjaras;14/03/2017 08:30;0;1;OMG YES FAVE TBH;;;;8,41612E+17;https://twitter.com/fvckjaras/status/841612475564974080
GoonerGaunty73;14/03/2017 08:29;0;0;Arsenal representatives meet with Barcelona over Hector Bellerin transfer move http:// ift.tt/2mVtySL;;;;8,41612E+17;https://twitter.com/GoonerGaunty73/status/841612223734788096
afckayy;14/03/2017 08:26;0;2;tbf, as much as I love his hair at the moment, I do prefer it like this pic.twitter.com/n1C58er3oE;;;;8,41611E+17;https://twitter.com/afckayy/status/841611458563719168
9ja_Arsenal;14/03/2017 08:26;0;0;Arsenal in talks with Barcelona over Hector Bellerin sale http:// dlvr.it/NcxPGw pic.twitter.com/w4lg6jUKd9;;;;8,41611E+17;https://twitter.com/9ja_Arsenal/status/841611418151526400
wearearsenal;14/03/2017 08:25;0;0;Arsenal in talks with Barcelona over Hector Bellerin sale http://www. dailymail.co.uk/sport/football /article-4311964/Arsenal-talks-Barcelona-Bellerin-sale.html?ITO=1490&ns_mchannel=rss&ns_campaign=1490 … pic.twitter.com/XPE4Y5zNIF;;;;8,41611E+17;https://twitter.com/wearearsenal/status/841611217772904448
AbouttheArsenal;14/03/2017 08:20;0;0;Arsenal in talks with Barcelona over Hector Bellerin sale http:// aboutthearsenal.com/news/arsenal-i n-talks-with-barcelona-over-hector-bellerin-sale/ …;;;;8,4161E+17;https://twitter.com/AbouttheArsenal/status/841609975399092225
fvckjaras;14/03/2017 08:20;0;1;i miss his old hair;;;;8,4161E+17;https://twitter.com/fvckjaras/status/841609907975663616
afckayy;14/03/2017 08:19;0;1;I like his hair long;;;;8,4161E+17;https://twitter.com/afckayy/status/841609720385400832
fvckjaras;14/03/2017 08:18;0;2;he needs a haircut tho ngl;;;;8,4161E+17;https://twitter.com/fvckjaras/status/841609565741420544
pawanrajsuvarna;14/03/2017 08:18;0;0;more like his worst attribute;;;;8,41609E+17;https://twitter.com/pawanrajsuvarna/status/841609432282812418
cnkquartey;14/03/2017 08:14;0;0;@Arsenal I told you @FCBarcelona is coming for @HectorBellerin . Dont win any cups. Our team would be used for a nursery for other teams. https:// twitter.com/DeadlineDayLiv e/status/841605365699624962 …;;@Arsenal @FCBarcelona @HectorBellerin;;8,41608E+17;https://twitter.com/cnkquartey/status/841608411410255872
roundclocksport;14/03/2017 08:10;0;0;Arsenal in talks with Barcelona over Hector Bellerin sale http:// dld.bz/f5EZe pic.twitter.com/LVccvANNuI;;;;8,41608E+17;https://twitter.com/roundclocksport/status/841607512545611776
CcTWOofFIVE;14/03/2017 08:09;0;1;If @HectorBellerin is sold I'll be devestated @Arsenal his reserve games till now AN reported 35mil DPMO he's worth 3x that imo #AFC;;@HectorBellerin @Arsenal;#AFC;8,41607E+17;https://twitter.com/CcTWOofFIVE/status/841607226125144065
ArsenalFNH;14/03/2017 08:08;0;0;Arsenal in talks with Barcelona over Hector Bellerin sale #Arsenal #AFC #Gooners #COYG #FNH http://www. nshnd.com/to.aspx?i=3037 474 …;;;#Arsenal #AFC #Gooners #COYG #FNH;8,41607E+17;https://twitter.com/ArsenalFNH/status/841606866606141440
technieGUY;14/03/2017 08:07;0;1;Arsenal have opened talks with Barcelona over the £35m transfer of Héctor Bellerín . (Source: SPORT) pic.twitter.com/FjuctKEDO0;;;;8,41607E+17;https://twitter.com/technieGUY/status/841606606085328896
Sport_RightNow;14/03/2017 08:06;0;0;Arsenal in talks with Barcelona over Hector Bellerin sale https:// goo.gl/fb/8ithbK #mail;;;#mail;8,41606E+17;https://twitter.com/Sport_RightNow/status/841606476988850176
sporttlad;14/03/2017 08:06;0;0;Arsenal in talks with Barcelona over Hector Bellerin sale http:// dld.bz/f5EZe pic.twitter.com/7czW4sZcuq;;;;8,41606E+17;https://twitter.com/sporttlad/status/841606403915694080
sportsupdatefbb;14/03/2017 08:06;0;1;Arsenal in talks with Barcelona over Hector Bellerin sale http:// dld.bz/f5EZe pic.twitter.com/plHJl5LOvh;;;;8,41606E+17;https://twitter.com/sportsupdatefbb/status/841606399926947840
sportsbetbf;14/03/2017 08:06;0;0;Arsenal in talks with Barcelona over Hector Bellerin sale http:// dld.bz/f5EZe pic.twitter.com/E0EwQpSGzC;;;;8,41606E+17;https://twitter.com/sportsbetbf/status/841606395787149312
sportingnewsww;14/03/2017 08:06;0;0;Arsenal in talks with Barcelona over Hector Bellerin sale http:// dld.bz/f5EZe pic.twitter.com/Zbalwgv7Br;;;;8,41606E+17;https://twitter.com/sportingnewsww/status/841606390913331201
sntcor;14/03/2017 08:06;0;0;Arsenal in talks with Barcelona over Hector Bellerin sale http:// dld.bz/f5EZe pic.twitter.com/dSDCy2I0rJ;;;;8,41606E+17;https://twitter.com/sntcor/status/841606385079091200
snb188;14/03/2017 08:06;0;0;Arsenal in talks with Barcelona over Hector Bellerin sale http:// dld.bz/f5EZe pic.twitter.com/ks4HlRFkyP;;;;8,41606E+17;https://twitter.com/snb188/status/841606380473724928
oss365;14/03/2017 08:06;0;0;Arsenal in talks with Barcelona over Hector Bellerin sale http:// dld.bz/f5EZe pic.twitter.com/fbDBF7Y2MF;;;;8,41606E+17;https://twitter.com/oss365/status/841606376065503234
freebigbetssky;14/03/2017 08:06;0;0;Arsenal in talks with Barcelona over Hector Bellerin sale http:// dld.bz/f5EZe pic.twitter.com/N0GUV9E63O;;;;8,41606E+17;https://twitter.com/freebigbetssky/status/841606372248674304
freebigbetsbs;14/03/2017 08:06;0;0;Arsenal in talks with Barcelona over Hector Bellerin sale http:// dld.bz/f5EZe pic.twitter.com/1BoFuKHmmS;;;;8,41606E+17;https://twitter.com/freebigbetsbs/status/841606366460534785
freebigbets;14/03/2017 08:06;0;0;Arsenal in talks with Barcelona over Hector Bellerin sale http:// dld.bz/f5EZe pic.twitter.com/AUyqLIzQDl;;;;8,41606E+17;https://twitter.com/freebigbets/status/841606360525623296
fbbpp;14/03/2017 08:06;0;0;Arsenal in talks with Barcelona over Hector Bellerin sale http:// dld.bz/f5EZe pic.twitter.com/XoIa2SrimS;;;;8,41606E+17;https://twitter.com/fbbpp/status/841606355538608128
fbbbetf;14/03/2017 08:05;0;0;Arsenal in talks with Barcelona over Hector Bellerin sale http:// dld.bz/f5EZe pic.twitter.com/qtXNAVW4vU;;;;8,41606E+17;https://twitter.com/fbbbetf/status/841606300601577472
fbb888;14/03/2017 08:05;0;0;Arsenal in talks with Barcelona over Hector Bellerin sale http:// dld.bz/f5EZe pic.twitter.com/g3VZ5Qj6oW;;;;8,41606E+17;https://twitter.com/fbb888/status/841606296931618820
dbofbb;14/03/2017 08:05;0;0;Arsenal in talks with Barcelona over Hector Bellerin sale http:// dld.bz/f5EZe pic.twitter.com/kHOYUHsIIN;;;;8,41606E+17;https://twitter.com/dbofbb/status/841606290266820608
allsportsfbb;14/03/2017 08:05;0;0;Arsenal in talks with Barcelona over Hector Bellerin sale http:// dld.bz/f5EZe pic.twitter.com/9fTi6PJxws;;;;8,41606E+17;https://twitter.com/allsportsfbb/status/841606284420009984
TrnsfrFootball;14/03/2017 08:04;0;0;Arsenal have opened talks with Barcelona over the £35m transfer of Héctor Bellerín . (Source: SPORT) pic.twitter.com/bnyoPyloay;;;;8,41606E+17;https://twitter.com/TrnsfrFootball/status/841605849374183424
ReadAfrik;14/03/2017 08:03;0;0;REPORTS: Barcelona monitoring Hector Bellerin despite new Arsenal contract http:// ow.ly/5wpG309T4rF pic.twitter.com/GmV62yKoRG;;;;8,41606E+17;https://twitter.com/ReadAfrik/status/841605723972915200
Mental_Football;14/03/2017 08:02;0;0;Arsenal have opened talks with Barcelona over the £35m transfer of Héctor Bellerín . (Source: SPORT) pic.twitter.com/ptjbmeV3qA;;;;8,41605E+17;https://twitter.com/Mental_Football/status/841605388613083137
Mr_AlVil;14/03/2017 08:02;0;0;Arsenal 'open talks with Barcelona over £35million sale' of Hector Bellerin http:// dailym.ai/2mF0zQS pic.twitter.com/AOyh8PkNL8;;;;8,41605E+17;https://twitter.com/Mr_AlVil/status/841605381847691265
DeadlineDayLive;14/03/2017 08:02;523;587;Arsenal have opened talks with Barcelona over the £35m transfer of Héctor Bellerín . (Source: SPORT) pic.twitter.com/Fun7OAGM36;;;;8,41605E+17;https://twitter.com/DeadlineDayLive/status/841605365699624962
MailSport;14/03/2017 08:00;34;22;Arsenal 'open talks with Barcelona over £35million sale' of Hector Bellerin http:// dailym.ai/2mF0zQS pic.twitter.com/tJEHPgqUXg;;;;8,41605E+17;https://twitter.com/MailSport/status/841604845928890378
BarcelonaNews24;14/03/2017 07:54;0;0;Arsenal transfer news: Barcelona to make £35m summer move for Hector Bellerin 'who wants return to Spain this ... -… http:// dlvr.it/NcwjZ7;;;;8,41603E+17;https://twitter.com/BarcelonaNews24/status/841603334112927745
SpanishSoccers;14/03/2017 07:54;0;0;Arsenal transfer news: Barcelona to make £35m summer move for Hector Bellerin 'who wants return to Spain this ... -… http:// dlvr.it/NcwjXF;;;;8,41603E+17;https://twitter.com/SpanishSoccers/status/841603330853879808
dailymail_24;14/03/2017 07:53;0;0;Arsenal in talks with Barcelona over Hector Bellerin sale http:// viid.me/qq9cqd http:// ift.tt/eA8V8J;;;;8,41603E+17;https://twitter.com/dailymail_24/status/841603168282779648
Spainwatchs;14/03/2017 07:50;0;0;Arsenal transfer news: Barcelona to make £35m summer move for Hector Bellerin 'who wants return to Spain this ... -… http:// dlvr.it/NcwfM7;;;;8,41602E+17;https://twitter.com/Spainwatchs/status/841602326917865472
barcanewsonly;14/03/2017 07:49;0;1;#Barca #FCB #Discussion [Thoughts?]Signing Arsenal right-back Hector Bellerin (21) is the top priority for Bar.. http:// dld.bz/f5ECS;;;#Barca #FCB #Discussion;8,41602E+17;https://twitter.com/barcanewsonly/status/841602258244685824
SunSport;14/03/2017 07:45;4;2;Barcelona to make £35m move for Arsenal star Hector Bellerin 'who wants summer return to Spain' http:// thesun.uk/60138kQEl pic.twitter.com/tePhCp9NWX;;;;8,41601E+17;https://twitter.com/SunSport/status/841601056056434688
cixqo;14/03/2017 07:36;0;0;Representatives of Arsenal and Barcelona have met to discuss the transfer of right-back Hector Bellerin , according to reports in Spain. pic.twitter.com/t8Jj22e8uH;;;;8,41599E+17;https://twitter.com/cixqo/status/841598808551227394
danielron1;14/03/2017 07:36;0;0;Spanish giants Barcelona want Arsenal defender Hector Bellerin this summer https:// sports.naij.com/1093574-spanis h-giants-barcelona-arsenal-defender-hector-bellerin-summer.html … pic.twitter.com/NZiDZKEkEk;;;;8,41599E+17;https://twitter.com/danielron1/status/841598795813134336
Preshperry;14/03/2017 07:34;0;0;Spanish giants Barcelona want Arsenal defender Hector Bellerin this summer https:// sports.naij.com/1093574-spanis h-giants-barcelona-arsenal-defender-hector-bellerin-summer.html … pic.twitter.com/zEObc7bEBZ;;;;8,41598E+17;https://twitter.com/Preshperry/status/841598384062496769
Digi_Okey;14/03/2017 07:33;0;0;Spanish giants Barcelona want Arsenal defender Hector Bellerin this summer https:// sports.naij.com/1093574-spanis h-giants-barcelona-arsenal-defender-hector-bellerin-summer.html … pic.twitter.com/ZiXDxJCCen;;;;8,41598E+17;https://twitter.com/Digi_Okey/status/841598179682443265
apklein51;14/03/2017 07:33;0;0;Yes, pleases! Then maybe @HectorBellerin will not leave us! I think he could be our next Vieira!;;@HectorBellerin;;8,41598E+17;https://twitter.com/apklein51/status/841598093799772162
Digi_Okey;14/03/2017 07:33;0;0;naijcom: Spanish giants Barcelona want Arsenal defender Hector Bellerin this summer https:// sports.naij.com/1093574-spanis h-giants-barcelona-arsenal-defender-hector-bellerin-summer.html … pic.twitter.com/ZiXDxJCCen;;;;8,41598E+17;https://twitter.com/Digi_Okey/status/841598086938013697
naijcom;14/03/2017 07:33;1;2;Spanish giants Barcelona want Arsenal defender Hector Bellerin this summer https:// sports.naij.com/1093574-spanis h-giants-barcelona-arsenal-defender-hector-bellerin-summer.html … pic.twitter.com/8NylAFqZ5E;;;;8,41598E+17;https://twitter.com/naijcom/status/841598046785945600
arsenal90live;14/03/2017 07:32;0;0;What is Hector Bellerin 's best attitude https:// tribuna.com/arsenal/en/new s/1742887/ …;;;;8,41598E+17;https://twitter.com/arsenal90live/status/841597880381116416
RFK_Fact;14/03/2017 07:29;0;0;@HectorBellerin how many times do we have to tell Barca you're a gooner and not interested! I hope;;@HectorBellerin;;8,41597E+17;https://twitter.com/RFK_Fact/status/841597030191493120
slammer_10;14/03/2017 07:16;0;0;u need to come back home! Forca Barca. That's where u belong;;;;8,41594E+17;https://twitter.com/slammer_10/status/841593994710831104
Arsenal_Fanly;14/03/2017 07:15;1;0;Arsenal 'open talks with Barcelona over £35million sale' of Hector Bellerin #Arsenal https:// fanly.link/90d67e80af pic.twitter.com/mp6rVGZMER;;;#Arsenal;8,41594E+17;https://twitter.com/Arsenal_Fanly/status/841593645291720704
Arsenal_Fanly;14/03/2017 07:15;0;0;Arsenal 'open talks with Barcelona over £35million sale' of Hector Bellerin #AFC https:// fanly.link/90d67e80af pic.twitter.com/7guJyFEFQ7;;;#AFC;8,41594E+17;https://twitter.com/Arsenal_Fanly/status/841593578086359040
Barcelonashare;14/03/2017 07:00;0;0;Arsenal transfer news: Barcelona to make £35m summer move for Hector Bellerin 'who wants return to Spain this ... -… http:// dlvr.it/NcvZZr;;;;8,4159E+17;https://twitter.com/Barcelonashare/status/841589754097426433
SpanishSoccers;14/03/2017 06:51;0;0;Arsenal transfer news: Barcelona to make £35m summer move for Hector Bellerin 'who wants return to Spain this ... -… http:// dlvr.it/NcvSpJ;;;;8,41588E+17;https://twitter.com/SpanishSoccers/status/841587609298132992
BarcelonaNews24;14/03/2017 06:51;0;0;Arsenal transfer news: Barcelona to make £35m summer move for Hector Bellerin 'who wants return to Spain this ... -… http:// dlvr.it/NcvSqx;;;;8,41588E+17;https://twitter.com/BarcelonaNews24/status/841587609088360448
johnoson1606;14/03/2017 06:49;0;0;the fact he hasn't fucked off yet....Yet!;;;;8,41587E+17;https://twitter.com/johnoson1606/status/841587099031736321
Spainwatchs;14/03/2017 06:48;0;0;Arsenal transfer news: Barcelona to make £35m summer move for Hector Bellerin 'who wants return to Spain this ... -… http:// dlvr.it/NcvNwt;;;;8,41587E+17;https://twitter.com/Spainwatchs/status/841586724442578945
Petrarnold;14/03/2017 06:27;0;0;Hector bellerin the best right back in the game;;;;8,41582E+17;https://twitter.com/Petrarnold/status/841581594158743552
Barcelonaview;14/03/2017 06:27;0;0;Arsenal transfer news: Barcelona to make £35m summer move for Hector Bellerin 'who wants return to Spain this ... -… http:// dlvr.it/Ncv36n;;;;8,41581E+17;https://twitter.com/Barcelonaview/status/841581475497574400
BarcelonaWatch;14/03/2017 06:27;0;0;Arsenal transfer news: Barcelona to make £35m summer move for Hector Bellerin 'who wants return to Spain this ... -… http:// dlvr.it/Ncv34w;;;;8,41581E+17;https://twitter.com/BarcelonaWatch/status/841581454916112384
TheSunFootball;14/03/2017 06:25;7;15;Barcelona to make £35m move for Arsenal star Hector Bellerin 'who wants summer return to Spain' http:// thesun.uk/60168ktIn pic.twitter.com/R3egK7VAYH;;;;8,41581E+17;https://twitter.com/TheSunFootball/status/841580920108912640
SmallvilleViews;14/03/2017 06:19;0;1;Arsenal transfer news: Barcelona to make £35m summer move for Hector Bellerin 'who wants return to Spain this ... -… http:// dlvr.it/Nctx34;;;;8,41579E+17;https://twitter.com/SmallvilleViews/status/841579433165176833
FfsKyle_;14/03/2017 06:12;0;0;I got: Hector Bellerin ! http://www. squawka.com/news/which-ars enal-player-are-you/906230?pb_traffic_source=twitter … via @Squawka;;@Squawka;;8,41578E+17;https://twitter.com/FfsKyle_/status/841577697004441600
Journo_Slash;14/03/2017 05:58;0;0;Gossip from Spain: Barcelona to make £35m move for Arsenal star Hector Bellerin 'who wants summer return to Spain' https://www. thesun.co.uk/sport/football /3084525/arsenal-transfer-news-barcelona-hector-bellerin/ …;;;;8,41574E+17;https://twitter.com/Journo_Slash/status/841574333554282496
nomoneyfc;14/03/2017 05:51;0;0;was amazing with the short hair, hasnt been his best all season;;;;8,41572E+17;https://twitter.com/nomoneyfc/status/841572443185537024
jobmomanyi1;14/03/2017 05:49;0;0;Speed, bravery;;;;8,41572E+17;https://twitter.com/jobmomanyi1/status/841572075512958976
FosterWalrath;14/03/2017 05:43;0;0;he's clutch in FIFA;;;;8,4157E+17;https://twitter.com/FosterWalrath/status/841570379978145792
ebukamathew1;14/03/2017 05:35;0;0;How Joshua Kimmich 'could pave the way for Barcelona' to sign Hector Bellerin from Arsenal http:// ibt.uk/A6lBQ?utm_sour ce=social&utm_medium=twitter&utm_campaign=/how-joshua-kimmich-could-pave-way-barcelona-sign-hector-bellerin-arsenal-1611344 …;;;;8,41568E+17;https://twitter.com/ebukamathew1/status/841568483380985858
mike_seans;14/03/2017 05:23;0;0;nah,he's a pace merchant and does fuck all more;;;;8,41565E+17;https://twitter.com/mike_seans/status/841565371756871680
mike_seans;14/03/2017 05:22;0;0;easy,he's a pace merchant;;;;8,41565E+17;https://twitter.com/mike_seans/status/841565250625380352
AmerTheAwesome1;14/03/2017 05:20;0;0;that he didn't leave despite having a shitty manager.;;;;8,41565E+17;https://twitter.com/AmerTheAwesome1/status/841564696297762817
White2Andy;14/03/2017 04:53;0;0;speed is gold in all forms of football;;;;8,41558E+17;https://twitter.com/White2Andy/status/841557785959583746
ah_spurs;14/03/2017 04:39;0;0;@Arsenal : What do you think is @HectorBellerin 's best attribute? Full version http:// arsn.al/ukWoSq … http:// ift.tt/2n3OWFI;;@Arsenal @HectorBellerin;;8,41554E+17;https://twitter.com/ah_spurs/status/841554356625428480
lunguman4;14/03/2017 04:38;0;0;his speed and skill.;;;;8,41554E+17;https://twitter.com/lunguman4/status/841554078119428097
cnkquartey;14/03/2017 04:33;0;2;be there and dont win anything and be praising players. Barca will come for @HectorBellerin and YOU will start from zero.;;@HectorBellerin;;8,41553E+17;https://twitter.com/cnkquartey/status/841552810684608512
AnaMyself2;14/03/2017 04:32;0;0;..his passion for;;;;8,41553E+17;https://twitter.com/AnaMyself2/status/841552547236192256
Arsenalmag_ir;14/03/2017 04:32;0;0;What do you think is HectorBellerin 's best attribute? Full version http:// arsn.al/ukWoSq pic.twitter.com/428XHQsmeR;;;;8,41553E+17;https://twitter.com/Arsenalmag_ir/status/841552542878318593
TawaryLloyd;14/03/2017 04:24;0;0;he needs to be stronger so he can defend better.he has to improve his crosses;;;;8,41551E+17;https://twitter.com/TawaryLloyd/status/841550695664885760
EPL_ArabicNews;14/03/2017 04:15;0;0;What do you think is HectorBellerin 's best attribute? Full version http:// arsn.al/ukWoSq pic.twitter.com/nR8R9N1zBb;;;;8,41548E+17;https://twitter.com/EPL_ArabicNews/status/841548323228127232
jocke557;14/03/2017 04:03;0;0;pace pace pace pace;;;;8,41545E+17;https://twitter.com/jocke557/status/841545409675837442
brian_adongo;14/03/2017 04:00;0;0;KUDOS man. Now the real HECTOR has started unleashing himself. continue like that onto the big games;;;;8,41544E+17;https://twitter.com/brian_adongo/status/841544472517304320
ikmuhd;14/03/2017 03:56;0;0;Arsenal: What do you think is HectorBellerin 's best attribute? Full version http:// arsn.al/ukWoSq pic.twitter.com/S6GvNaGz5f;;;;8,41544E+17;https://twitter.com/ikmuhd/status/841543531235856386
Arsenal256;14/03/2017 03:52;0;0;By Arsenal: What do you think is HectorBellerin 's best attribute? Full version http:// arsn.al/ukWoSq … https:// twitter.com/Arsenal/status /841539410222972929 …;;;;8,41543E+17;https://twitter.com/Arsenal256/status/841542500942794752
NTAHO1;14/03/2017 03:50;0;0;why didn't they play like this against bayern or against liverpool ?;;;;8,41542E+17;https://twitter.com/NTAHO1/status/841542042043969536
pottersbarphd;14/03/2017 03:49;0;0;getting changed after the match;;;;8,41542E+17;https://twitter.com/pottersbarphd/status/841541850540474371
FanDeTontonM;14/03/2017 03:49;0;1;can't defend can't cross can't tackle;;;;8,41542E+17;https://twitter.com/FanDeTontonM/status/841541773008764928
Cruhmb;14/03/2017 03:48;0;0;uhhhhh? Nvm bro u right;;;;8,41542E+17;https://twitter.com/Cruhmb/status/841541500919980033
dembestou;14/03/2017 03:46;0;0;it's freaking Lincoln eh settle down;;;;8,41541E+17;https://twitter.com/dembestou/status/841541029014716416
guwop;14/03/2017 03:46;3;8;his smile;;;;8,41541E+17;https://twitter.com/guwop/status/841540999335804928
SportsFreakRosh;14/03/2017 03:46;0;3;speed, pace and unlimited enthusiasm for football #COYG;;;#COYG;8,41541E+17;https://twitter.com/SportsFreakRosh/status/841540990435483648
ArmorGashi4;14/03/2017 03:46;0;0;What do you think is HectorBellerin 's best attribute? Full version http:// arsn.al/ukWoSq pic.twitter.com/GttOcrB6XA;;;;8,41541E+17;https://twitter.com/ArmorGashi4/status/841540966506999809
jdrstyles;14/03/2017 03:43;0;2;who cares about his hair mate he's fucking amazing;;;;8,4154E+17;https://twitter.com/jdrstyles/status/841540352876109824
OZOL1950;14/03/2017 03:43;0;0;Obviously his defending and aerial ability No Doubt!;;;;8,4154E+17;https://twitter.com/OZOL1950/status/841540343887622145
RAMZlZOU;14/03/2017 03:43;0;1;He is really technical and also very fast.;;;;8,4154E+17;https://twitter.com/RAMZlZOU/status/841540208508059650
Ellyne17h;14/03/2017 03:42;0;0;FLASH;;;;8,4154E+17;https://twitter.com/Ellyne17h/status/841539942278930432
Datta224V;14/03/2017 03:41;0;2;obviously his pace;;;;8,4154E+17;https://twitter.com/Datta224V/status/841539762607513600
posdrav;14/03/2017 03:41;0;14;it was Lincoln City ffs;;;;8,4154E+17;https://twitter.com/posdrav/status/841539761642864640
DanGibbs14;14/03/2017 03:41;0;1;He has a cute nose @arsenal @hectorbellerin;;@arsenal @hectorbellerin;;8,4154E+17;https://twitter.com/DanGibbs14/status/841539725848657920
NoShiitSherlock;14/03/2017 03:41;0;2;his video game skills;;;;8,4154E+17;https://twitter.com/NoShiitSherlock/status/841539724825239552
menteh_;14/03/2017 03:41;0;0;GOAT;;;;8,4154E+17;https://twitter.com/menteh_/status/841539721515810816
Iwobiesque;14/03/2017 03:41;0;1;cool;;;;8,4154E+17;https://twitter.com/Iwobiesque/status/841539659410763776
Mike_Ambrose0;14/03/2017 03:40;0;1;he is progressing well;;;;8,4154E+17;https://twitter.com/Mike_Ambrose0/status/841539623801257984
GunningHector;14/03/2017 03:40;0;0;his godly pace;;;;8,4154E+17;https://twitter.com/GunningHector/status/841539568050532352
Leokarun;14/03/2017 03:40;0;1;Deadly pace!!;;;;8,4154E+17;https://twitter.com/Leokarun/status/841539531723554816
Cechque;14/03/2017 03:40;0;13;his hair..not gonna lie;;;;8,4154E+17;https://twitter.com/Cechque/status/841539526287745024
aboobarazite;14/03/2017 03:40;0;4;his new hairstyle;;;;8,4154E+17;https://twitter.com/aboobarazite/status/841539516972244992
shawy194;14/03/2017 03:40;0;0;pace;;;;8,41539E+17;https://twitter.com/shawy194/status/841539461880127488
Mr_AlVil;14/03/2017 03:40;0;0;What do you think is HectorBellerin 's best attribute? Full version http:// arsn.al/ukWoSq pic.twitter.com/afMFL4JFj0;;;;8,41539E+17;https://twitter.com/Mr_AlVil/status/841539449469177856
Arsenal;14/03/2017 03:40;248;680;What do you think is @HectorBellerin 's best attribute? Full version http:// arsn.al/ukWoSq pic.twitter.com/eWVrsM127l;;@HectorBellerin;;8,41539E+17;https://twitter.com/Arsenal/status/841539410222972929
morenzyy;14/03/2017 03:04;0;1;I'm not fr I'm tryna grow it out like @HectorBellerin but we'll see;;@HectorBellerin;;8,4153E+17;https://twitter.com/morenzyy/status/841530499260665856
ForcaBarcaEN;14/03/2017 01:12;5;8;Although rumor, Barça met with Hector Bellerin 's agent to discuss a possible signing. His transfer could cost 40M [sport];;;;8,41502E+17;https://twitter.com/ForcaBarcaEN/status/841502234168893440
jonahsukrez;14/03/2017 01:03;0;0;New hair cut needed bro....For the fans!!;;;;8,415E+17;https://twitter.com/jonahsukrez/status/841500004892065792
JV9GYU;13/03/2017 22:52;0;0;I know it's impossible thing but @HectorBellerin move to @ManCity next season;;@HectorBellerin @ManCity;;8,41467E+17;https://twitter.com/JV9GYU/status/841467124912545792
Brutal_ID;13/03/2017 21:08;0;0;RT FCBarcelonaFl: Although rumor, Barça met with Hector Bellerin 's agent to discuss a possible signing. His transf… https:// twitter.com/i/web/status/8 41438287369777152 …;;;;8,41441E+17;https://twitter.com/Brutal_ID/status/841440760117506050
MesutOezil01;13/03/2017 21:08;0;0;Hi guys, may I introduce you my Ultimate XI? #PES2017 Pro Evolution Soccer Manuel Neuer | Hector Bellerin |... http:// fb.me/5eAilXHQP;;;#PES2017;8,41441E+17;https://twitter.com/MesutOezil01/status/841440759559651328
FCBarcelonaFl;13/03/2017 20:58;17;40;Although rumor, Barça met with Hector Bellerin 's agent to discuss a possible signing. His transfer could cost 40M [sport] pic.twitter.com/aQVDPj4CTy;;;;8,41438E+17;https://twitter.com/FCBarcelonaFl/status/841438287369777152
chloehefhef;13/03/2017 19:32;0;3;Hector bellerin is a bit of me;;;;8,41417E+17;https://twitter.com/chloehefhef/status/841416763619344384
kevdavis736;13/03/2017 19:20;11;34;New edit Fast as lightning @HectorBellerin @Arsenal RTs and Likes very much appreciated #WeAreTheArsenal pic.twitter.com/0zmOH3qvd3;;@HectorBellerin @Arsenal;#WeAreTheArsenal;8,41414E+17;https://twitter.com/kevdavis736/status/841413769528016896
S6jOSJ296abp3W9;13/03/2017 19:02;0;0;I have just bought Hector Bellerin in #dreamleaguesoccer pic.twitter.com/Yto4skUy6R;;;#dreamleaguesoccer;8,41409E+17;https://twitter.com/S6jOSJ296abp3W9/status/841409082305236992
nazzdesilva;13/03/2017 18:31;0;2;I have an obsession with you... @HectorBellerin pic.twitter.com/hes4dSXIfP;;@HectorBellerin;;8,41401E+17;https://twitter.com/nazzdesilva/status/841401463779807233
BlogsArsenal;13/03/2017 18:01;0;1;How Joshua Kimmich ‘could pave the way for Barcelona’ to sign Hector Bellerin from Arsenal http:// dlvr.it/Nch1rY #COYG pic.twitter.com/3duRlEZRZt;;;#COYG;8,41394E+17;https://twitter.com/BlogsArsenal/status/841393849314418688
ArsenalBlogs1;13/03/2017 18:01;0;0;How Joshua Kimmich ‘could pave the way for Barcelona’ to sign Hector Bellerin from Arsenal http:// bit.ly/FND_AFC #AFC pic.twitter.com/xFRkzZbdw0;;;#AFC;8,41394E+17;https://twitter.com/ArsenalBlogs1/status/841393843324911617
BarcelonaNews0;13/03/2017 18:01;0;0;How Joshua Kimmich ‘could pave the way for Barcelona’ to sign Hector Bellerin from Arsenal http:// bit.ly/FND_BFC #Barca;;;#Barca;8,41394E+17;https://twitter.com/BarcelonaNews0/status/841393836962209792
mancityn1;13/03/2017 18:01;0;0;How Joshua Kimmich ‘could pave the way for Barcelona’ to sign Hector Bellerin from Arsenal http:// bit.ly/FND_MCFC #MCFC;;;#MCFC;8,41394E+17;https://twitter.com/mancityn1/status/841393834445627392
FromTheEmirates;13/03/2017 18:01;0;0;How Joshua Kimmich ‘could pave the way for Barcelona’ to sign Hector Bellerin from Arsenal http:// bit.ly/FND_AFC #AFC;;;#AFC;8,41394E+17;https://twitter.com/FromTheEmirates/status/841393831241175040
BlueCity_Latest;13/03/2017 18:01;0;0;How Joshua Kimmich ‘could pave the way for Barcelona’ to sign Hector Bellerin from Arsenal http:// bit.ly/FND_MCFC #MCFC;;;#MCFC;8,41394E+17;https://twitter.com/BlueCity_Latest/status/841393831232716801
BlueCityNewsUK;13/03/2017 18:01;0;0;How Joshua Kimmich ‘could pave the way for Barcelona’ to sign Hector Bellerin from Arsenal http:// bit.ly/FND_MCFC #MCFC;;;#MCFC;8,41394E+17;https://twitter.com/BlueCityNewsUK/status/841393831073394688
BMunichNews;13/03/2017 18:01;0;0;How Joshua Kimmich ‘could pave the way for Barcelona’ to sign Hector Bellerin from Arsenal http:// dlvr.it/Nch1dW #Bayern;;;#Bayern;8,41394E+17;https://twitter.com/BMunichNews/status/841393830863634432
WhoToBeA_Gooner;13/03/2017 18:01;0;0;How Joshua Kimmich ‘could pave the way for Barcelona’ to sign Hector Bellerin from Arsenal http:// bit.ly/FND_AFC #AFC;;;#AFC;8,41394E+17;https://twitter.com/WhoToBeA_Gooner/status/841393827793444864
Arsenal_NewsUK;13/03/2017 18:01;0;0;How Joshua Kimmich ‘could pave the way for Barcelona’ to sign Hector Bellerin from Arsenal http:// bit.ly/FND_AFC #AFC;;;#AFC;8,41394E+17;https://twitter.com/Arsenal_NewsUK/status/841393796952739840
ArsenalNews05;13/03/2017 18:01;0;0;How Joshua Kimmich ‘could pave the way for Barcelona’ to sign Hector Bellerin from Arsenal http:// bit.ly/FND_AFC #AFC;;;#AFC;8,41394E+17;https://twitter.com/ArsenalNews05/status/841393796797493248
Gooner_NewsUK;13/03/2017 18:01;0;0;How Joshua Kimmich ‘could pave the way for Barcelona’ to sign Hector Bellerin from Arsenal http:// bit.ly/FND_AFC #AFC;;;#AFC;8,41394E+17;https://twitter.com/Gooner_NewsUK/status/841393796579381248
Gunner_Tweets;13/03/2017 18:01;0;0;How Joshua Kimmich ‘could pave the way for Barcelona’ to sign Hector Bellerin from Arsenal http:// bit.ly/FND_AFC #AFC;;;#AFC;8,41394E+17;https://twitter.com/Gunner_Tweets/status/841393795820220416
Man_CityNews0;13/03/2017 18:01;0;0;How Joshua Kimmich ‘could pave the way for Barcelona’ to sign Hector Bellerin from Arsenal http:// bit.ly/FND_MCFC #MCFC;;;#MCFC;8,41394E+17;https://twitter.com/Man_CityNews0/status/841393786425024512
FND_Arsenal;13/03/2017 18:01;0;0;How Joshua Kimmich ‘could pave the way for Barcelona’ to sign Hector Bellerin from Arsenal http:// bit.ly/FND_AFC #AFC;;;#AFC;8,41394E+17;https://twitter.com/FND_Arsenal/status/841393786156589056
ArsenalNewsNow_;13/03/2017 18:01;0;0;How Joshua Kimmich ‘could pave the way for Barcelona’ to sign Hector Bellerin from Arsenal http:// bit.ly/FND_AFC #AFC;;;#AFC;8,41394E+17;https://twitter.com/ArsenalNewsNow_/status/841393782880784384
Arsenal_News0;13/03/2017 18:01;0;0;How Joshua Kimmich ‘could pave the way for Barcelona’ to sign Hector Bellerin from Arsenal http:// bit.ly/FND_AFC #AFC;;;#AFC;8,41394E+17;https://twitter.com/Arsenal_News0/status/841393713662185472
jimmyflint89;13/03/2017 17:42;0;0;@HectorBellerin @Alex_OxChambo @alexiwobi @GrantXhaka any idea boys?;;@HectorBellerin @Alex_OxChambo @alexiwobi @GrantXhaka;;8,41389E+17;https://twitter.com/jimmyflint89/status/841388965408182272
afcstuff;13/03/2017 17:28;60;215;Image: Héctor Bellerín in attendance at the Emirates to show his support for the Arsenal U23s vs. Man City tonight. [SC: hectorbellerin ] pic.twitter.com/Pq03etjmiT;;;;8,41385E+17;https://twitter.com/afcstuff/status/841385438216617986
arsenal_ball;13/03/2017 17:07;0;3;How Joshua Kimmich 'could pave the way for Barcelona' to sign Hector Bellerin from Arsenal #arsenal pic.twitter.com/1MQUHkjWSG;;;#arsenal;8,4138E+17;https://twitter.com/arsenal_ball/status/841380274290188288
Gav_gavo;13/03/2017 16:58;1;2;Thierry Henry or @HectorBellerin;;@HectorBellerin;;8,41378E+17;https://twitter.com/Gav_gavo/status/841378038935875584
FanatikArsenal;13/03/2017 15:25;0;0;How Joshua Kimmich ‘could pave the way for Barcelona’ to sign Hector Bellerin from Arsenal http://www. afcfanatik.tk/2017/03/13/how -joshua-kimmich-could-pave-the-way-for-barcelona-to-sign-hector-bellerin-from-arsenal/ … pic.twitter.com/VmarqzFyIe;;;;8,41355E+17;https://twitter.com/FanatikArsenal/status/841354508097769477
FCEArsenal;13/03/2017 15:12;0;0;How Joshua Kimmich 'could pave the way for Barcelona' to sign Hector Bellerin from Ar.. http://www. fcexclusive.com/news/arsenal/h ow-joshua-kimmich-could-pave-the-way-for-barcelona-to-sign-hector-bellerin-from-arsenal-552597 … (Source: IB Times);;;;8,41351E+17;https://twitter.com/FCEArsenal/status/841351221290106881
ukbizz;13/03/2017 15:09;0;0;How Joshua Kimmich ‘could pave the way for Barcelona’ to sign Hector Bellerin from Arsenal http:// bit.ly/2mjYNCY #UK #UKBiz;;;#UK #UKBiz;8,4135E+17;https://twitter.com/ukbizz/status/841350481414889479
zyiteblog;13/03/2017 15:01;0;0;How Joshua Kimmich 'could pave the way for Barcelona' to sign Hector Bellerin from Arsenal http:// ow.ly/g7CA50a9BYR;;;;8,41349E+17;https://twitter.com/zyiteblog/status/841348528240766976
itzBUCKS;13/03/2017 13:45;0;1;Hector Bellerin https:// twitter.com/eleganteriksen /status/841329092217708544 …;;;;8,41329E+17;https://twitter.com/itzBUCKS/status/841329356102295552
indian_goooner;13/03/2017 09:42;0;0;@Arsenal @MesutOzil1088 @HectorBellerin @Alexis_Sanchez i won't give up on us, even if the skies get rough #gunner #onearsenal #onelove https:// twitter.com/Arsenal/status /841243134503858176 …;;@Arsenal @MesutOzil1088 @HectorBellerin @Alexis_Sanchez;#gunner #onearsenal #onelove;8,41268E+17;https://twitter.com/indian_goooner/status/841268284825600000
FranklinNliam;13/03/2017 08:48;0;0;you were good and now you are crap..!;;;;8,41255E+17;https://twitter.com/FranklinNliam/status/841254580935675904
afckayy;13/03/2017 08:11;1;0;11:11 @HectorBellerin as always x;;@HectorBellerin;;8,41245E+17;https://twitter.com/afckayy/status/841245203360960512
lewisuzzell;13/03/2017 07:50;0;1;lost at sea?;;;;8,4124E+17;https://twitter.com/lewisuzzell/status/841240145034641408
ZakSimmons;13/03/2017 07:34;0;0;@HectorBellerin loves a bit of robot wars;;@HectorBellerin;;8,41236E+17;https://twitter.com/ZakSimmons/status/841235915301376004
iArsenalApp;13/03/2017 07:06;0;1;Pain In The Arsenal: Arsenal: Mesut Ozil Putting Hector Bellerin On The Spot http://www. football-news365.co.uk/go/59681325;;;;8,41229E+17;https://twitter.com/iArsenalApp/status/841228950638624770
arsenalbuzztap;13/03/2017 07:06;0;1;paininthearsenal​.com >> Arsenal: Mesut Ozil Putting Hector Bellerin On The Spot http:// buzztap.com/-1765sr;;;;8,41229E+17;https://twitter.com/arsenalbuzztap/status/841228944288432128
l_lamani;13/03/2017 05:29;0;0;@mikesanz19 hahahaha;;@mikesanz19;;8,41205E+17;https://twitter.com/l_lamani/status/841204636417703936
zackariyha;13/03/2017 04:39;0;0;@Arsenal for the fans after you humiliate us against bayern, chelsea & liverpool? Is a FA Cup meant to change that? BanterFC;;@Arsenal;;8,41192E+17;https://twitter.com/zackariyha/status/841191901093081088
soccerft;13/03/2017 03:26;0;0;Barcelona in talks with Arsenal fullback Hector Bellerin http:// fb.me/6UOZw90TO;;;;8,41173E+17;https://twitter.com/soccerft/status/841173478925582336
ziegga;13/03/2017 01:31;0;1;that was silly @MesutOzil1088 @19SCazorla @Alexis_Sanchez @HectorBellerin @theowalcott https:// twitter.com/mikesanz19/sta tus/841060055952814082 …;;@MesutOzil1088 @19SCazorla @Alexis_Sanchez @HectorBellerin @theowalcott;;8,41145E+17;https://twitter.com/ziegga/status/841144683237642242
TakaleVarun;13/03/2017 01:17;1;1;@HectorBellerin I want to Play For ARSENAL;;@HectorBellerin;;8,41141E+17;https://twitter.com/TakaleVarun/status/841141222320295937
Murphwvu;13/03/2017 01:15;0;0;Who Will Arsenal In The Summer Transfer Window? #ArsenalFC #Gunners #HectorBellerin #PetrCech #MarvelousMarvs http:// buff.ly/2mhrIHR pic.twitter.com/kafUQduMEu;;;#ArsenalFC #Gunners #HectorBellerin #PetrCech #MarvelousMarvs;8,41141E+17;https://twitter.com/Murphwvu/status/841140523377283072
musakulu_amu;13/03/2017 01:14;0;0;Two @Arsenal players who have really impressed over this period of uncertainty are @HectorBellerin and @theowalcott;;@Arsenal @HectorBellerin @theowalcott;;8,4114E+17;https://twitter.com/musakulu_amu/status/841140262151819264
itiksembang;12/03/2017 23:58;0;0;@HectorBellerin bro, cut your hair. I think it is affecting your performance. Just CUT your hair. For the club, please. #afc;;@HectorBellerin;#afc;8,41121E+17;https://twitter.com/itiksembang/status/841121347602337792
itiksembang;12/03/2017 23:57;0;0;but he is the flash. So technically, he is @HectorBellerin;;@HectorBellerin;;8,41121E+17;https://twitter.com/itiksembang/status/841121119436394496
stanipkiss1;12/03/2017 22:02;0;0;so we can get humiliated by Spurs in front of 90,000 people? G, thanks;;;;8,41092E+17;https://twitter.com/stanipkiss1/status/841091971707998212
GoonerGaunty73;12/03/2017 21:12;0;0;Photo: Hector Bellerin sends message to Arsenal fans after FA Cup win http:// ift.tt/2mgXZP0;;;;8,41079E+17;https://twitter.com/GoonerGaunty73/status/841079390679289856
