username;date;retweets;favorites;text;geo;mentions;hashtags;id;permalink
BrooklynRoundup;13/04/2018 20:48;0;0;Did Conor McGregor and Floyd Mayweather Sign for a Rematch? http:// dlvr.it/QPT0QB pic.twitter.com/gqvzv09ecT;;;;9,84941E+17;https://twitter.com/BrooklynRoundup/status/984941366479237121
farley5417;13/04/2018 20:34;0;0;"@danawhite on a serious note @danawhite I say Connor does 1 free fight; proceeds to charity. He then get a shot at a title at weight or opponent of your choosing! Then you could drop the charges. Isn’t America about 2nd chances. @FloydMayweather @TheNot";;@danawhite @danawhite @FloydMayweather @TheNotoriousMMA;;9,84938E+17;https://twitter.com/farley5417/status/984937961094549504
beauticountry;13/04/2018 20:29;0;0;Did Conor McGregor and Floyd Mayweather Sign for a Rematch? http:// corneey.com/wOv1U9 pic.twitter.com/x9GRXW4NVD;;;;9,84937E+17;https://twitter.com/beauticountry/status/984936748487663616
YOURSCOREONAIR;13/04/2018 20:17;0;0;Its another Friday Night #combatsports . So much to talk give a call 614-641-0674 from 7-9pm her on Score Onair. I got UFC WWE Bellator MMA talk plus updates on Floyd Mayweather , Conor McGregor and #UFC223 and #Wrestlemania34 resuilts https://www. facebook.com/YOURSCOREONAIR /videos/1654829064604058/ …;;;#combatsports #UFC223 #Wrestlemania34;9,84934E+17;https://twitter.com/YOURSCOREONAIR/status/984933626424057856
dMarino24;13/04/2018 20:15;0;0;Conor McGregor warning sent to Floyd Mayweather as Dana White makes statement https://www. express.co.uk/sport/ufc/9450 06/Conor-McGregor-Floyd-Mayweather-Dana-White-UFC-News …;;;;9,84933E+17;https://twitter.com/dMarino24/status/984933185040601088
SimplifyReason;13/04/2018 20:14;1;0;FACT CHECK: Did Conor McGregor and Floyd Mayweather Sign for a Rematch? Did Conor McGregor and Floyd Mayweather Sign for a Rematch? via #Snopes #FactCheck pic.twitter.com/e6U0vUfBmW;;;#Snopes #FactCheck;9,84933E+17;https://twitter.com/SimplifyReason/status/984932821008560128
FactandMythCom;13/04/2018 20:09;0;0;Did Conor McGregor and Floyd Mayweather Sign for a Rematch? https:// ift.tt/2qw6ni1;;;;9,84932E+17;https://twitter.com/FactandMythCom/status/984931504542363648
niahpoo11;13/04/2018 19:57;0;0;I'd like to see Floyd Mayweather beat Conor McGregor . Cast your vote now! #MayMac365 https:// cards.twitter.com/cards/18ce54fs awy/4nesf …;;;#MayMac365;9,84929E+17;https://twitter.com/niahpoo11/status/984928682606256128
MattanzaMFedora;13/04/2018 18:46;0;0;I liked a @YouTube video http:// youtu.be/rlEyiKCxZCs?a Joe Rogan Explains Why Conor McGregor Gassed Against Floyd Mayweather;;@YouTube;;9,84911E+17;https://twitter.com/MattanzaMFedora/status/984910709296283648
Alejand60708764;13/04/2018 18:41;0;0;THE KING @thenotoriousmma @deedevlin1 @josealdojunior @floydmayweather sophialillis en… https://www. instagram.com/p/BhhbQ4Zhzkl/;;@thenotoriousmma @deedevlin1 @josealdojunior @floydmayweather;;9,84909E+17;https://twitter.com/Alejand60708764/status/984909342167130112
AweeesomeCars;13/04/2018 18:40;0;0;Please RT if you like!! #luxurycars #luxury #supercars #cars Floyd Mayweather Calls Out Conor McGregor http:// tinyurl.com/yadbz7tn pic.twitter.com/nEeGxi6D9G;;;#luxurycars #luxury #supercars #cars;9,84909E+17;https://twitter.com/AweeesomeCars/status/984909290677919744
thebigrighthand;13/04/2018 18:25;0;0;Conor McGregor warning sent to Floyd Mayweather as Dana White makes statement - http:// Express.co.uk - http:// tinyurl.com/y7qfb3jz pic.twitter.com/9DSKT0UjrC;;;;9,84905E+17;https://twitter.com/thebigrighthand/status/984905365023227905
mwhyatt91;13/04/2018 16:34;0;2;Floyd Mayweather is a bitch, fight under full UFC rules @FloydMayweather @TheNotoriousMMA can’t wait for #UFC223;;@FloydMayweather @TheNotoriousMMA;#UFC223;9,84877E+17;https://twitter.com/mwhyatt91/status/984877394929635329
mwhyatt91;13/04/2018 16:31;0;1;@FloydMayweather fight under full mma rules. B*tch! @TheNotoriousMMA #UFC223;;@FloydMayweather @TheNotoriousMMA;#UFC223;9,84877E+17;https://twitter.com/mwhyatt91/status/984876779495096322
williamlloyd99;13/04/2018 16:19;0;1;Connor is a good, trained boxer but Floyd broke him down in the boxing ring. BTW professional boxing and MMA have completely different rules.;;;;9,84874E+17;https://twitter.com/williamlloyd99/status/984873621771370496
syed_j_alam;13/04/2018 16:10;0;1;@TheNotoriousMMA should do a rematch with @FloydMayweather in @WWE . That way everyone gets rich. #Winning;;@TheNotoriousMMA @FloydMayweather @WWE;#Winning;9,84871E+17;https://twitter.com/syed_j_alam/status/984871406403022848
FOHx316;13/04/2018 15:15;0;1;If the rumors are true and @TheNotoriousMMA is gonna fight @FloydMayweather with certain rules in the cage, then personally it’s a cheaper version of their first fight. Rather see @TheNotoriousMMA vs @TeamKhabib for the strap!;;@TheNotoriousMMA @FloydMayweather @TheNotoriousMMA @TeamKhabib;;9,84858E+17;https://twitter.com/FOHx316/status/984857691397947392
LiamFrancis95;13/04/2018 14:45;0;0;Thank you pres;;;;9,8485E+17;https://twitter.com/LiamFrancis95/status/984849964097417217
GFofBoxing;13/04/2018 14:40;0;0;Conor McGregor vs Floyd Mayweather 2 edges closer Dana White makes huge statement https://www. express.co.uk/sport/ufc/9445 90/Conor-McGregor-Floyd-Mayweather-UFC-Fight-Dana-White-Statement …;;;;9,84849E+17;https://twitter.com/GFofBoxing/status/984848739612397568
McMillanWhiskey;13/04/2018 14:30;0;2;Dear @ufc if @FloydMayweather is unwilling to fight @TheNotoriousMMA 100% under the same rules as all UFC fighters, he doesn't deserve my money. #chicken pic.twitter.com/dqobJDAm95;;@ufc @FloydMayweather @TheNotoriousMMA;#chicken;9,84846E+17;https://twitter.com/McMillanWhiskey/status/984846260158042112
MCR_K_;13/04/2018 14:12;0;1;Are you serious !!!!????? Floyd Would Beat The Shit Out Of @TheNotoriousMMA Again !!!!;;@TheNotoriousMMA;;9,84842E+17;https://twitter.com/MCR_K_/status/984841794633523200
GavinHouk_;13/04/2018 14:05;0;0;Yeah he does. He boxes thats part of mma. Now figure the rest out;;;;9,8484E+17;https://twitter.com/GavinHouk_/status/984839964419674112
8goody3;13/04/2018 13:50;0;1;If he gets into the octagon with @TheNotoriousMMA he is going to wish he got shot last week #mayweather #McGregor #ufc #skysports;;@TheNotoriousMMA;#mayweather #McGregor #ufc #skysports;9,84836E+17;https://twitter.com/8goody3/status/984836309574406144
DSK2018;13/04/2018 12:43;0;1;@TheNotoriousMMA facial expressions after the @TeamKhabib bus incident, should have been the look after losing to @FloydMayweather - Conor has a revenge stare going on recently! Or, I'm screwed look, but doubt he is in any serious trouble..;;@TheNotoriousMMA @TeamKhabib @FloydMayweather;;9,84819E+17;https://twitter.com/DSK2018/status/984819375197663232
FightDiscovery;13/04/2018 12:06;0;0;"DANA WHITE ON FLOYD MAYWEATHER VS CONOR MCGREGOR IN MMA !  CONOR ENDS IT QUICK "" #MMA #BOXING : http:// youtu.be/tX4mXB73FX4?a via @YouTube""";;@YouTube;#MMA #BOXING;9,8481E+17;https://twitter.com/FightDiscovery/status/984810056888737792
FightDiscovery;13/04/2018 12:06;0;0;"I added a video to a @YouTube playlist http:// youtu.be/tX4mXB73FX4?a DANA WHITE ON FLOYD MAYWEATHER VS CONOR MCGREGOR IN MMA !  CONOR ENDS""";;@YouTube;;9,8481E+17;https://twitter.com/FightDiscovery/status/984810024915550210
TCKuo2283;13/04/2018 11:57;0;0;New @sherdogdotcom editorial asserts @FloydMayweather v @TheNotoriousMMA MMA/ @ufc match ought to take place using @Karate_Combat rules. I wholeheartedly agree!! No Kicks + No Takedowns = no MMA #Osu #KarateIsBack http://www. sherdog.com/news/articles/ A-Longshot-Compromise-134951 …;;@sherdogdotcom @FloydMayweather @TheNotoriousMMA @ufc @Karate_Combat;#Osu #KarateIsBack;9,84808E+17;https://twitter.com/TCKuo2283/status/984807840564043776
vpaolah;13/04/2018 11:34;0;0;Floyd Mayweather will fight Conor McGregor in the octagon. With 4 ounce gloves, no shoes, 5-five minute rounds in 155 division. No kicks, no take downs, no elbows, no knees. Certain things will be allowed like the clinch.;;;;9,84802E+17;https://twitter.com/vpaolah/status/984802070753505281
tommyii77;13/04/2018 11:34;0;0;I don't know that I could be his spokesman. I would need subtitles!!;;;;9,84802E+17;https://twitter.com/tommyii77/status/984801934124122117
CharlesKendric3;13/04/2018 11:15;0;0;Floyd Mayweather Vs. Conor McGregor 2 Will Happen In Octagon With Modified Rules, Per Report https:// modo.ly/2IIWFAg https:// sports.yahoo.com/m/4dd81103-411 b-3bb6-aa9b-69b3e5d054a4/ss_floyd-mayweather-vs.-conor.html?soc_src=social-sh&soc_trk=tw …;;;;9,84797E+17;https://twitter.com/CharlesKendric3/status/984797146045190144
CharlesKendric3;13/04/2018 11:15;0;0;Floyd Mayweather Vs. Conor McGregor 2 Will Happen In Octagon With Modified Rules, Per https:// modo.ly/2IIWFAg ... pic.twitter.com/hm39jsGWEE;;;;9,84797E+17;https://twitter.com/CharlesKendric3/status/984797131738370048
FrankieBoyleBot;13/04/2018 11:12;0;0;Louis Theroux retweeting his own Bot is a bit like Floyd Mayweather releasing a death metal album with Conor McGregor;;;;9,84797E+17;https://twitter.com/FrankieBoyleBot/status/984796593109909505
snuggs66;13/04/2018 11:12;0;1;it’s not real. Dana White confirmed it to be false.;;;;9,84797E+17;https://twitter.com/snuggs66/status/984796545680859143
sherdogdotcom;13/04/2018 10:15;1;6;A Longshot Compromise: Karate Combat offers the rules under which the Floyd Mayweather - Conor McGregor rematch should be contested, writes @Carbazel http:// bit.ly/2vg0R8T pic.twitter.com/0bIWgOpU41;;@Carbazel;;9,84782E+17;https://twitter.com/sherdogdotcom/status/984782003789643777
NofNews_Aus;13/04/2018 09:41;0;0;Notorious vs Floyd rematch? UFC: Former boxing heavyweight champion Lennox Lewis sparked rumour about a Conor McGregor vs Floyd Mayweather rematch. MMA commentator... https:// is.gd/GWoRGK;;;;9,84774E+17;https://twitter.com/NofNews_Aus/status/984773566154473472
Fuzzlcfc;13/04/2018 09:10;0;0;Yawn yawn Zzzzzzzzzz;;;;9,84766E+17;https://twitter.com/Fuzzlcfc/status/984765857166278656
Wrestle_Actions;13/04/2018 08:59;0;0;Despite Dana White’s Denials, Floyd Mayweather ’s UFC Claims Are Backed By Showtime https:// wrestlingactions.com/despite-dana-w hites-denials-floyd-mayweathers-ufc-claims-are-backed-by-showtime/ … #ConorMcGregor #FloydMayweather;;;#ConorMcGregor #FloydMayweather;9,84763E+17;https://twitter.com/Wrestle_Actions/status/984763077710286848
musicukacts;13/04/2018 08:45;1;1;Conor McGregor Takes Shots At Diddy, Floyd Mayweather & 50 Cent On Instagram! https:// youtu.be/BXD6HUkaD38?Px Kp …;;;;9,8476E+17;https://twitter.com/musicukacts/status/984759524312715265
dopefr3shmusic;13/04/2018 07:39;0;0;CONOR McGREGOR REACTS TO HIS 10th ROUND TKO DEFEAT TO FLOYD MAYWEATHER / MAYWEATHER v McGREGOR https:// youtu.be/tc7aPjhHS6I?hGA;;;;9,84743E+17;https://twitter.com/dopefr3shmusic/status/984742892282437632
1resonnance;13/04/2018 07:09;0;1;Forget @TheNotoriousMMA vs @FloydMayweather Forget @ChampionsLeague final Forget @OfficialFPL If Tyson Fury fights @anthonyfjoshua the world will stop. In the meantime all roads lead to victory. #HesBack #TheMackIsBack;;@TheNotoriousMMA @FloydMayweather @ChampionsLeague @OfficialFPL @anthonyfjoshua;#HesBack #TheMackIsBack;9,84735E+17;https://twitter.com/1resonnance/status/984735206639915008
gratrix_jono;13/04/2018 06:59;0;0;Tyson Gives His Honest Opinion On Conor McGregor vs Floyd Mayweather … http:// ufcera.com/tyson-gives-hi s-honest-opinion-on-conor-mcgregor-vs-floyd-mayweather-2/ …;;;;9,84733E+17;https://twitter.com/gratrix_jono/status/984732900548599808
Sagacity_Tech;13/04/2018 06:37;2;2;Floyd Mayweather Vs. Conor McGregor 2 Will Happen In Octagon With Modified Rules, Per Report via @forbes http://www. forbes.com/sites/brianmaz ique/2018/04/09/floyd-mayweather-vs-conor-mcgregor-2-will-happen-in-octagon-with-modified-rules-per-report/#392cc3a06106 …;;@forbes;#392cc3a06106;9,84727E+17;https://twitter.com/Sagacity_Tech/status/984727368186126336
escotinos;13/04/2018 05:47;0;1;A felony charge interfering with a fighter trying to fight in another area of the world... Paging Connor MacGregor @TheNotoriousMMA @BrendanSchaub @FloydMayweather;;@TheNotoriousMMA @BrendanSchaub @FloydMayweather;;9,84715E+17;https://twitter.com/escotinos/status/984714673625776128
originaluksound;13/04/2018 05:27;0;0;Conor McGregor Takes Shots At Diddy, Floyd Mayweather & 50 Cent On Instagram! https:// youtu.be/BXD6HUkaD38?48n;;;;9,8471E+17;https://twitter.com/originaluksound/status/984709737647431680
sherdogdotcom;13/04/2018 05:15;5;9;A Longshot Compromise: Karate Combat offers the rules under which the Floyd Mayweather - Conor McGregor rematch should be contested, writes @Carbazel http:// bit.ly/2vg0R8T pic.twitter.com/v9BBT5Ukpy;;@Carbazel;;9,84707E+17;https://twitter.com/sherdogdotcom/status/984706504828837889
_vvega_;13/04/2018 03:53;0;1;Nope;;;;9,84686E+17;https://twitter.com/_vvega_/status/984685921755901952
skovax;13/04/2018 03:48;0;6;Would you be interested in having the rematch between @TheNotoriousMMA and @FloydMayweather under @Karate_Combat rules? @sherdogdotcom thinks it wouldn’t be a bad idea. #karatecombat #karatecom https:// twitter.com/sherdogdotcom/ status/984631007667281921 …;;@TheNotoriousMMA @FloydMayweather @Karate_Combat @sherdogdotcom;#karatecombat #karatecom;9,84685E+17;https://twitter.com/skovax/status/984684753621274624
wingspromotion1;13/04/2018 03:25;1;2;Conor McGregor Takes Shots At Diddy, Floyd Mayweather & 50 Cent On Instagram! https:// youtu.be/BXD6HUkaD38?Vq MU …;;;;9,84679E+17;https://twitter.com/wingspromotion1/status/984678865342812160
KevMatara;13/04/2018 03:20;0;0;Sports: Rumours suggest Floyd Mayweather will fight Conor McGregor with modified rules — but they'll benefit only one man http://www. pulselive.co.ke/8238452?utm_so urce=twitter&utm_medium=social_user&utm_campaign=plive_web …;;;;9,84678E+17;https://twitter.com/KevMatara/status/984677658217852928
BenJambo1;13/04/2018 02:21;0;2;More fool them for spending money on it. I won't be.;;;;9,84663E+17;https://twitter.com/BenJambo1/status/984662879256199168
prodbyjg;13/04/2018 01:54;0;1;by all means, i still think @TheNotoriousMMA sold out the first match. There’s no way TMT gonna pay a man 100 million dollars and walk away with the win over @FloydMayweather;;@TheNotoriousMMA @FloydMayweather;;9,84656E+17;https://twitter.com/prodbyjg/status/984656161969291264
prodbyjg;13/04/2018 01:53;0;0;how about you boys fight in a ring, with strikeforce stand up regulations?!! Whats the point of the octagon if you can’t be fully combative? @TheNotoriousMMA @FloydMayweather @ufc https://www. express.co.uk/sport/ufc/9444 36/Conor-McGregor-Floyd-Mayweather-Dana-White-UFC-News …;;@TheNotoriousMMA @FloydMayweather @ufc;;9,84656E+17;https://twitter.com/prodbyjg/status/984655732019625984
SargentDesignCo;13/04/2018 01:35;1;2;"@ChaelSonnen @arielhelwani @BrendanSchaub correct me if I am wrong but I don't recall seeing judo throws banned for the @TheNotoriousMMA vs @FloydMayweather mma"" bout.""";;@ChaelSonnen @arielhelwani @BrendanSchaub @TheNotoriousMMA @FloydMayweather;;9,84651E+17;https://twitter.com/SargentDesignCo/status/984651199025573888
LMKLEE7;13/04/2018 01:31;0;0;Floyd Mayweather Jr. condemns Conor McGregor ’s actions with ironic comment http:// a.msn.com/02/en-us/AAvCM FE?ocid=st …;;;;9,8465E+17;https://twitter.com/LMKLEE7/status/984650137845751809
christi_x10;13/04/2018 01:10;0;1;Lionel Messi, Tom Brady, Lebron James, Cristiano Ronaldo, Kobe Bryant, Serena Williams, Floyd Mayweather , Stephen Curry, Roger Federer, Hope Solo, Usain Bolt, Conor McGregor , Michael Phelps, Alex Morgan, Peyton Manning, our generation is privileged holy shit;;;;9,84645E+17;https://twitter.com/christi_x10/status/984644930986565633
OFO_ka_S;13/04/2018 00:20;0;0;A Longshot Compromise: Karate Combat offers the rules under which the Floyd Mayweather - Conor McGregor rematch should be contested, writes @Carbazel http:// bit.ly/2vg0R8T pic.twitter.com/ydRUhOUdkq;;@Carbazel;;9,84632E+17;https://twitter.com/OFO_ka_S/status/984632384195891200
sherdogdotcom;13/04/2018 00:15;1;4;A Longshot Compromise: Karate Combat offers the rules under which the Floyd Mayweather - Conor McGregor rematch should be contested, writes @Carbazel http:// bit.ly/2vg0R8T pic.twitter.com/NQYV3uZfEs;;@Carbazel;;9,84631E+17;https://twitter.com/sherdogdotcom/status/984631007667281921
umermahm00d;13/04/2018 00:09;0;1;when Conor mcgregor told Floyd mayweather , why he carries around a backpack when he can’t even read... I felt that;;;;9,8463E+17;https://twitter.com/umermahm00d/status/984629641389494272
crushshotsports;12/04/2018 23:43;0;0;Floyd Mayweather vs Conor Mc Gregor UFC fight expected to happen with modified Rules http:// dlvr.it/QP6l6g …… https:// twitter.com/i/web/status/9 84344417426444288 … - http:// tinyurl.com/y8n46fvc;;;;9,84623E+17;https://twitter.com/crushshotsports/status/984623039722729472
flyboymusiq2;12/04/2018 23:27;0;0;Conor McGregor Takes Shots At Diddy, Floyd Mayweather & 50 Cent On Instagram! https:// youtu.be/BXD6HUkaD38?wy TS …;;;;9,84619E+17;https://twitter.com/flyboymusiq2/status/984618977346408448
Ultra_Don;12/04/2018 23:22;0;0;No kidding ..Connor Fought Floyd in his game Now its time to return the favor . Shouldnt even be a disscussion;;;;9,84618E+17;https://twitter.com/Ultra_Don/status/984617807047376896
ATGRADIO;12/04/2018 22:58;0;0;Dana only owns 10% of the UFC these days, he follows whatever the other owners want now.;;;;9,84612E+17;https://twitter.com/ATGRADIO/status/984611756759805952
JMike71;12/04/2018 22:53;0;0;Have a look at this http:// youtu.be/XVeRk7piOnk Floyd Mayweather Says 'Don't Compare Conor McGregor to Me'... 'Total Disrespect' | TMZ Sports;;;;9,84611E+17;https://twitter.com/JMike71/status/984610573584404481
moej88;12/04/2018 22:10;0;2;What would the rules be Dan? Surely not traditional mma rules, Floyd will stand no chance.;;;;9,846E+17;https://twitter.com/moej88/status/984599574617534466
hombre__obscuro;12/04/2018 22:04;0;0;There's always a catch. Modified rules is likely;;;;9,84598E+17;https://twitter.com/hombre__obscuro/status/984598261582442497
JWDrennan;12/04/2018 21:59;0;0;Couldn't agree more mate.;;;;9,84597E+17;https://twitter.com/JWDrennan/status/984596808524382208
luxuryliferss;12/04/2018 21:57;0;0;Please RT if you like!! #luxurycars #luxury #supercars #cars Floyd Mayweather Calls Out Conor McGregor http:// tinyurl.com/yadbz7tn pic.twitter.com/1rrB1yDcbg;;;#luxurycars #luxury #supercars #cars;9,84596E+17;https://twitter.com/luxuryliferss/status/984596371893358592
NOfNews_Ireland;12/04/2018 21:47;0;0;Dana White pours cold water over rumours of Conor McGregor - Floyd Mayweather rematch A Dubai based journalist posted a series of tweets claiming the pair will clash in the Octagon with modified rules https:// is.gd/EUNuFr;;;;9,84594E+17;https://twitter.com/NOfNews_Ireland/status/984593783974064128
fullmotorss;12/04/2018 21:40;0;0;Please RT if you like!! #luxurycars #luxury #supercars #cars Floyd Mayweather Calls Out Conor McGregor With. http:// bit.ly/2sAPO8A pic.twitter.com/vGyJvbjHye;;;#luxurycars #luxury #supercars #cars;9,84592E+17;https://twitter.com/fullmotorss/status/984592021678706689
NetworkofnewsUK;12/04/2018 21:34;0;0;Conor McGregor vs Floyd Mayweather 2: Dana White reveals rematch deal hasn't been agreed UFC president Dana White has dismissed suggestions of a rematch between Conor McGregor and Floyd Mayweather Jr being agreed. https:// is.gd/3MxuPQ pic.twitter.com/rDQO88e9Vp;;;;9,84591E+17;https://twitter.com/NetworkofnewsUK/status/984590598890864641
BusInsiderSG;12/04/2018 21:18;0;0;Floyd Mayweather criticises UFC fighter Conor McGregor over the alleged bus attack https:// ebx.sh/2EtVm5J pic.twitter.com/zVBg8sHrO9;;;;9,84587E+17;https://twitter.com/BusInsiderSG/status/984586525563383809
Michaelshackel;12/04/2018 21:11;0;0;I was looking to see khabib get put to sleep by McGregor .... Biggest fight in UFC... Nate Diaz vs Stephen Thompson;;;;9,84585E+17;https://twitter.com/Michaelshackel/status/984584926300442627
dca_official98;12/04/2018 21:08;0;0;New Floyd Mayweather bodyguards on Conor McGregor bus attack https:// youtu.be/UKqp7KgiKDc;;;;9,84584E+17;https://twitter.com/dca_official98/status/984584065872523265
BEARZBEARZBEARZ;12/04/2018 20:59;0;0;Nothing, compared to a Yankees - Red Sox game! Floyd Mayweather Jr. condemns Conor McGregor ’s actions with ironic comment http:// a.msn.com/02/en-us/AAvCM FE?ocid=st …;;;;9,84582E+17;https://twitter.com/BEARZBEARZBEARZ/status/984581787169927169
Flober_CS;12/04/2018 20:22;0;0;I liked a @YouTube video http:// youtu.be/8jnu3_-EvAY?a Conor Mcgregor Training for Floyd Mayweather | Muscle Madness;;@YouTube;;9,84573E+17;https://twitter.com/Flober_CS/status/984572606572613637
finessefresh1;12/04/2018 20:14;0;0;Conor McGregor vs Floyd Mayweather II Set to Fight in Octagon with Modified Ruleset http://www. csfights.com/conor-mcgregor -vs-floyd-mayweather-ii-set-fight-octagon-modified-rules/ …;;;;9,8457E+17;https://twitter.com/finessefresh1/status/984570358962384896
A__A__R0N;12/04/2018 20:10;0;1;@BrendanSchaub , @joerogan what if @TheNotoriousMMA clinches with @FloydMayweather takes his back and chokes him unconscious? #AskingForAFriend;;@BrendanSchaub @joerogan @TheNotoriousMMA @FloydMayweather;#AskingForAFriend;9,84569E+17;https://twitter.com/A__A__R0N/status/984569436504899584
Brandon60833098;12/04/2018 19:54;0;1;The ufc fight that will make more history will be @TheNotoriousMMA vs @FloydMayweather in the octagon @ufc @UFCTonight @fightnet @joerogan @danawhite;;@TheNotoriousMMA @FloydMayweather @ufc @UFCTonight @fightnet @joerogan @danawhite;;9,84565E+17;https://twitter.com/Brandon60833098/status/984565324971433984
Flober_CS;12/04/2018 19:47;0;0;I liked a @YouTube video http:// youtu.be/Luch6LY9gio?a Floyd Mayweather fires back at Conor McGregor 'The fans can't fight for you' | TOR |;;@YouTube;;9,84564E+17;https://twitter.com/Flober_CS/status/984563606573535232
sherdogdotcom;12/04/2018 19:15;0;1;A Longshot Compromise: Karate Combat offers the rules under which the Floyd Mayweather - Conor McGregor rematch should be contested, writes @Carbazel http:// bit.ly/2vg0R8T pic.twitter.com/7ahf5YhwmP;;@Carbazel;;9,84556E+17;https://twitter.com/sherdogdotcom/status/984555510480408576
BROWERPOWER69;12/04/2018 18:46;0;0;Floyd Mayweather will be the biggest underdog in a UFC fight history if he agrees to fight Conor McGregor;;;;9,84548E+17;https://twitter.com/BROWERPOWER69/status/984548321334321153
MooreGagekennet;12/04/2018 18:42;0;1;Floyd Mayweather Vs. Conor McGregor 2 Will Happen in UFC Octagon With 'Modified Rules', Reports Say https://www. maxim.com/sports/mayweat her-mcgregor-2-fight-rules-2018-4 …;;;;9,84547E+17;https://twitter.com/MooreGagekennet/status/984547211806556160
padraicotoole;12/04/2018 18:32;0;2;A boxing match with no shoes;;;;9,84545E+17;https://twitter.com/padraicotoole/status/984544813579161600
Tommctaggart;12/04/2018 18:28;0;0;McGregor v khabib or McGregor 's v Diaz should be next .... Not a shit boxing fight in a cage;;;;9,84544E+17;https://twitter.com/Tommctaggart/status/984543707063078918
flyboymusiq2;12/04/2018 18:22;0;0;Conor McGregor Takes Shots At Diddy, Floyd Mayweather & 50 Cent On Instagram! https:// youtu.be/BXD6HUkaD38?3GQ;;;;9,84542E+17;https://twitter.com/flyboymusiq2/status/984542235134918657
_goodmen;12/04/2018 17:39;1;0;Report: Floyd Mayweather Will Fight Conor McGregor In The Octagon* http:// dlvr.it/QPLJjQ pic.twitter.com/Lgp5CNiumm;;;;9,84531E+17;https://twitter.com/_goodmen/status/984531370314612736
MMAMELEE;12/04/2018 17:34;0;0;. @danawhite and @MikeTyson #MikeTyson on How #Conormcregor @TheNotoriousMMA vs #FloydMayweather @FloydMayweather In #UFC Would Go https:// mmamelee.com/videos/716/221 52 … #MMA #boxing;;@danawhite @MikeTyson @TheNotoriousMMA @FloydMayweather;#MikeTyson #Conormcregor #FloydMayweather #UFC #MMA #boxing;9,8453E+17;https://twitter.com/MMAMELEE/status/984530095963541505
IndaCypha;12/04/2018 17:30;0;0;Floyd Mayweather Vs. Conor McGregor 2 Will Happen In Octagon With Modified Rules, Per Report http://www. forbes.com/sites/brianmaz ique/2018/04/09/floyd-mayweather-vs-conor-mcgregor-2-will-happen-in-octagon-with-modified-rules-per-report/?utm_source=FACEBOOK&utm_medium=social&utm_term=Valerie/#76616c657269 …;;;#76616c657269;9,84529E+17;https://twitter.com/IndaCypha/status/984529334294609920
TheDonJTrumpsta;12/04/2018 17:09;0;0;Hit the gym earlier to train with my mate @OscarDeLaHoya ! I'm currently in talks with @ufc to fight @FloydMayweather , @TheNotoriousMMA & @BrockLesnar in a $2billion deal! Good to see you Oscar! #Training #Lads #Oscar #UFC #MMA #Trump #Deal #Billionaire #FightMe #Trump2020 #MAGA pic.twitter.com/9KPjS5TTBp;;@OscarDeLaHoya @ufc @FloydMayweather @TheNotoriousMMA @BrockLesnar;#Training #Lads #Oscar #UFC #MMA #Trump #Deal #Billionaire #FightMe #Trump2020 #MAGA;9,84524E+17;https://twitter.com/TheDonJTrumpsta/status/984523838196248576
SpraoNews;12/04/2018 16:26;0;0;Report: Floyd Mayweather Will Fight Conor McGregor In The Octagon* http:// dlvr.it/QPL1yV pic.twitter.com/GUE7gC3az8;;;;9,84513E+17;https://twitter.com/SpraoNews/status/984513225268998144
Bootylucious9;12/04/2018 16:24;0;0;I'd like to see Floyd Mayweather beat Conor McGregor . Cast your vote now! #MayMac365 https:// cards.twitter.com/cards/18ce54fs awy/4nesf …;;;#MayMac365;9,84513E+17;https://twitter.com/Bootylucious9/status/984512709893947392
Khampepe5Tshepa;12/04/2018 16:24;0;0;I think Conor McGregor would beat Floyd Mayweather . Cast your vote now! https:// cards.twitter.com/cards/18ce54fg l4f/47kog …;;;;9,84513E+17;https://twitter.com/Khampepe5Tshepa/status/984512626917978112
jonjones;12/04/2018 15:47;0;1;haha no worries, man. :);;;;9,84503E+17;https://twitter.com/jonjones/status/984503338250260480
ejuarez3;12/04/2018 15:35;0;0;I wouldn't be surprised if Connor vs Mayweather will be done for another promotion. Maybe with Connors antics at 223 was done to get released from his UFC contract to get freedom to make this stupid rules for a fight with Mayweather. There's alot of money to be made 4 this fight;;;;9,845E+17;https://twitter.com/ejuarez3/status/984500189548466177
kohcostage;12/04/2018 15:27;1;0;Oooooooohhhhhhh @TheNotoriousMMA Rumours suggest Floyd Mayweather will fight Conor McGregor with modified rules — but they'll benefit only one man https:// search.app.goo.gl/u6Zt8 Shared from my Google feed;;@TheNotoriousMMA;;9,84498E+17;https://twitter.com/kohcostage/status/984498248764280832
NOfNews_Ireland;12/04/2018 15:08;0;0;'Dumbest s**t I ever heard' - Dana White rubbishes claim of modified rules Mayweather- McGregor rematch UFC president Dana White has rubbished reports that Conor McGregor and Floyd Mayweather are set for a rematch. https:// is.gd/GR0tau;;;;9,84493E+17;https://twitter.com/NOfNews_Ireland/status/984493461209473024
at1_786;12/04/2018 15:05;0;0;Most Definitely;;;;9,84493E+17;https://twitter.com/at1_786/status/984492600160870401
SusanCingari;12/04/2018 15:05;0;0;RT @BradTavares : RT @MMAjunkie : #UFCGlendale co-headliner Israel Adesanya ( @stylebender ) has some thoughts on a potential @TheNotoriousMMA vs. @FloydMayweather rematch. More from 'The Last Stylebender' here: https:// buff.ly/2v7oFeK https:// buff.ly/2IQWAdB;;@BradTavares @MMAjunkie @stylebender @TheNotoriousMMA @FloydMayweather;#UFCGlendale;9,84493E+17;https://twitter.com/SusanCingari/status/984492595404472320
nikthehat;12/04/2018 14:57;1;2;Courthouse SHOWDOWN! Andrew Wyatt, Ebonee Benson v. @GloriaAllred @LisaBloom . This beat watching @TheNotoriousMMA v. @FloydMayweather . Definitely the likes of a @PayPerViewMatch pic.twitter.com/YdNkSKllYV;;@GloriaAllred @LisaBloom @TheNotoriousMMA @FloydMayweather @PayPerViewMatch;;9,84491E+17;https://twitter.com/nikthehat/status/984490596751544321
luxury_paradise;12/04/2018 14:55;0;0;Please RT if you like!! #luxurycars #luxury #supercars #cars Floyd Mayweather Calls Out Conor McGregor http:// tinyurl.com/yadbz7tn pic.twitter.com/Z7lE3lts9P;;;#luxurycars #luxury #supercars #cars;9,8449E+17;https://twitter.com/luxury_paradise/status/984490325916954625
shortbro32;12/04/2018 14:49;0;1;Not interested. Not wasting my money.;;;;9,84489E+17;https://twitter.com/shortbro32/status/984488816697380864
TheCryptoneur;12/04/2018 14:38;2;7;@FloydMayweather @TheNotoriousMMA @danawhite @ufc @MayweatherPromo I own http://www. mayweathervsmcgregor.com . We all know this fight is going to happen eventually. Let’s talk about the sale of this domain name. #MayweatherMcGregor2 #ufc #connormcgrego;;@FloydMayweather @TheNotoriousMMA @danawhite @ufc @MayweatherPromo;#MayweatherMcGregor2 #ufc #connormcgregor #mayweather #business #letsmakeadeal;9,84486E+17;https://twitter.com/TheCryptoneur/status/984485831040819201
JPluckwell;12/04/2018 14:31;0;0;I like the attitude of a lot of these upcoming fighters! Feel like the guy is always himself in interviews and stuff and seems a pretty interesting guy. Hope to see @stylebender back his words up fighting and climb the ranks;;@stylebender;;9,84484E+17;https://twitter.com/JPluckwell/status/984484250807398402
sherdogdotcom;12/04/2018 14:15;2;7;A Longshot Compromise: Karate Combat offers the rules under which the Floyd Mayweather - Conor McGregor rematch should be contested, writes @Carbazel http:// bit.ly/2vg0R8T pic.twitter.com/s9FmHkEyx1;;@Carbazel;;9,8448E+17;https://twitter.com/sherdogdotcom/status/984480012668727296
MMAjunkie;12/04/2018 14:10;16;73;#UFCGlendale co-headliner Israel Adesanya ( @stylebender ) has some thoughts on a potential @TheNotoriousMMA vs. @FloydMayweather rematch. More from 'The Last Stylebender' here: https:// usat.ly/2EEcmq5 pic.twitter.com/WXBn542E8a;;@stylebender @TheNotoriousMMA @FloydMayweather;#UFCGlendale;9,84479E+17;https://twitter.com/MMAjunkie/status/984478755363147779
Mohd_Arif;12/04/2018 14:02;0;0;"Check out my new blog: New Rumored UFC TV Deal With ESPN And NBC; Examining Parameters Of Possible Game-Changing PactWhile most fans hated the idea of a Conor McGregor vs. Floyd Mayweather bout in the Octagon with modified rules, most will probably... https:// ift.tt/2HfimL1";;;;9,84477E+17;https://twitter.com/Mohd_Arif/status/984476819859689472
Mohd_Arif;12/04/2018 14:02;0;0;"Check out my new blog: New Rumored UFC TV Deal With ESPN And NBC; Examining Parameters Of Possible Game-Changing PactWhile most fans hated the idea of a Conor McGregor vs. Floyd Mayweather bout in the Octagon with modified rules, most will probably embra… https:// ift.tt/2HfimL1";;;;9,84477E+17;https://twitter.com/Mohd_Arif/status/984476802671415297
rubin1067;12/04/2018 13:50;2;2;Who’s the @FandomSportsApp #douchekazoo of the week? @TheNotoriousMMA @FloydMayweather @Nike @JManziel2 or @raylewis ? (honorable mention: the city of Portland (not the @trailblazers ) Let Us Know! @djoeballz @dash_radio #fandomsportsradio pic.twitter.com/EhZKlm0aJl;;@FandomSportsApp @TheNotoriousMMA @FloydMayweather @Nike @JManziel2 @raylewis @trailblazers @djoeballz @dash_radio;#douchekazoo #fandomsportsradio;9,84474E+17;https://twitter.com/rubin1067/status/984473783594467328
bombshellalerts;12/04/2018 13:49;0;0;Conor McGregor return bombshell dropped as Floyd Mayweather rematch deal is shut down https:// ift.tt/2Hhu6fW;;;;9,84474E+17;https://twitter.com/bombshellalerts/status/984473586063855616
EranPalgi;12/04/2018 13:42;0;1;Weasel pic.twitter.com/jlm6xkkavL;;;;9,84472E+17;https://twitter.com/EranPalgi/status/984471944526548993
ThatKallis;12/04/2018 13:37;0;1;Thanks for the invite man. I'm in the UK but will definitely do that when I finally visit Canada. Ah cool didn't know you had a webshow, will check it out.;;;;9,8447E+17;https://twitter.com/ThatKallis/status/984470477384110081
ThatKallis;12/04/2018 13:35;0;0;Yeah that's true, Foreman's right hand would still be like being hit by a fucking train. Would love to see you hit Jones with one of your combos.;;;;9,8447E+17;https://twitter.com/ThatKallis/status/984470107933085696
UweBollRaw;12/04/2018 13:35;0;2;Come to my pub The Blenheim in Kitsilano neighborhood in Vancouver. I am there almost every day. We watch boxing, football olympics, soccer... I comment on sports on my webshow http://www. uwebollraw.com from time to time @TheBlenheimPub;;@TheBlenheimPub;;9,8447E+17;https://twitter.com/UweBollRaw/status/984470097317191681
UweBollRaw;12/04/2018 13:33;0;1;They are pretty close in age, too... too bad that never happened.;;;;9,8447E+17;https://twitter.com/UweBollRaw/status/984469509279858689
ThatKallis;12/04/2018 13:32;0;0;Do you still follow boxing? Are their any contemporary boxers you respect/like?;;;;9,84469E+17;https://twitter.com/ThatKallis/status/984469412685189122
ThatKallis;12/04/2018 13:29;0;0;So both would be moral fights against those who don't put their money where their mouth is.;;;;9,84469E+17;https://twitter.com/ThatKallis/status/984468587246247937
ThatKallis;12/04/2018 13:29;0;0;Yeah Foreman challenged Steven Seagal to a fight. Foreman said he would box and Seagal could use whatever method he wanted (his black belt is in Akido), over Seagal's racial remarks regarding kneeling in American football and the fact Seagal tells a lot of bullshit fight stories.;;;;9,84468E+17;https://twitter.com/ThatKallis/status/984468459189874689
DJDOPEBEATS;12/04/2018 13:27;0;0;Obviously meant @JonnyBones;;@JonnyBones;;9,84468E+17;https://twitter.com/DJDOPEBEATS/status/984468164036743171
DJDOPEBEATS;12/04/2018 13:24;0;3;My bad buddy!! I was talking about the UFC fighter! No disrespect intended!;;;;9,84467E+17;https://twitter.com/DJDOPEBEATS/status/984467177700057088
UweBollRaw;12/04/2018 13:23;0;1;you mean Steven Seagal? I don't think he is a boxer. Jones keeps touting boxing challenges... so is he real or a pussy?;;;;9,84467E+17;https://twitter.com/UweBollRaw/status/984467167683870720
kevinthylton;12/04/2018 13:21;0;0;"Coolin' Out https:// shows.pippa.io/coolinoutpod via @choosePippa -Drake Nice for What"" -Cardi B - Conor McGregor - Floyd MAyweather /UFC -NBA""";;@choosePippa;;9,84467E+17;https://twitter.com/kevinthylton/status/984466582410850305
ThatKallis;12/04/2018 13:21;0;0;Oh I know you have a moral code, I was being respectfully tongue and cheek but my point was more that you fight with heart and that's lost in contemporary boxing. It would be great to see you v Alex Jones and Foreman V Seagal although I doubt Jones or Seagal have the balls;;;;9,84466E+17;https://twitter.com/ThatKallis/status/984466469663670272
mjloverbri75;12/04/2018 13:18;0;1;Better fight than Floyd Mayweather VS Conor McGregor .;;;;9,84466E+17;https://twitter.com/mjloverbri75/status/984465882528276481
toxicmob1;12/04/2018 13:17;0;0;#Doctor says #Conor #McGregor #suffered mild #traumatic #brain #injury during TKO loss to Floyd Mayweather http:// rviv.ly/EtAWL;;;#Doctor #Conor #McGregor #suffered #traumatic #brain #injury;9,84466E+17;https://twitter.com/toxicmob1/status/984465595143000064
UweBollRaw;12/04/2018 13:16;0;1;Probably not, honestly - I am 52 years old. I would need to get back into training to fight Alex Jones & I would do it only because I think him saying shootings are propagated with actors, as well as other vile but influential things. There is a moral code to Uwe Boll, my friend;;;;9,84465E+17;https://twitter.com/UweBollRaw/status/984465173376221184
mwf7841;12/04/2018 13:15;0;0;Anyone who would pay to watch McGregor / mayweather in the cage, is either mad at their money, or hopeless fan boys.;;;;9,84465E+17;https://twitter.com/mwf7841/status/984465056988459008
ThatKallis;12/04/2018 13:12;0;1;@UweBollRaw Would you box @FloydMayweather or @TheNotoriousMMA ? I would pay good money to see that.;;@UweBollRaw @FloydMayweather @TheNotoriousMMA;;9,84464E+17;https://twitter.com/ThatKallis/status/984464298805260288
CGBenz;12/04/2018 12:59;0;2;I think it’ll happen at the right time & so many people will tune in to wanna finally see, Floyd lose, that I think it could possibly go over 5mil PPV #ItsNotCrazy #MoneyTalks #boxing #ufc #mma;;;#ItsNotCrazy #MoneyTalks #boxing #ufc #mma;9,84461E+17;https://twitter.com/CGBenz/status/984461083745357825
ericsoler;12/04/2018 12:40;0;2;@ufc @danawhite @TheNotoriousMMA @FloydMayweather PLEASE DO NOT DO THE MODIFIED RULES FIGHT. You’re better off doing an exhibition MMA sparing session.;;@ufc @danawhite @TheNotoriousMMA @FloydMayweather;;9,84456E+17;https://twitter.com/ericsoler/status/984456184655642629
IceyAli;12/04/2018 12:38;0;1;But did they finish undefeated;;;;9,84456E+17;https://twitter.com/IceyAli/status/984455643187859456
wingspromotion1;12/04/2018 12:12;0;0;Conor McGregor Takes Shots At Diddy, Floyd Mayweather & 50 Cent On Instagram! https:// youtu.be/BXD6HUkaD38?i2 gVG …;;;;9,84449E+17;https://twitter.com/wingspromotion1/status/984449191014518785
MichaelPAdjei;12/04/2018 11:40;0;0;Rumours suggest Floyd Mayweather will fight Conor McGregor with modified rules;;;;9,84441E+17;https://twitter.com/MichaelPAdjei/status/984441051598479360
kane_swift1;12/04/2018 11:11;0;2;no idea why that shows an elbow there because you won't even fight in the ufc without the rules being modified so there's no takedowns no elbows ,knees,kicks or anything like that @TheNotoriousMMA conor McGregor faught under boxing rules why can't you fight under ufc rules bitch;;@TheNotoriousMMA;;9,84434E+17;https://twitter.com/kane_swift1/status/984433862892761088
hireshero;12/04/2018 11:05;0;1;I can’t with this! I wonder if I’ll ever love money enough to where I disrespect my “passion” this much? If @TheNotoriousMMA accepts these rules, I will lose what little respect I have for him. @FloydMayweather needs retract these changes. If he wants to fight, just fookin fight!;;@TheNotoriousMMA @FloydMayweather;;9,84432E+17;https://twitter.com/hireshero/status/984432351240318977
onlywantmma;12/04/2018 11:01;0;0;Thank god;;;;9,84431E+17;https://twitter.com/onlywantmma/status/984431197643333634
FireHilltop;12/04/2018 10:59;0;1;Yes it is. Guess he wants Conner to tie his hands behind his back too! Nobody wants to see a boxing match because we seen it. Floyd won now do what a true champion does and fight Conners rules and if he wins then he can brag. #stackeddeck #houseruleshousewins #notinterested;;;#stackeddeck #houseruleshousewins #notinterested;9,84431E+17;https://twitter.com/FireHilltop/status/984430851806126080
suka4_aug;12/04/2018 10:46;0;0;Joe Rogan Talks About A Rematch Between Conor McGregor & Floyd Mayweather With Strange Rules! - https:// goo.gl/NbnQaz;;;;9,84428E+17;https://twitter.com/suka4_aug/status/984427630194774016
BigBubba74;12/04/2018 10:44;0;0;Respect ya Freak. But this is beyond crazy. Freak show 2.;;;;9,84427E+17;https://twitter.com/BigBubba74/status/984426916173271040
chriskoens;12/04/2018 10:29;0;0;UFC rumors another Floyd Mayweather v Conor McGregor bout & @MLB is all “not if we UFC first!” #JumpingTheShark;;@MLB;#JumpingTheShark;9,84423E+17;https://twitter.com/chriskoens/status/984423308799160320
pashi1967;12/04/2018 09:39;0;0;Mcgregor hardly landed a glove on him!;;;;9,84411E+17;https://twitter.com/pashi1967/status/984410708438847489
pashi1967;12/04/2018 09:38;0;0;Will be just like the first fight FKIN BORING #willnotbewatching;;;#willnotbewatching;9,8441E+17;https://twitter.com/pashi1967/status/984410406134452230
IrishSunSport;12/04/2018 09:32;1;0;Dana White shuts down rumours of Conor McGregor and Floyd Mayweather clashing in UFC under new rules https://www. thesun.ie/sport/mma/2433 134/dana-white-shuts-down-rumours-of-conor-mcgregor-and-floyd-mayweather-clashing-in-ufc-under-new-rules/ …;;;;9,84409E+17;https://twitter.com/IrishSunSport/status/984408967135875073
Seckbach;12/04/2018 09:04;0;1;Video Floyd Mayweather Security Reaction To Conor McGregor Dolly Toss EsNews B... https:// youtu.be/Y0OIhN4ZlKY via @YouTube;;@YouTube;;9,84402E+17;https://twitter.com/Seckbach/status/984401872118263809
MMANyttcom;12/04/2018 08:49;2;6;"Remember those rumors that Floyd Mayweather would rematch Conor McGregor in the UFC under modified rules? Dana White: Dumbest s--t I have ever heard"" #UFC #MayMac http:// bit.ly/DanaMayMac2 pic.twitter.com/HtE8r4NoZP""";;;#UFC #MayMac;9,84398E+17;https://twitter.com/MMANyttcom/status/984397971751145472
MMAmicks;12/04/2018 08:36;0;0;Not if you are Floyd or Conor , as they will again both walk away with tens if not hundreds of millions of dollars.;;;;9,84395E+17;https://twitter.com/MMAmicks/status/984394913092718593
lajong11;12/04/2018 07:57;0;0;Rumours suggest Floyd Mayweather will fight Conor McGregor with modified rules — but they'll benefit only one man https:// read.bi/2HcbY7o via @businessinsider;;@businessinsider;;9,84385E+17;https://twitter.com/lajong11/status/984384914610053120
musicukacts;12/04/2018 06:41;0;0;Conor McGregor Takes Shots At Diddy, Floyd Mayweather & 50 Cent On Instagram! https:// youtu.be/BXD6HUkaD38?Y8 IaX …;;;;9,84366E+17;https://twitter.com/musicukacts/status/984365774604292097
Dj_Vital_Link;12/04/2018 06:23;0;0;Well they are best mates and don't really want to hurt each other do they!! and the MMA mob are dumb for buying into the scam in the first place so why not pull the wool over their eyes again. #makingafoolofyouagain;;;#makingafoolofyouagain;9,84361E+17;https://twitter.com/Dj_Vital_Link/status/984361378432540672
ceferinog6181;12/04/2018 06:20;0;0;UFC fans haven't learnt their lesson yet on buying one of Floyd's PPV fights. Floyd taking advantage of this.;;;;9,84361E+17;https://twitter.com/ceferinog6181/status/984360524228935680
paulwolves89;12/04/2018 05:53;0;0;Shite isn’t it, literally just a different shaped ring!;;;;9,84354E+17;https://twitter.com/paulwolves89/status/984353900944818176
MMAmicks;12/04/2018 05:35;0;0;"Just another monet spinner; especially for Floyd as again, its all but his world.";;;;9,84349E+17;https://twitter.com/MMAmicks/status/984349344164917250
crushshotsports;12/04/2018 05:16;0;0;Floyd Mayweather vs Conor Mc Gregor UFC fight expected to happen with modified Rules http:// dlvr.it/QP6l6g … https:// twitter.com/i/web/status/9 84072112720752640 … - http:// tinyurl.com/y9qkt8qd;;;;9,84344E+17;https://twitter.com/crushshotsports/status/984344417426444288
AsaRodger;12/04/2018 05:12;0;2;Wrestling against the cage is the most exhausting part of MMA, it's a pretty big criteria Lennox.;;;;9,84343E+17;https://twitter.com/AsaRodger/status/984343430636670977
ikaifl;12/04/2018 05:06;0;2;Another faked fight of @FloydMayweather and @TheNotoriousMMA ? NO THANKS! I can fool myself. #ufc #mma #boxing #conormcgregor #mayweather;;@FloydMayweather @TheNotoriousMMA;#ufc #mma #boxing #conormcgregor #mayweather;9,84342E+17;https://twitter.com/ikaifl/status/984341993131266050
MatthewSalzer;12/04/2018 04:35;0;1;6th Annual MMA Freak Awards http://www. mma-freak.com/opinion/6th-an nual-mma-freak-awards/ … @rosenamajunas @Heffiejr @francis_ngannou @MightyMouseUFC @NiccoMontano @PaulDaleyMMA @Amanda_Leoa @BulletValentina @TheNotoriousMMA @FloydMayweather @joannamma @AndreiArlovski @Alistairovereem @FCSpilderSilva @taxmexufc;;@rosenamajunas @Heffiejr @francis_ngannou @MightyMouseUFC @NiccoMontano @PaulDaleyMMA @Amanda_Leoa @BulletValentina @TheNotoriousMMA @FloydMayweather @joannamma @AndreiArlovski @Alistairovereem @FCSpilderSilva @taxmexufc;;9,84334E+17;https://twitter.com/MatthewSalzer/status/984334112474382336
MMAFreakOut;12/04/2018 04:34;0;0;6th Annual MMA Freak Awards http://www. mma-freak.com/opinion/6th-an nual-mma-freak-awards/ … @rosenamajunas @Heffiejr @francis_ngannou @MightyMouseUFC @NiccoMontano @PaulDaleyMMA @Amanda_Leoa @BulletValentina @TheNotoriousMMA @FloydMayweather @joannamma @AndreiArlovski @Alistairovereem @FCSpilderSilva @taxmexufc;;@rosenamajunas @Heffiejr @francis_ngannou @MightyMouseUFC @NiccoMontano @PaulDaleyMMA @Amanda_Leoa @BulletValentina @TheNotoriousMMA @FloydMayweather @joannamma @AndreiArlovski @Alistairovereem @FCSpilderSilva @taxmexufc;;9,84334E+17;https://twitter.com/MMAFreakOut/status/984333869234073600
MMA_JDH;12/04/2018 04:32;0;2;Calling it here now. We will see a UFC card with Jon Jones vs Brock Lesnar, and Conor McGregor vs Floyd Mayweather in order in less than 365 days.;;;;9,84333E+17;https://twitter.com/MMA_JDH/status/984333426017931265
mu_max;12/04/2018 04:23;0;1;Altro che @FloydMayweather vs @TheNotoriousMMA !! https:// twitter.com/thescarynature /status/984229874184441857 …;;@FloydMayweather @TheNotoriousMMA;;9,84331E+17;https://twitter.com/mu_max/status/984331051274301440
mma_fest;12/04/2018 04:17;0;1;It’s like a fight between 2 retired fighters. Except that one is 40 and the other on his prime. @TheNotoriousMMA is wasting his prime . Bummer.;;@TheNotoriousMMA;;9,8433E+17;https://twitter.com/mma_fest/status/984329563282071552
MrHayter;12/04/2018 04:03;0;0;U do realize there were other fighters like JCC that went 86-0 before they lost a fight?;;;;9,84326E+17;https://twitter.com/MrHayter/status/984326170794774528
Play995;12/04/2018 03:58;0;0;Floyd Mayweather Vs Conor McGregor 2 'Will Happen In The Octagon' https://www. unilad.co.uk/sport/floyd-ma yweather-vs-conor-mcgregor-2-will-happen-in-the-octagon/ … #Play995Trending;;;#Play995Trending;9,84325E+17;https://twitter.com/Play995/status/984324981147480065
elvisbomber;12/04/2018 03:48;0;1;Clean disrespect to fight fans... Wanna do such a match it's NO Holds Barred;;;;9,84322E+17;https://twitter.com/elvisbomber/status/984322446252789760
Fourbidden1;12/04/2018 03:23;0;1;‘A’ List Celebrities Lining Up to Attend Floyd Mayweather vs. Conor McGregor http:// crwd.fr/2v0KPLj pic.twitter.com/DsqgvmpsAk;;;;9,84316E+17;https://twitter.com/Fourbidden1/status/984315979676180482
wingspromotion1;12/04/2018 03:12;0;1;Conor McGregor Takes Shots At Diddy, Floyd Mayweather & 50 Cent On Instagram! https:// youtu.be/BXD6HUkaD38?GC6;;;;9,84313E+17;https://twitter.com/wingspromotion1/status/984313254720786432
jmp2203;12/04/2018 03:07;0;0;Loma a real fighter, doesn't duck challenges, fights for free on ESPN.. I fail to see the problem for us fans, mate;;;;9,84312E+17;https://twitter.com/jmp2203/status/984312079485054976
jmp2203;12/04/2018 03:04;0;0;Yet Dan's still no Iole, known for ruining many a boxing fan's timeline during UFC events;;;;9,84311E+17;https://twitter.com/jmp2203/status/984311281120305153
dopefr3shmusic;12/04/2018 02:47;0;1;CONOR McGREGOR REACTS TO HIS 10th ROUND TKO DEFEAT TO FLOYD MAYWEATHER / MAYWEATHER v McGREGOR https:// youtu.be/tc7aPjhHS6I?0i U6 …;;;;9,84307E+17;https://twitter.com/dopefr3shmusic/status/984306900647866368
dopefr3shmusic;12/04/2018 02:43;0;0;FLOYD MAYWEATHER IMMEDIATELY REACTS TO HIS 10th ROUND STOPPAGE OF CONOR McGREGOR ! https:// youtu.be/OUkq_C7Zg5Y?HF0;;;;9,84306E+17;https://twitter.com/dopefr3shmusic/status/984306088609628160
irishmangrenade;12/04/2018 02:31;0;2;Pointless to do it with this bullshit set of rules;;;;9,84303E+17;https://twitter.com/irishmangrenade/status/984302963773456384
wingspromotion1;12/04/2018 02:27;0;0;Conor McGregor Takes Shots At Diddy, Floyd Mayweather & 50 Cent On Instagram! https:// youtu.be/BXD6HUkaD38?Qg p6 …;;;;9,84302E+17;https://twitter.com/wingspromotion1/status/984301889784336384
MrJonPoll;12/04/2018 02:21;0;2;Money making scam !!;;;;9,84301E+17;https://twitter.com/MrJonPoll/status/984300549364436993
criscyborg;12/04/2018 02:21;30;162;Dana White calls a modified fight between Conor McGregor and Floyd Mayweather the dumbest shit he's ever heard! https://www. criscyborg.com/dana-white-cal ls-floyd-mayweather-fighting-octagon-mixed-rules-dumbest-shit-ever-heard/ …;;;;9,843E+17;https://twitter.com/criscyborg/status/984300383215456256
comicmatters;12/04/2018 02:02;0;0;Rumours suggest Floyd Mayweather will fight Conor McGregor with modified rules — but they'll benefit only one man - Business Insider https:// ift.tt/2GQgdWV;;;;9,84296E+17;https://twitter.com/comicmatters/status/984295631744372736
MMANyttcom;12/04/2018 01:49;0;0;"Remember those rumors that Floyd Mayweather would rematch Conor McGregor in the UFC under modified rules? Dana White: Dumbest s--t I have ever heard"" #UFC #MayMac http:// bit.ly/DanaMayMac2 pic.twitter.com/7QeXfpfXdg""";;;#UFC #MayMac;9,84292E+17;https://twitter.com/MMANyttcom/status/984292275273519105
IceyAli;12/04/2018 00:48;0;2;Look @TheNotoriousMMA already has his pro boxing license and is certified by NSAC and proved to the world he can go 10 rounds with #TBE @FloydMayweather I want to see #MayweatherMcgregor2 in RING and so it can count on May pro record 51-0 be 1 fight away from all time record;;@TheNotoriousMMA @FloydMayweather;#TBE #MayweatherMcgregor2;9,84277E+17;https://twitter.com/IceyAli/status/984277078081187840
grepo_erik;12/04/2018 00:44;0;0;I liked a @YouTube video http:// youtu.be/i_GlGK5x-L8?a Hitler Finds Out Floyd Mayweather Has Beaten Conor McGregor in the 10th Round 50-0;;@YouTube;;9,84276E+17;https://twitter.com/grepo_erik/status/984275940132950016
4kmiddlebrook;12/04/2018 00:36;142;233;YES I (R)Real Iron Man BEAT the Feds, SUING them 1 BILLION. I the 1st to ANNOUNCE @Forbes #MayweatherMcGregor 2 #MMA as @TMZ @stephenasmith @BlessedMMA @danawhite @TheNotoriousMMA @ESPN Said NO FIGHT @FloydMayweather @MichelleObama #FastFurious9 @realDonaldTrump @dailyexpressuk pic.twitter.com/CmMzjujDdG;;@Forbes @TMZ @stephenasmith @BlessedMMA @danawhite @TheNotoriousMMA @ESPN @FloydMayweather @MichelleObama @realDonaldTrump @dailyexpressuk;#MayweatherMcGregor #MMA #FastFurious9;9,84274E+17;https://twitter.com/4kmiddlebrook/status/984274068584017920
GiantsLV;12/04/2018 00:25;0;0;Listen to Lennox Lewis. Lennox is a source of some major accomplishments in combat sports.;;;;9,84271E+17;https://twitter.com/GiantsLV/status/984271184232529922
comicmatters;12/04/2018 00:07;0;0;Rumours suggest Floyd Mayweather will fight Conor McGregor with modified rules — but they'll benefit only one man - Business Insider https:// ift.tt/2HvjR5x;;;;9,84267E+17;https://twitter.com/comicmatters/status/984266650131288065
imsudhircr6;11/04/2018 23:57;0;0;Floyd Mayweather Vs. Conor McGregor 2 Will Happen In Octagon With Modified Rules, Per Report http://www. forbes.com/sites/brianmaz ique/2018/04/09/floyd-mayweather-vs-conor-mcgregor-2-will-happen-in-octagon-with-modified-rules-per-report/?utm_source=FACEBOOK&utm_medium=social&utm_term=Valerie/#76616c657269 …;;;#76616c657269;9,84264E+17;https://twitter.com/imsudhircr6/status/984264239870246912
EntreDeportista;11/04/2018 23:50;0;0;Mayweather in the cage? Not crazy at all: After nearly 20 years of covering Floyd Mayweather 's career, Dan Rafael has learned his lesson. Never underestimate the best boxer of his generation. That's why he believes a fight against Conor McGregor in MMA… http://www. espn.com/boxing/story/_ /id/23116599/floyd-mayweather-cage-not-crazy-all?utm_source=dlvr.it&utm_medium=twitter …;;;;9,84262E+17;https://twitter.com/EntreDeportista/status/984262444682960896
TheBeard9001;11/04/2018 23:28;0;1;So, a shoeless boxing match? I thought this was happening in the octagon. Is @FloydMayweather scared he'll get his ass handed to him by @TheNotoriousMMA ? I think it should be full #UFC rules. Bring your fighting style and fight. No hands tied b.s. https:// twitter.com/BeWarmers/stat us/983649963489091585 …;;@FloydMayweather @TheNotoriousMMA;#UFC;9,84257E+17;https://twitter.com/TheBeard9001/status/984256961293291525
rcarrillo27;11/04/2018 22:54;0;0;There you go writing about Conor again;;;;9,84248E+17;https://twitter.com/rcarrillo27/status/984248446180880389
pgriffin92;11/04/2018 22:54;0;0;Do you think mayweather's hands could handle punching in 4 ounce fingeless gloves considering he admitted himself how brittle they were after the mcgregor fight?;;;;9,84248E+17;https://twitter.com/pgriffin92/status/984248385367625729
DannyDm101;11/04/2018 22:37;0;3;You sound like you on that Mayweather payroll...haha;;;;9,84244E+17;https://twitter.com/DannyDm101/status/984244132041428993
fumasgreg;11/04/2018 22:35;0;3;Looked like Conor McGregor vs Floyd Mayweather .;;;;9,84243E+17;https://twitter.com/fumasgreg/status/984243492309295104
Bezhurk;11/04/2018 22:35;0;0;Fuck is that meant to mean that’s had no correspondence to what I had said you fool.;;;;9,84243E+17;https://twitter.com/Bezhurk/status/984243455407861760
Seckbach;11/04/2018 22:25;0;1;Vid @FloydMayweather Message To @ConorMcGregor EsNews Boxing https:// youtu.be/PbwjJhyv1R4 via @YouTube;;@FloydMayweather @ConorMcGregor @YouTube;;9,84241E+17;https://twitter.com/Seckbach/status/984240955472494592
tomy_Cosentino;11/04/2018 22:22;0;1;El se cree MMA fighter;;;;9,8424E+17;https://twitter.com/tomy_Cosentino/status/984240209939386368
Prateek_1982;11/04/2018 22:13;0;2;Still a better contest than @TheNotoriousMMA and @FloydMayweather https:// twitter.com/thescarynature /status/984229874184441857 …;;@TheNotoriousMMA @FloydMayweather;;9,84238E+17;https://twitter.com/Prateek_1982/status/984237969002323968
ermurenz;11/04/2018 22:00;0;0;God damn... thank you!;;;;9,84235E+17;https://twitter.com/ermurenz/status/984234847655878658
NigStickJosh;11/04/2018 21:38;0;2;How are you going to make us pay to watch the same fight, but in an octagon rather than a ring? @FloydMayweather @TheNotoriousMMA pic.twitter.com/wyK4J4cPx8;;@FloydMayweather @TheNotoriousMMA;;9,84229E+17;https://twitter.com/NigStickJosh/status/984229203951398913
BosCleaning;11/04/2018 21:35;0;0;No. Advantage too notorious one. No shoes and grasping will defeat Floyd.;;;;9,84228E+17;https://twitter.com/BosCleaning/status/984228461899337728
Totalrockstarrr;11/04/2018 21:28;0;1;I liked a @YouTube video http:// youtu.be/PdFE3rqq_NA?a Floyd Mayweather the HARD WORKER vs Conor McGregor the GENTLEMAN;;@YouTube;;9,84227E+17;https://twitter.com/Totalrockstarrr/status/984226685577908224
Sueack6;11/04/2018 21:26;0;0;Lmaooo;;;;9,84226E+17;https://twitter.com/Sueack6/status/984226091761045504
MMANyttcom;11/04/2018 21:12;2;2;"Remember those rumors that Floyd Mayweather would rematch Conor McGregor in the UFC under modified rules? Dana White: Dumbest s--t I have ever heard"" #UFC #MayMac http:// bit.ly/DanaMayMac2 pic.twitter.com/JHgHPxqKfe""";;;#UFC #MayMac;9,84223E+17;https://twitter.com/MMANyttcom/status/984222566335369217
doigjames;11/04/2018 21:11;0;2;The proposal for the modified ruleset for @TheNotoriousMMA vs @FloydMayweather is effectively boxing without gloves. No takedowns, no kicks, no grapple..;;@TheNotoriousMMA @FloydMayweather;;9,84222E+17;https://twitter.com/doigjames/status/984222354464231431
