username;date;retweets;favorites;text;geo;mentions;hashtags;id;permalink
Deazymusic;12/12/2016 21:51;1;0;Chapecoense got fined around € 30k for not showing up to play the final match of season. As if 80% of the team didn’t DIE in the crash.;;;;8,08459E+17;https://twitter.com/Deazymusic/status/808459279858630660
TawanaThornell;12/12/2016 21:47;0;0;Colombia plane crash: Brazil's Chapecoense football club fined for missing match - http:// wp.me/p74CbZ-j16 pic.twitter.com/BraZF1bjSK;;;;8,08458E+17;https://twitter.com/TawanaThornell/status/808458190866227200
papihaneef;12/12/2016 21:44;0;0;"Yhe Brazilian FA have fined Chapecoense & Atletico Mineiro $30,000 for failing to play their final game of the se… https:// twitter.com/i/web/status/8 08342741172322304 … "";;;;808457642851074048""";https://twitter.com/papihaneef/status/808457642851074048;;;;
NVPeople;12/12/2016 21:43;0;0;Colombia plane crash: Brazil's Chapecoense football club fined for missing match http://www. dailymail.co.uk/news/article-4 025454/Brazilian-football-club-squad-wiped-Colombian-plane-crash-fined-25-000-missing-final-match-season.html?ITO=1490&ns_mchannel=rss&ns_campaign=1490 …;;;;8,08457E+17;https://twitter.com/NVPeople/status/808457196581322752
StanleyAlejoa;12/12/2016 21:37;0;0;Colombia plane crash: Brazil's Chapecoense football club fined for missing match - http:// wp.me/p74CbZ-j16 pic.twitter.com/ur5vBlRPkp;;;;8,08456E+17;https://twitter.com/StanleyAlejoa/status/808455875220434948
dailymail_24;12/12/2016 21:37;0;0;Colombia plane crash: Brazil's Chapecoense football club fined for missing match http:// viid.me/qq9cqd http:// ift.tt/eA8V8J;;;;8,08456E+17;https://twitter.com/dailymail_24/status/808455794685517826
LUFC1992;12/12/2016 21:37;0;1;Brazilian FA have fined Chapecoense for failing to play their final game of the season. And you thought the Football League was corrupt. pic.twitter.com/YkY2FE4LCY;;;;8,08456E+17;https://twitter.com/LUFC1992/status/808455727731838977
Kiremavinni;12/12/2016 21:30;1;0;Chapecoense ' fined ' after failing to fulfil fixture against Atletico Mineiro http://www. mirror.co.uk/sport/football /news/chapecoense-fined-after-failing-fulfil-9442050#ICID=sharebar_twitter …;;;#ICID;8,08454E+17;https://twitter.com/Kiremavinni/status/808454088669138944
Cynegeticus;12/12/2016 21:18;7;0;Brazil's Superior Tribunal of Sports Justice denied claims made abroad that Chapecoense & Atlético MG had been fined for not playing. https:// twitter.com/mundodeportivo /status/808450022320861184 …;;;;8,08451E+17;https://twitter.com/Cynegeticus/status/808450934158360577
Eddy_Pattinson;12/12/2016 20:47;0;0;Chapecoense getting fined is disgusting. How are they even meant to play with so many players gone;;;;8,08443E+17;https://twitter.com/Eddy_Pattinson/status/808443278869794816
thestevecook;12/12/2016 20:47;0;0;@Tim_Vickery Hi Tim, is this true that the Brazilian FA have fined Chapecoense for not fulfilling a fixture?? http://www. mirror.co.uk/sport/football /news/chapecoense-fined-after-failing-fulfil-9442050 …;;@Tim_Vickery;;8,08443E+17;https://twitter.com/thestevecook/status/808443188725825536
Bolarin_;12/12/2016 20:37;0;0;From the article Chapecoense was fined by the Brazilian FA but the superior court for sports justice overturned the decision pic.twitter.com/xzg1pib9Qq;;;;8,08441E+17;https://twitter.com/Bolarin_/status/808440741265547265
BedfordRed;12/12/2016 20:26;0;0;The most insensitive act of 2016 #Shocking Chapecoense have been fined for ridiculous reason | GiveMeSport http://www. givemesport.com/937317-chapeco ense-have-been-fined-for-ridiculous-reason …;;;#Shocking;8,08438E+17;https://twitter.com/BedfordRed/status/808437798747439104
dailytelegraph;12/12/2016 20:25;4;3;Tragic Brazilian football team Chapecoense FINED $40000 for missing final match of the season. http:// bit.ly/2gF78kN pic.twitter.com/ndAzMPMFeo;;;;8,08438E+17;https://twitter.com/dailytelegraph/status/808437681743134720
Talktokemi;12/12/2016 20:02;0;0;Talk to Kemi (TtK) Merry Christmas : Despite Death Of Footballer Chapecoense Fined http:// talktokemi.blogspot.com/2016/12/despit e-death-of-footballer-chapecoense.html?spref=tw …;;;;8,08432E+17;https://twitter.com/Talktokemi/status/808431927120248832
Hammdriller;12/12/2016 19:59;0;0;Chapecoense is the team that was involved in the air crash right? Yet they were fined for not turning up.;;;;8,08431E+17;https://twitter.com/Hammdriller/status/808431087026323456
football_bang;12/12/2016 19:59;3;1;Chapecoense and Atletico Mineiro won't be fined for forfeiting final match - Brazil court - http:// bit.ly/2hmqYT2;;;;8,08431E+17;https://twitter.com/football_bang/status/808431059167756297
TheVotersPost;12/12/2016 19:53;2;2;Chapecoense fined for failing to play after deadly plane crash #Chapecoense #AtleticoMineiro #conmebol http:// news.ofthe.eu/?p=12729;;;#Chapecoense #AtleticoMineiro #conmebol;8,0843E+17;https://twitter.com/TheVotersPost/status/808429652863832064
MonsieurSpeedy;12/12/2016 19:50;2;0;What makes it worse is that it's already been confirmed that Chapecoense won't be fined .;;;;8,08429E+17;https://twitter.com/MonsieurSpeedy/status/808428817199099904
StephenMNewport;12/12/2016 19:48;0;0;Chapecoense fined after failing to fulfil fixture despite plane crash that killed 19 http:// fb.me/5xkMt6SGG;;;;8,08428E+17;https://twitter.com/StephenMNewport/status/808428386225975296
Adeola0503;12/12/2016 19:46;3;0;Crazy world!!! Chapecoense ' fined ' after failing to fulfil fixture against Atletico Mineiro despite plane crash http://www. mirror.co.uk/sport/football /news/chapecoense-fined-after-failing-fulfil-9442050 …;;;;8,08428E+17;https://twitter.com/Adeola0503/status/808427763216564224
FootbalIFact;12/12/2016 19:45;546;581;The Brazilian FA have fined Chapecoense & Atletico Mineiro $30,000 for failing to play their final game of the season. Disgusting. pic.twitter.com/eMYbcL0zpm;;;;8,08427E+17;https://twitter.com/FootbalIFact/status/808427482437287936
TeamProCo;12/12/2016 19:43;0;0;Reports: Chapecoense Fined After Failing To Fulfil Final Brazilian League Fixture - http:// blog.teampro.co/2016/12/12/rep orts-chapecoense-fined-after-failing-to-fulfil-final-brazilian-league-fixture/ … pic.twitter.com/LWjZGhXFbO;;;;8,08427E+17;https://twitter.com/TeamProCo/status/808426995784810501
marygeorgant;12/12/2016 19:39;2;1;Reports that Chapecoense was fined nearly $30K for failing to field a team after deadly plane crash are false. https://www. buzzfeed.com/tanyachen/no-b razilian-soccer-team-will-not-be-fined?utm_term=.ufq85AMop#.bcBBqPN0V …;;;#;8,08426E+17;https://twitter.com/marygeorgant/status/808426008424644608
Yhusouf96;12/12/2016 19:33;0;0;Chapecoense , Atletico Mineiro not fined for forfeit - Brazil court https:// goo.gl/fb/vRrXUf;;;;8,08425E+17;https://twitter.com/Yhusouf96/status/808424632038649858
CharlieArmour15;12/12/2016 19:31;1;2;So the Brazilian FA have fined Chapecoense & Atletico Mineiro £25,000 each for failing to play their final game of the season, disgusting...;;;;8,08424E+17;https://twitter.com/CharlieArmour15/status/808424012367986688
monkey_sponge;12/12/2016 19:30;2;1;Chapecoense and Atletico Mineiro won't be fined for forfeiting final match - Brazil court - http:// bit.ly/2hmqYT2;;;;8,08424E+17;https://twitter.com/monkey_sponge/status/808423706024431617
Liam_sjones;12/12/2016 19:21;1;2;If chapecoense are really being fined for not playing their last game, then that's literally the most disgraceful thing ever I've ever heard;;;;8,08421E+17;https://twitter.com/Liam_sjones/status/808421443411263488
Paul_Schiavone7;12/12/2016 19:14;1;1;Chapecoense team is getting fined for not playing the final game of the season, how they meant to play with players that tragically died??;;;;8,0842E+17;https://twitter.com/Paul_Schiavone7/status/808419713105723393
offishall_Maak;12/12/2016 19:07;0;0;Chapecoense , Atletico Mineiro not fined for forfeit - Brazil court: Brazil's superior court… https:// goo.gl/fb/o7YUZy;;;;8,08418E+17;https://twitter.com/offishall_Maak/status/808418021186437121
mariayells;12/12/2016 18:58;0;1;"Chapecoense not fined for not playing final match http://www. si.com/planet-futbol/ 2016/12/12/chapecoense-penalized-fined-final-match … conflicting reports"" indeed""";;;;8,08416E+17;https://twitter.com/mariayells/status/808415748234219527
breakingnews70;12/12/2016 18:57;0;0;Football team Chapecoense fined €28,300 after failing to play in their game against Atletico Mineiro, despite 19 first team… #breakingnews;;;#breakingnews;8,08415E+17;https://twitter.com/breakingnews70/status/808415407434502145
toptoffeegirl;12/12/2016 18:52;1;1;How disrespectful @FOXFOOTBALL the team has a name #Chapecoense The story about them being fined if true is appalling https:// twitter.com/foxfootball/st atus/808411280730034176 …;;@FOXFOOTBALL;#Chapecoense;8,08414E+17;https://twitter.com/toptoffeegirl/status/808414259134664708
Dewolflu215;12/12/2016 18:50;0;0;Chapecoense fined for failing to play final match of the season http:// bit.ly/2hqYSDZ;;;;8,08414E+17;https://twitter.com/Dewolflu215/status/808413653884162048
ninjapotato10;12/12/2016 18:50;0;1;Sun, Record & Mirror all running with stories saying #Chapecoense are being fined for not playing last game. Fine them for printing lies!!;;;#Chapecoense;8,08414E+17;https://twitter.com/ninjapotato10/status/808413651111735296
JustFirmino;12/12/2016 18:49;0;0;Supposedly chapecoense are getting fined for not playing the last game of the season. If this is true, it absolutely ridiculous.;;;;8,08413E+17;https://twitter.com/JustFirmino/status/808413475768856576
DEagleOnline;12/12/2016 18:44;0;0;Chapecoense fined £24,000 - The Eagle Online http:// fb.me/4mPFUszVM;;;;8,08412E+17;https://twitter.com/DEagleOnline/status/808412187601596417
DEagleOnline;12/12/2016 18:44;0;0;Chapecoense fined £24,000 - http:// wp.me/p2MFPx-yFt;;;;8,08412E+17;https://twitter.com/DEagleOnline/status/808412153862651905
oladotun1969;12/12/2016 18:43;0;0;Chapecoense fined £24,000 - http:// wp.me/p2MFPx-yFt;;;;8,08412E+17;https://twitter.com/oladotun1969/status/808412092411838464
FowlerSports14;12/12/2016 18:41;0;1;Chapecoense will not be fined for missing their final match. Also, I was wron. It was for league play, not Sudamericana. @AnYouAre https:// twitter.com/foxsoccer/stat us/808409808755826688 …;;@AnYouAre;;8,08411E+17;https://twitter.com/FowlerSports14/status/808411422766092288
7he_One;12/12/2016 18:40;0;0;Rumours that the Brazilian FA have fined Chapecoense & Atletico Mineiro for failing to play their final game of the season, disgraceful;;;;8,08411E+17;https://twitter.com/7he_One/status/808411160760483842
tony_sutton;12/12/2016 18:37;1;1;Chapecoense ' fined ' after failing to fulfil fixture against Atletico Mineiro despite plane crash http://www. mirror.co.uk/sport/football /news/chapecoense-fined-after-failing-fulfil-9442050 … << Wait, WHAT??;;;;8,08411E+17;https://twitter.com/tony_sutton/status/808410559263739904
sportingnewsau;12/12/2016 18:30;0;0;Chapecoense FINED for not playing last game of the season. http:// bit.ly/2hwRrxZ #ForcaChape pic.twitter.com/gBzGOXNMQV;;;#ForcaChape;8,08409E+17;https://twitter.com/sportingnewsau/status/808408807529291776
irlnews4U;12/12/2016 18:30;0;0;Chapecoense , Atletico Mineiro not fined for forfeit - Brazil court http:// dlvr.it/Msh8Sl pic.twitter.com/oqjWl491By;;;;8,08409E+17;https://twitter.com/irlnews4U/status/808408618231967744
xtinehu;12/12/2016 18:29;0;0;Are. You. Serious. How about the Brazilian Football Federation gets fined instead for failure to have dignity and respect. #Chapecoense https:// twitter.com/foxsoccer/stat us/808397259947778049 …;;;#Chapecoense;8,08408E+17;https://twitter.com/xtinehu/status/808408365743280128
NeoGAFOT2;12/12/2016 18:28;1;0;Chapecoense , team that lost most if its players in plane crash, fined for not playing http://www. neogaf.com/forum/showthre ad.php?t=1324499 … pic.twitter.com/bSssAXaesQ;;;;8,08408E+17;https://twitter.com/NeoGAFOT2/status/808408292783517697
NESbot_OT;12/12/2016 18:28;0;0;Chapecoense , team that lost most if its players in plane crash, fined for not playing http://www. neogaf.com/forum/showthre ad.php?t=1324499 …;;;;8,08408E+17;https://twitter.com/NESbot_OT/status/808408285535670272
SusanHankinson;12/12/2016 18:26;0;0;Chapecoense ' fined ' after failing to fulfil fixture against Atletico Mineiro http://www. mirror.co.uk/sport/football /news/chapecoense-fined-after-failing-fulfil-9442050#ICID=sharebar_twitter … APPALLING;;;#ICID;8,08408E+17;https://twitter.com/SusanHankinson/status/808407770160566273
SportsHubOz;12/12/2016 18:23;0;0;Chapecoense fined $40000 for missing final match of the season: THE surviving members of… https:// goo.gl/fb/rP6hYE;;;;8,08407E+17;https://twitter.com/SportsHubOz/status/808406856079122433
AdamSaunders11;12/12/2016 18:21;0;2;It's disgusting that Chapecoense have been fined for not fulfilling their cup final fixture! Brazilian FA have no heart or any thought !!;;;;8,08406E+17;https://twitter.com/AdamSaunders11/status/808406476339478529
SportsTapApp;12/12/2016 18:21;0;0;http:// ift.tt/2hwFwjN Chapecoense , Atletico Mineiro not fined for forfeit - Brazil court #SportsTap pic.twitter.com/F3r8pn0gSr;;;#SportsTap;8,08406E+17;https://twitter.com/SportsTapApp/status/808406461143511040
sonny_dattebayo;12/12/2016 18:21;0;0;Chapecoense , Atletico Mineiro not fined for forfeit - Brazil court http:// fb.me/8A6qLtf3p;;;;8,08406E+17;https://twitter.com/sonny_dattebayo/status/808406386929348608
SportsbookBTC;12/12/2016 18:21;0;0;#Soccer Chapecoense , Atletico Mineiro not fined for forfeit - Brazil court http:// dlvr.it/Msh1Lr → via http:// betbitcoin.trade √ pic.twitter.com/QnWsjIgwOG;;;#Soccer;8,08406E+17;https://twitter.com/SportsbookBTC/status/808406385339731968
NLwFootball;12/12/2016 18:20;1;0;The Superior Court of Justice has reportedly decided to punish both clubs for not fulfilling their fixture and fined Chapecoense €28,300. pic.twitter.com/NSPcn09TKv;;;;8,08406E+17;https://twitter.com/NLwFootball/status/808406068984475648
UnitedsDragons;12/12/2016 18:17;1;0;According to some sources, Brazilian FA have fined Chapecoense & Atletico Mineiro £25k each for failing to play their final game pic.twitter.com/As2mfliIYA;;;;8,08405E+17;https://twitter.com/UnitedsDragons/status/808405418930278401
mrjerryshefelt;12/12/2016 18:16;0;0;Chapecoense , Atletico Mineiro not fined for forfeit - Brazil court http:// ift.tt/2hqX4e1;;;;8,08405E+17;https://twitter.com/mrjerryshefelt/status/808405122434928640
majorlessa;12/12/2016 18:15;0;0;Chapecoense fined for failing to play final match of the season http://www. foxsports.com/soccer/story/c hapecoense-fined-failing-play-final-match-season-121216 …;;;;8,08405E+17;https://twitter.com/majorlessa/status/808404839923335172
Socca90;12/12/2016 18:14;0;0;Chapecoense , Atletico Mineiro not fined for forfeit - Brazil court http:// ift.tt/2gyJybb;;;;8,08405E+17;https://twitter.com/Socca90/status/808404569533386753
freshgameslive;12/12/2016 18:14;0;0;Chapecoense , Atletico Mineiro not fined for forfeit - Brazil court https:// goo.gl/fb/9zz6oz;;;;8,08405E+17;https://twitter.com/freshgameslive/status/808404566689644544
brihum;12/12/2016 18:13;0;0;Sickening! Chapecoense fined and penalized two points by Brazilian FA http://www. calciomercato.com/en/news/chapec oense-fined-and-penalized-two-points-by-brazilian-fa-85221?ref=twitter … via @CmdotCom_En;;@CmdotCom_En;;8,08404E+17;https://twitter.com/brihum/status/808404432165670912
mich_shellie;12/12/2016 18:12;0;1;@CurateFA Chapecoense not fined for not playing final match http://www. si.com/planet-futbol/ 2016/12/12/chapecoense-penalized-fined-final-match … via @SInow;;@CurateFA @SInow;;8,08404E+17;https://twitter.com/mich_shellie/status/808404065487093760
1SportsAndMore1;12/12/2016 18:11;0;0;Chapecoense , Atletico Mineiro not fined for forfeit - Brazil court http:// viid.me/qe9b0N pic.twitter.com/FzOkZ0bA8G;;;;8,08404E+17;https://twitter.com/1SportsAndMore1/status/808404010839379970
voguemansion;12/12/2016 18:11;0;0;Chapecoense , Atletico Mineiro not fined for forfeit - Brazil court http:// viid.me/qe9v8L pic.twitter.com/6JoUZ1nLQY;;;;8,08404E+17;https://twitter.com/voguemansion/status/808403994489982976
EugeneAddae;12/12/2016 18:11;0;0;Chapecoense , Atletico Mineiro not fined for forfeit - Brazil court http:// dlvr.it/MsgsYx pic.twitter.com/8ZefremOXY;;;;8,08404E+17;https://twitter.com/EugeneAddae/status/808403978295775238
Sportnewsall;12/12/2016 18:11;0;0;Chapecoense , Atletico Mineiro not fined for forfeit - Brazil court http:// dlvr.it/MsgsW5 pic.twitter.com/QDNJEaJSa0;;;;8,08404E+17;https://twitter.com/Sportnewsall/status/808403972897673216
Yo_cube;12/12/2016 18:11;0;0;Chapecoense , Atletico Mineiro not fined for forfeit - Brazil court http:// dlvr.it/MsgsNn pic.twitter.com/qDY0UUPJj6;;;;8,08404E+17;https://twitter.com/Yo_cube/status/808403959148724224
glz_federico;12/12/2016 18:11;0;0;#Story Chapecoense , Atletico Mineiro not fined for forfeit - Brazil court http:// dlvr.it/Msgs5v pic.twitter.com/JHr9ZCpeFU;;;#Story;8,08404E+17;https://twitter.com/glz_federico/status/808403870594367488
sportrated;12/12/2016 18:11;0;0;Chapecoense , Atletico Mineiro not fined for forfeit - Brazil court http:// abi.yt/94sbgvde pic.twitter.com/7wp3p6fUph;;;;8,08404E+17;https://twitter.com/sportrated/status/808403867574538240
naa_vonney;12/12/2016 18:11;0;0;Chapecoense , Atletico Mineiro not fined for forfeit - Brazil court http:// dlvr.it/Msgs5H pic.twitter.com/DyWMtaZkex;;;;8,08404E+17;https://twitter.com/naa_vonney/status/808403862532997120
HardenijiE;12/12/2016 18:11;0;0;Chapecoense , Atletico Mineiro not fined for forfeit - Brazil court http:// dlvr.it/Msgs0P pic.twitter.com/4qlNOwtyVk;;;;8,08404E+17;https://twitter.com/HardenijiE/status/808403859966001152
caritora1;12/12/2016 18:11;0;0;Chapecoense , Atletico Mineiro not fined for forfeit - Brazil court pic.twitter.com/Sqe0RZim6x;;;;8,08404E+17;https://twitter.com/caritora1/status/808403852768645123
AlvaradosCoro;12/12/2016 18:11;0;0;Chapecoense , Atletico Mineiro not fined for forfeit - Brazil court http:// viid.me/qe9vIX pic.twitter.com/ndGzlBPaRA;;;;8,08404E+17;https://twitter.com/AlvaradosCoro/status/808403847425101830
soccermemefc;12/12/2016 18:11;0;1;Chapecoense , Atletico Mineiro not fined for forfeit - Brazil court http://www. espnfc.us/futebol-brasil eiro/story/3018123/chapecoense-and-atletico-mineiro-wont-be-fined-for-forfeiting-final-match-brazil-court?utm_source=dlvr.it&utm_medium=twitter … #soccer pic.twitter.com/FLlluJFxLZ;;;#soccer;8,08404E+17;https://twitter.com/soccermemefc/status/808403844925247488
franklinguitten;12/12/2016 18:11;0;0;Chapecoense , Atletico Mineiro not fined for forfeit - Brazil court http:// dlvr.it/MsgrsN pic.twitter.com/mY12GPxJRQ;;;;8,08404E+17;https://twitter.com/franklinguitten/status/808403838436659200
animesh1977;12/12/2016 18:07;0;0;Football team Chapecoense fined €28,300 after failing to play in their game against Atletico Mineiro, despite 19 f… http:// ift.tt/2gyokdG;;;;8,08403E+17;https://twitter.com/animesh1977/status/808402903375474689
140BP90M;12/12/2016 18:06;0;0;Chapecoense fined for failing to play final match of the season http://www. foxsports.com/soccer/story/c hapecoense-fined-failing-play-final-match-season-121216 … via @FoxSports;;@FoxSports;;8,08403E+17;https://twitter.com/140BP90M/status/808402749033508869
HaCoupleth1;12/12/2016 17:56;0;0;Chapecoense fined despite losing 19 players in plane crash https:// sports.naij.com/1077257-chapec oense-cruelly-fined-failing-play-atletico-mineiro.html … via @naijcom;;@naijcom;;8,084E+17;https://twitter.com/HaCoupleth1/status/808400028989472768
islandives;12/12/2016 17:54;0;0;Chapecoense ' fined ' after failing to fulfil fixture against Atletico Mineiro http://www. mirror.co.uk/sport/football /news/chapecoense-fined-after-failing-fulfil-9442050#ICID=sharebar_twitter …;;;#ICID;8,084E+17;https://twitter.com/islandives/status/808399613480734720
StewBlack;12/12/2016 17:53;0;2;Just read that Chapecoense have been fined for not fulfilling fixtures. Want to check it's true, realised can't trust any news outlets.;;;;8,08399E+17;https://twitter.com/StewBlack/status/808399492739428353
myhamson;12/12/2016 17:49;0;0;Chapecoense fined for failing to play final match of the season. http:// foxs.pt/2hwnoq7 pic.twitter.com/L5zYX317Yk;;;;8,08398E+17;https://twitter.com/myhamson/status/808398315939307520
FOXSoccer;12/12/2016 17:45;429;512;Chapecoense fined for failing to play final match of the season. http:// foxs.pt/2hwnoq7 pic.twitter.com/6C4O2afTch;;;;8,08397E+17;https://twitter.com/FOXSoccer/status/808397259947778049
NicolasKhan;12/12/2016 17:43;0;0;Chapecoense ' fined ' after failing to fulfil fixture against Atletico Mineiro http://www. mirror.co.uk/sport/football /news/chapecoense-fined-after-failing-fulfil-9442050#ICID=sharebar_twitter …;;;#ICID;8,08397E+17;https://twitter.com/NicolasKhan/status/808396891092373504
DanielHuane;12/12/2016 17:35;0;11;The Brazilian FA have fined Chapecoense & Atletico Mineiro £25,000 each for failing to play their final game of the season. Disgraceful.;;;;8,08395E+17;https://twitter.com/DanielHuane/status/808394781755904002
Insidify;12/12/2016 17:32;0;0;Football team Chapecoense fined €28,300 after failing to play in their game against Atletico Mineiro, despite 19 fi… pic.twitter.com/WfLnuApGW9;;;;8,08394E+17;https://twitter.com/Insidify/status/808394056090927104
TFCGooner2;12/12/2016 17:31;0;0;Claimed that Chapecoense were fined by the Brazilian FA for not playing their last league game;;;;8,08394E+17;https://twitter.com/TFCGooner2/status/808393855510970373
tranmerekev;12/12/2016 17:22;0;3;Despite what you're reading on Twitter, Chapecoense were NOT fined for failing to fullfill their fixture with Atletico Mineiro yesterday.;;;;8,08392E+17;https://twitter.com/tranmerekev/status/808391525503823872
theon1on;12/12/2016 17:20;0;0;Chapecoense fined for failing to play final match of the season http:// dlvr.it/Msg2yR;;;;8,08391E+17;https://twitter.com/theon1on/status/808390994458644481
el_clarividente;12/12/2016 17:16;0;0;AS can confirm: Chapecoense WILL NOT be fined for failing to play final fixture http:// ln.is/hRs2f rum... by #diarioas via @c0nvey;;@c0nvey;#diarioas;8,0839E+17;https://twitter.com/el_clarividente/status/808390126535634944
CWcream;12/12/2016 17:16;0;0;wittier Chapecoense fined for failing to play final match of the season http:// ift.tt/2gy8Aah #MAGA cindycapo cindycapo edaccessible;;;#MAGA;8,0839E+17;https://twitter.com/CWcream/status/808390087914426368
jonwhoatv;12/12/2016 17:16;0;0;"The Mirror are reporting that Chapecoense are being fined for missing their final game. Where do these idiot journalists"" come from?""";;;;8,0839E+17;https://twitter.com/jonwhoatv/status/808390051860250624
WhatADog9;12/12/2016 17:14;0;0;wittier: Chapecoense fined for failing to play final match of the season http:// ift.tt/2gy8Aah #MAGA cindycapo wittier cindycapo;;;#MAGA;8,0839E+17;https://twitter.com/WhatADog9/status/808389650264051714
BigMoDavidson;12/12/2016 17:13;0;0;Chapecoense ' fined ' after failing to fulfil fixture against Atletico Mineiro http://www. mirror.co.uk/sport/football /news/chapecoense-fined-after-failing-fulfil-9442050#ICID=sharebar_twitter …;;;#ICID;8,08389E+17;https://twitter.com/BigMoDavidson/status/808389414703558657
wittier;12/12/2016 17:12;0;0;Chapecoense fined for failing to play final match of the season http:// ift.tt/2gy8Aah #MAGA @cindycapo;;@cindycapo;#MAGA;8,08389E+17;https://twitter.com/wittier/status/808389188131389441
ItsNotTheOnion;12/12/2016 17:07;0;0;Chapecoense fined for failing to play final match of the season http:// ift.tt/2gy8nUA #nottheonion;;;#nottheonion;8,08388E+17;https://twitter.com/ItsNotTheOnion/status/808387801871958016
technieGUY;12/12/2016 17:04;2;0;Chapecoense fined for failing to play final match of the season;;;;8,08387E+17;https://twitter.com/technieGUY/status/808387180003545088
Jbarrerap1;12/12/2016 17:04;0;0;AS can confirm: Chapecoense WILL NOT be fined for failing to play final fixture http:// ln.is/vUKJ3 rum... by #diarioas via @c0nvey;;@c0nvey;#diarioas;8,08387E+17;https://twitter.com/Jbarrerap1/status/808387128753344517
webgonewild;12/12/2016 17:03;0;0;Chapecoense fined nearly $30G for not playing after deadly crash http:// ift.tt/2hqKs6U;;;;8,08387E+17;https://twitter.com/webgonewild/status/808386915770699778
NVPeople;12/12/2016 17:02;0;0;Chapecoense fined nearly $30G for not playing after deadly crash http:// ow.ly/NPiu100tlCH ^NYDailyNews;;;;8,08387E+17;https://twitter.com/NVPeople/status/808386545262751745
1USNews;12/12/2016 17:00;0;0;#USA Chapecoense fined nearly $30G for not playing after deadly crash: The Brazilian soccer team that lost… http:// dlvr.it/MsfkCh #1USNews pic.twitter.com/hCTEfO8kj6;;;#USA #1USNews;8,08386E+17;https://twitter.com/1USNews/status/808386026410360832
Footballghana3;12/12/2016 16:59;0;0;Chapecoense ‘ fined ’ after failing to fulfil fixture against Atletico Mineiro despite plane crash http://www. footballghana.com/latest-news/ch apecoense-fined-failing-fulfil-fixture-atletico-mineiro-despite-plane-crash/ …;;;;8,08386E+17;https://twitter.com/Footballghana3/status/808385906306588673
Gabriel_aim;12/12/2016 16:59;0;0;AS can confirm: Chapecoense WILL NOT be fined for failing to play final fixture http:// ln.is/8Kwe2 rum... by #diarioas via @c0nvey;;@c0nvey;#diarioas;8,08386E+17;https://twitter.com/Gabriel_aim/status/808385838350499840
Whocares2727;12/12/2016 16:58;1;0;Incredible! Chapecoense fined nearly $30G for not playing after deadly crash http:// nydn.us/2hmedb9;;;;8,08386E+17;https://twitter.com/Whocares2727/status/808385671152943104
news__eeuu;12/12/2016 16:58;0;0;Chapecoense fined nearly $30G for not playing after deadly crash http:// viid.me/qe83Yx pic.twitter.com/qgDpI7Clnc;;;;8,08386E+17;https://twitter.com/news__eeuu/status/808385541343350784
mya_fl;12/12/2016 16:58;0;0;Chapecoense fined nearly $30G for not playing after deadly crash http:// dlvr.it/MsfhJ5 pic.twitter.com/PS3ztmsNrw;;;;8,08386E+17;https://twitter.com/mya_fl/status/808385521554624512
m_shmndora;12/12/2016 16:57;0;0;AS can confirm: Chapecoense WILL NOT be fined for failing to play final fixture http:// ln.is/yGSiE rum... by #Michaaux via @c0nvey;;@c0nvey;#Michaaux;8,08385E+17;https://twitter.com/m_shmndora/status/808385223431950340
MattNapolitano;12/12/2016 16:52;0;0;Report: The surviving members of Brazilian soccer club Chapecoense have been fined $30K for missing their final match of the season. #fnr;;;#fnr;8,08384E+17;https://twitter.com/MattNapolitano/status/808383931712229376
MVongkhankeo;12/12/2016 16:51;0;2;Chapecoense was fined for not playing their last game of the season...Are you kidding me?;;;;8,08384E+17;https://twitter.com/MVongkhankeo/status/808383763608719360
tanujlakhina;12/12/2016 16:50;0;0;CBF also fined Chapecoense . Rules need relaxation for humanity sake https:// twitter.com/LucasSposito_/ status/808382846251499529 …;;;;8,08384E+17;https://twitter.com/tanujlakhina/status/808383638094036992
Rupert_Fryer;12/12/2016 16:48;4;1;Enough of the this. #Chapecoense were not fined for failing to fulfil their final league match on Sunday. Was marked a loss for both teams.;;;#Chapecoense;8,08383E+17;https://twitter.com/Rupert_Fryer/status/808382939889274881
LucasSposito_;12/12/2016 16:46;48;19;Chapecoense were NOT fined for not having played this weekend. These reports are not true.;;;;8,08383E+17;https://twitter.com/LucasSposito_/status/808382625949843456
dc2net;12/12/2016 16:46;0;0;Chapecoense fined for failing to play final match of the season http:// esports.ws/chapecoense-fi ned-for-failing-to-play-final-match-of-the-season/ …;;;;8,08382E+17;https://twitter.com/dc2net/status/808382480017477632
xtnetworks;12/12/2016 16:46;0;0;#sportsnews Chapecoense fined for failing to play final match of the season http:// ow.ly/QXD6507tNA5;;;#sportsnews;8,08382E+17;https://twitter.com/xtnetworks/status/808382420693225475
esportsws;12/12/2016 16:46;0;0;New post: Chapecoense fined for failing to play final match of the season http:// esports.ws/arian-foster-a grees-to-1-year-deal-with-dolphins-agent-says-espn/ …;;;;8,08382E+17;https://twitter.com/esportsws/status/808382409360044032
somchai_ko;12/12/2016 16:41;0;0;[FoxSport] Chapecoense fined for failing to play final match of the season http:// ift.tt/2gxP0ep;;;;8,08381E+17;https://twitter.com/somchai_ko/status/808381294774259713
AmrZizOu;12/12/2016 16:40;0;0;AS can confirm: Chapecoense WILL NOT be fined for failing to play final fixture http:// ln.is/T5JCJ rum... by #ElAriaan via @c0nvey;;@c0nvey;#ElAriaan;8,08381E+17;https://twitter.com/AmrZizOu/status/808381094773067776
maherfamily486;12/12/2016 16:39;0;0;The Brazilian FA have fined Chapecoense & Atletico Mineiro for failing to play their final game of the season. pic.twitter.com/rDBGUHmN0p;;;;8,08381E+17;https://twitter.com/maherfamily486/status/808380786651070464
NetsFGSN;12/12/2016 16:36;0;0;Chapecoense fined nearly $30,000 for not playing in championship ga... #BrooklynNets https:// serve.fans/r/aa25f4dd53 pic.twitter.com/mtWtJZ85sD;;;#BrooklynNets;8,0838E+17;https://twitter.com/NetsFGSN/status/808380084457504768
NewYorkLoving;12/12/2016 16:34;0;1;Chapecoense fined nearly $30G for not playing after deadly crash: The Brazilian soccer team that lost most of its… http://www. nydailynews.com/sports/soccer/ chapecoense-fined-30g-not-playing-deadly-crash-article-1.2908079?utm_source=dlvr.it&utm_medium=twitter … pic.twitter.com/EUzhuvgtwZ;;;;8,0838E+17;https://twitter.com/NewYorkLoving/status/808379597993570305
NewYorkBestOf;12/12/2016 16:34;0;1;Chapecoense fined nearly $30G for not playing after deadly crash http://www. nydailynews.com/sports/soccer/ chapecoense-fined-30g-not-playing-deadly-crash-article-1.2908079?utm_source=dlvr.it&utm_medium=twitter … pic.twitter.com/AweaWXBphp;;;;8,0838E+17;https://twitter.com/NewYorkBestOf/status/808379586882904064
BBall_Nets_News;12/12/2016 16:34;0;0;Chapecoense fined nearly $30G for not playing after deadly crash http://www. nydailynews.com/sports/soccer/ chapecoense-fined-30g-not-playing-deadly-crash-article-1.2908079?utm_source=dlvr.it&utm_medium=twitter … #Nets #NBA pic.twitter.com/cK7piYKpsl;;;#Nets #NBA;8,0838E+17;https://twitter.com/BBall_Nets_News/status/808379554272116736
DivisionZero4US;12/12/2016 16:27;0;0;Chapecoense ' fined ' after failing to fulfil fixture against Atletico Mineiro despite plane crash... http:// fb.me/83W1W9ikE;;;;8,08378E+17;https://twitter.com/DivisionZero4US/status/808377675412807680
suelunn4;12/12/2016 16:25;0;0;Chapecoense fined and penalized two points by Brazilian FA http://www. calciomercato.com/en/news/chapec oense-fined-and-penalized-two-points-by-brazilian-fa-85221?ref=twitter … via @CmdotCom_En;;@CmdotCom_En;;8,08377E+17;https://twitter.com/suelunn4/status/808377320755105793
ahmedyassin1919;12/12/2016 16:20;0;0;AS can confirm: Chapecoense WILL NOT be fined for failing to play final fixture http:// ln.is/hKnRf rum... by #Michaaux via @c0nvey;;@c0nvey;#Michaaux;8,08376E+17;https://twitter.com/ahmedyassin1919/status/808376070156288001
007_hanafy;12/12/2016 16:20;0;0;AS can confirm: Chapecoense WILL NOT be fined for failing to play final fixture http:// ln.is/IWcxl rum... by #Michaaux via @c0nvey;;@c0nvey;#Michaaux;8,08376E+17;https://twitter.com/007_hanafy/status/808376028485840899
barstoolsports;12/12/2016 16:17;249;518;Chapecoense got fined for missing a match after 80 percent of their team died in a plane crash http:// trib.al/3JYdKYM pic.twitter.com/OuVg3EGrMJ;;;;8,08375E+17;https://twitter.com/barstoolsports/status/808375202421817345
a2dradio_com;12/12/2016 16:16;5;5;#Chapecoense Soccer - fined 30k for missing match after 80% of team died in a plane crash... Most ridiculous thing we've EVER Heard! pic.twitter.com/hxYZjZeJeb;;;#Chapecoense;8,08375E+17;https://twitter.com/a2dradio_com/status/808374907281309697
FaulknerLucas;12/12/2016 16:15;0;3;Chapecoense and Atletico Mineiro fined by the Brazilian FA because they didn't play their last game of the season. That's absolutely absurd.;;;;8,08375E+17;https://twitter.com/FaulknerLucas/status/808374746983399425
fans_frenzy;12/12/2016 16:15;0;0;Report: Chapecoense and opponent fined and handed 3–0 losses by Brazilian Confederation for not playing final match;;;;8,08375E+17;https://twitter.com/fans_frenzy/status/808374649776209920
NYDNSports;12/12/2016 16:15;9;7;Chapecoense was fined nearly $30G for not playing game after 19 of its players were killed in a plane crash http:// nydn.us/2hqqk4N pic.twitter.com/j49gPhSdlw;;;;8,08375E+17;https://twitter.com/NYDNSports/status/808374633988784128
LiamWarcup;12/12/2016 16:14;0;1;As if the Brazilian FA have fined Chapecoense for not playing their last game of the season;;;;8,08374E+17;https://twitter.com/LiamWarcup/status/808374358813057024
8Fact_Footballl;12/12/2016 16:10;744;500;The Brazilian FA have fined Chapecoense & Atletico Mineiro $30,000 for failing to play their final game of the season. Disgusting. pic.twitter.com/RHWOodRkqa;;;;8,08374E+17;https://twitter.com/8Fact_Footballl/status/808373509667880960
LGWright1878;12/12/2016 16:10;0;0;#Chapecoense reportedly fined for not pursuing fixture against A.Mineiro. Surely inaccurate journalism and not further shame for football.;;;#Chapecoense;8,08373E+17;https://twitter.com/LGWright1878/status/808373455280361473
Meh_Rob;12/12/2016 16:08;0;1;Disgusting, the fact that Chapecoense are getting fined for failing to play their final league game of the season... Shouldn't be allowed.;;;;8,08373E+17;https://twitter.com/Meh_Rob/status/808372997270732802
mel_itfc;12/12/2016 16:08;0;0;Chapecoense ' fined ' after failing to fulfil fixture against Atletico Mineiro http://www. mirror.co.uk/sport/football /news/chapecoense-fined-after-failing-fulfil-9442050#ICID=sharebar_twitter …;;;#ICID;8,08373E+17;https://twitter.com/mel_itfc/status/808372933714440192
GoalgodEs;12/12/2016 16:06;0;0;diarioas: RT English_AS: AS can confirm: Chapecoense WILL NOT be fined for failing to play final fixture … https:// twitter.com/i/web/status/8 08370885338005505 …;;;;8,08372E+17;https://twitter.com/GoalgodEs/status/808372417756364801
miha38_28;12/12/2016 16:04;0;0;The Brazilian FA have fined Chapecoense & Atletico Mineiro £25,000 each for failing to pla… https:// twitter.com/i/web/status/8 08371591260184576 … pic.twitter.com/jh1Y3BAjXE;;;;8,08372E+17;https://twitter.com/miha38_28/status/808371952117280768
English_AS;12/12/2016 16:00;69;45;AS can confirm: Chapecoense WILL NOT be fined for failing to play final fixture http:// en.as.com/en/2016/12/12/ football/1481535046_283876.html … rumours circulating today are FALSE pic.twitter.com/hZWGjZaV5c;;;;8,08371E+17;https://twitter.com/English_AS/status/808370885338005505
khandbapa;12/12/2016 15:59;0;0;Chapecoense fined after failing to fulfil fixture against Atletico Mineiro despite plane crash. http:// google.com/newsstand/s/CB Iw2ruO9TA …;;;;8,08371E+17;https://twitter.com/khandbapa/status/808370750503653376
jameshullock;12/12/2016 15:58;0;1;Have I seriously just read that #Chapecoense have been fined for not playing the cup final?;;;#Chapecoense;8,08371E+17;https://twitter.com/jameshullock/status/808370544911482880
JordannnGranttt;12/12/2016 15:58;0;0;Absolutely shocking that Chapecoense have been fined for not playing their final fixture, 19 of their players have just died for god sake;;;;8,0837E+17;https://twitter.com/JordannnGranttt/status/808370433716350977
TheDivineBandit;12/12/2016 15:46;0;0;"Lightning...Push ups...strike"" Chapecoense ' fined ' after failing to fulfil fixture against Atletico Mineiro http://www. mirror.co.uk/sport/football /news/chapecoense-fined-after-failing-fulfil-9442050#ICID=sharebar_twitter …""";;;#ICID;8,08367E+17;https://twitter.com/TheDivineBandit/status/808367336751132673
JamieRob9;12/12/2016 15:41;0;0;Chapecoense getting fined for not playing the final game of their season is an absolute disgrace, actually speechless #ForcaChape;;;#ForcaChape;8,08366E+17;https://twitter.com/JamieRob9/status/808366264863297537
EvanoeLeBoss;12/12/2016 15:39;0;0;What kind of fuckery is this Chapecoense have been fined for not playing their final league game of the Brazilian season.;;;;8,08366E+17;https://twitter.com/EvanoeLeBoss/status/808365598531055616
MtothenatoR;12/12/2016 15:38;0;0;Chapecoense fined for not playing their last game of the season. This is what happens when stupid people run regulation, seriously no words.;;;;8,08365E+17;https://twitter.com/MtothenatoR/status/808365425864179713
CallumBergin;12/12/2016 15:37;0;1;If this story about Chapecoense being fined £25,000 for not playing their final game is true I'll happily donate to the club. Ridiculous;;;;8,08365E+17;https://twitter.com/CallumBergin/status/808365086540709891
sportsbetting72;12/12/2016 15:19;0;0;Chapecoense fined for not playing final match - http:// sportsbetting724.com/2016/12/12/cha pecoense-fined-for-not-playing-final-match/ …;;;;8,08361E+17;https://twitter.com/sportsbetting72/status/808360681556701184
YahooCASports;12/12/2016 15:19;0;0;Chapecoense plane crash survivors fined for not playing final match. https:// yhoo.it/2hpWI7w pic.twitter.com/SZ7nDrKYHD;;;;8,08361E+17;https://twitter.com/YahooCASports/status/808360634618355712
sumanzdunia;12/12/2016 15:16;0;0;#Sumanz #Sports Chapecoense fined for not playing final match http:// ow.ly/2mFq507tzwP;;;#Sumanz #Sports;8,0836E+17;https://twitter.com/sumanzdunia/status/808359947859853314
Nexmedia_Sports;12/12/2016 15:11;0;0;Chapecoense fined for not playing final match http:// dlvr.it/Mscv2F;;;;8,08359E+17;https://twitter.com/Nexmedia_Sports/status/808358687379030016
Drewsmama;12/12/2016 15:05;0;0;You have got to be fucking kidding... RT @SInow : Report: Chapecoense and opponent fined and handed (cont) http:// tl.gd/nn89d2;;@SInow;;8,08357E+17;https://twitter.com/Drewsmama/status/808357045011218432
BenGlayzer;12/12/2016 15:00;0;1;Absolutely disgraceful, Chapecoense have been fined for not turning up to the final fixture of the season. Football news after the tragedy;;;;8,08356E+17;https://twitter.com/BenGlayzer/status/808355865573072896
OptimusE24;12/12/2016 14:58;0;0;SI report: Chapecoense and opponent fined & handed 3–0 losses by Brazilian Confederation for not playing final match http:// on.si.com/2gRMn3i pic.twitter.com/aRFQEjcwtd;;;;8,08355E+17;https://twitter.com/OptimusE24/status/808355316916064256
dyas68;12/12/2016 14:58;0;0;So Chapecoense and Atletico fined for not fulfilling the final after the plane crash killed most of the Brazilian team. WTAF;;;;8,08355E+17;https://twitter.com/dyas68/status/808355291532292097
CMcLean95;12/12/2016 14:57;0;0;Chapecoense have been fined for not playing the final they qualified for before all their players were killed in a plane crash? Disgusting.;;;;8,08355E+17;https://twitter.com/CMcLean95/status/808355026410340352
FootieWriter;12/12/2016 14:56;6;8;ESPN Deportes say Chapecoense /Mineiro have been fined for failing to fill a side by the Superior Court of Justice... 'Justice' Ridiculous;;;;8,08355E+17;https://twitter.com/FootieWriter/status/808354728203710464
Chris_FN_Ward;12/12/2016 14:53;0;0;Chapecoense ' fined ' after failing to fulfil fixture against Atletico Mineiro http://www. mirror.co.uk/sport/football /news/chapecoense-fined-after-failing-fulfil-9442050#ICID=sharebar_twitter …;;;#ICID;8,08354E+17;https://twitter.com/Chris_FN_Ward/status/808354024705638400
Socca90;12/12/2016 14:51;0;0;Chapecoense fined for not playing final match http:// ift.tt/2gwRvxm;;;;8,08354E+17;https://twitter.com/Socca90/status/808353546869600257
W0RLDSOCCERNEWS;12/12/2016 14:50;0;0;Chapecoense fined for not playing final match http:// dlvr.it/MscW0W pic.twitter.com/mz63eQkG6V;;;;8,08353E+17;https://twitter.com/W0RLDSOCCERNEWS/status/808353429345046528
SInow;12/12/2016 14:49;30;23;Report: Chapecoense and opponent fined and handed 3–0 losses by Brazilian Confederation for not playing final match http:// on.si.com/2gRMn3i pic.twitter.com/7x0ZcDc14J;;;;8,08353E+17;https://twitter.com/SInow/status/808353211463692294
jack_kennedy07;12/12/2016 14:48;0;0;Chapecoense fined for not playing final game of the season. Absolutely shocking;;;;8,08353E+17;https://twitter.com/jack_kennedy07/status/808352783971848192
somchai_ko;12/12/2016 14:48;0;0;[FoxSport] Chapecoense fined for not playing final match http:// ift.tt/2gwRvxm;;;;8,08353E+17;https://twitter.com/somchai_ko/status/808352761968476166
kasc4u;12/12/2016 14:48;0;0;Chapecoense fined for not playing final match http:// rumoursgh.com/blog/chapecoen se-fined-for-not-playing-final-match/ …;;;;8,08353E+17;https://twitter.com/kasc4u/status/808352718704218114
FoxAlgeria;12/12/2016 14:47;0;0;#FoxAlgeria Chapecoense fined for not playing final match http://www. foxsports.com/soccer/story/c hapecoense-penalized-fined-final-match-121216?cmpid=feed:-sports-CQ-RSS-Feed … #Algeria #الجزائر pic.twitter.com/21o2wT1tY6;;;#FoxAlgeria #Algeria #;8,08353E+17;https://twitter.com/FoxAlgeria/status/808352634390323200
bfcnpl;12/12/2016 14:44;0;3;The Brazilian FA have fined Chapecoense & Atletico Mineiro $30,000 for failing to play their final game of the... http:// fb.me/7gnblmNsB;;;;8,08352E+17;https://twitter.com/bfcnpl/status/808351882850791424
RD19Official;12/12/2016 14:42;0;0;You got to be kidding me ---> Chapecoense have been fined for not arriving to game in Brazilian league! WHAT IS WRONG WITH PEOPLE?;;;;8,08351E+17;https://twitter.com/RD19Official/status/808351397070651392
StevenTravers99;12/12/2016 14:33;0;3;The Brazilian FA have fined Chapecoense £30k for not competing in the cup final! So fucked up;;;;8,08349E+17;https://twitter.com/StevenTravers99/status/808349001179426816
FowlerSports14;12/12/2016 14:24;0;1;The Brazilian FA fined Chapecoense $30k. I am absolutely disgusted in them. How can you fine a team after that tragedy? #ForçaChape !;;;#For;8,08347E+17;https://twitter.com/FowlerSports14/status/808346781432029184
ally_begg;12/12/2016 14:23;13;20;So the Brazilian FA allegedly fined both Chapecoense and Mineiro for failing to play their final game of the season! I despair I really do!;;;;8,08347E+17;https://twitter.com/ally_begg/status/808346515223805952
_esaliba;12/12/2016 14:21;2;1;Surviving Chapecoense players have NOT been fined . This story is very inaccurate http:// nypost.com/2016/12/12/soc cer-plane-crash-survivors-fined-30k-for-missing-match/ …;;;;8,08346E+17;https://twitter.com/_esaliba/status/808346155390271488
djhireglasgow;12/12/2016 14:15;0;0;Chapecoense FINED for failing to play their last fixture of the season http://www. dailyrecord.co.uk/sport/football /football-news/chapecoense-fined-failing-play-last-9442441#ICID=ios_DailyRecordNewsApp_AppShare_Click_Twitter …;;;#ICID;8,08344E+17;https://twitter.com/djhireglasgow/status/808344483762946050
Record_Sport;12/12/2016 14:11;15;5;ICYMI: Chapecoense are fined for failing to play their last game of the season *incredible http:// dlyr.ec/mOXnb3 pic.twitter.com/C3rQWogxUF;;;;8,08343E+17;https://twitter.com/Record_Sport/status/808343402861498368
AyebeLamAnthony;12/12/2016 13:57;0;0;Chapecoense FINED after failing to fulfil fixture against Atletico Mineiro http:// fb.me/1sL7rvOcW;;;;8,0834E+17;https://twitter.com/AyebeLamAnthony/status/808340130037698561
ViralTrendUrdu;12/12/2016 13:56;0;0;Kasuri420: MailOnline: Chapecoense 'is fined £25k for missing final match of season' http:// dailym.ai/2hlImHI pic.twitter.com/Y9ipsYcI2H;;;;8,0834E+17;https://twitter.com/ViralTrendUrdu/status/808339791926493185
n_n_news;12/12/2016 13:54;0;0;Chapecoense 'is fined £25k for missing final match of season' http:// dailym.ai/2hlImHI;;;;8,08339E+17;https://twitter.com/n_n_news/status/808339356750610432
ViralTrendEng;12/12/2016 13:53;0;0;MailOnline: Chapecoense 'is fined £25k for missing final match of season' http:// dailym.ai/2hlImHI pic.twitter.com/Y19Mk41IsD;;;;8,08339E+17;https://twitter.com/ViralTrendEng/status/808338905640603648
cdonfielding;12/12/2016 13:51;3;1;Absolutely no words for this #BrazilianFA Have fined Chapecoense & Atletico Mineiro for failing to play final game of season #Greed;;;#BrazilianFA #Greed;8,08338E+17;https://twitter.com/cdonfielding/status/808338486113763328
MailOnline;12/12/2016 13:49;135;37;Chapecoense 'is fined £25k for missing final match of season' http:// dailym.ai/2hlImHI pic.twitter.com/gHZiffolAF;;;;8,08338E+17;https://twitter.com/MailOnline/status/808337880817008642
T21Jan;12/12/2016 13:48;0;0;RIDICULOUS. TEAM WAS IN DEVASTATING CRASH - Chapecoense FINED for failing to play their last fixture of the season http://www. dailyrecord.co.uk/sport/football /football-news/chapecoense-fined-failing-play-last-9442441#ICID=sharebar_twitter …;;;#ICID;8,08338E+17;https://twitter.com/T21Jan/status/808337718321287168
ryanjellison2;12/12/2016 13:44;0;2;No way have Chapecoense FC been fined by the Brazilian FA for not fulfilling the fixture after the plane crash?!;;;;8,08337E+17;https://twitter.com/ryanjellison2/status/808336710543228929
otib_co_uk;12/12/2016 13:35;0;0;Unbelievable! Chapecoense fined by Brazilian FA... http:// dlvr.it/MsbB8B #otib;;;#otib;8,08334E+17;https://twitter.com/otib_co_uk/status/808334364874416128
skogli;12/12/2016 13:34;0;0;" #Chapecoense have been fined €28,300 after failing to fulfil their final fixture of the season""... http://www. mirror.co.uk/sport/football /news/chapecoense-fined-after-failing-fulfil-9442050 …""";;;#Chapecoense;8,08334E+17;https://twitter.com/skogli/status/808334166827864064
HaroldTR123;12/12/2016 13:24;0;0;So the fallen Chapecoense team have been fined between 25-30K for skipping a game! Serious Brazilian FA!! #disgusted #getagrip;;;#disgusted #getagrip;8,08332E+17;https://twitter.com/HaroldTR123/status/808331644943925248
FromTStands;12/12/2016 13:16;55;69;Brazilian FA have fined Chapecoense and Atletico Mineiro for not being able to play their final game of the season. Shocking.;;;;8,0833E+17;https://twitter.com/FromTStands/status/808329706516975620
tanyamcshane90;12/12/2016 13:12;0;0;As if the Brazilian FA have fined Chapecoense for not playing their final match... seriously guys, grow a heart!;;;;8,08329E+17;https://twitter.com/tanyamcshane90/status/808328615314264064
Matt_CAFC;12/12/2016 13:09;1;0;" Chapecoense fined after failing to fulfil fixture against Atletico Mineiro"" they gotta be joking... http://www. mirror.co.uk/sport/football /news/chapecoense-fined-after-failing-fulfil-9442050#ICID=sharebar_twitter …""";;;#ICID;8,08328E+17;https://twitter.com/Matt_CAFC/status/808327897165471744
nathangreen96;12/12/2016 13:09;0;0;Have the Brazilian FA really just fined chapecoense for not playing their final fixture...wtf???;;;;8,08328E+17;https://twitter.com/nathangreen96/status/808327862449217536
fuse7777;12/12/2016 13:06;2;1;Chapecoense fined after failing to fulfil fixture against Atletico Mineiro despite plane crash - Mirror Online #wtf https://www. google.co.uk/amp/www.mirror .co.uk/sport/football/news/chapecoense-fined-after-failing-fulfil-9442050.amp …;;;#wtf;8,08327E+17;https://twitter.com/fuse7777/status/808327251074879488
TheKop_Facebook;12/12/2016 12:59;3;6;Brazilian FA have fined Chapecoense for not fulfilling their final fixture, how sick is that!!;;;;8,08325E+17;https://twitter.com/TheKop_Facebook/status/808325428893089792
blaydegaming;12/12/2016 12:57;0;0;@MattHDGamer what is the world coming to - Chapecoense fined after failing to fulfil fixture against Atletico Mineir http://www. mirror.co.uk/sport/football /news/chapecoense-fined-after-failing-fulfil-9442050#ICID=Android_TMNewsApp_AppShare …;;@MattHDGamer;#ICID;8,08325E+17;https://twitter.com/blaydegaming/status/808324866759938048
stakegains;12/12/2016 12:56;0;0;CHAPECOENSE FINED ! https:// stakegains.com/article/chapec oense-fined#.WE66siUbk-U.twitter …;;;#;8,08325E+17;https://twitter.com/stakegains/status/808324764070723584
blaydegaming;12/12/2016 12:55;0;0;Chapecoense fined after failing to fulfil fixture against Atletico Mineiro http://www. mirror.co.uk/sport/football /news/chapecoense-fined-after-failing-fulfil-9442050#ICID=Android_TMNewsApp_AppShare …;;;#ICID;8,08324E+17;https://twitter.com/blaydegaming/status/808324289648885760
buzzoneill;12/12/2016 12:47;11;19;So FIFA..wow. Chapecoense fined 30K by Brasilian FA for not fulfilling their final fixture vs Mineiro. What with being dead an all..;;;;8,08322E+17;https://twitter.com/buzzoneill/status/808322324705447936
BallStreet;12/12/2016 12:45;15;16;In one of the most jobsworth actions of all time, Brazilian FA have fined Chapecoense €28300 for not playing their final game of the season. pic.twitter.com/SEc86szc9W;;;;8,08322E+17;https://twitter.com/BallStreet/status/808321825960820736
blaydegaming;12/12/2016 12:44;0;0;#Chapecoense being fined for not fulfilling their last fixture?!?! That is fucking sick.;;;#Chapecoense;8,08322E+17;https://twitter.com/blaydegaming/status/808321723116425216
JamieTeather;12/12/2016 12:44;0;0;Reports Chapecoense have been fined by the Brazilian FA for not playing their last game of the reason. What on earth is this world come to;;;;8,08322E+17;https://twitter.com/JamieTeather/status/808321512281440257
UKThisHour;12/12/2016 12:41;0;0;Chapecoense fined failing fulfil fixture against Atletico: http://www. mambolook.com/united-kingdom /aviation-accidents … , http://www. mambolook.com/link/6905715 pic.twitter.com/nud9Pg1vvi;;;;8,08321E+17;https://twitter.com/UKThisHour/status/808320850646728704
atanimus;12/12/2016 12:41;0;0;Chapecoense fined €28,300 for failing to fulfil final game with Atletico Mineiro despite… https://www. dnoble-daily.com/chapecoense-fi ned-e28300-for-failing-to-fulfil-final-game-with-atletico-mineiro-despite-plane-crash-that-wiped-out-19-of-their-players/ … pic.twitter.com/FDUai5uK8Q;;;;8,08321E+17;https://twitter.com/atanimus/status/808320837023625216
donnaomo;12/12/2016 12:41;0;0;Chapecoense fined €28,300 for failing to fulfil final game with Atletico Mineiro despite… https://www. dnoble-daily.com/chapecoense-fi ned-e28300-for-failing-to-fulfil-final-game-with-atletico-mineiro-despite-plane-crash-that-wiped-out-19-of-their-players/ … pic.twitter.com/jgjTcmfoD2;;;;8,08321E+17;https://twitter.com/donnaomo/status/808320775321165824
wanda_____;12/12/2016 12:40;0;0;surely. can't. be. true. that.. #Chapecoense have been fined for failing to play their final fixture.. ?1? http://www. sportsmole.co.uk/football/chape coense/news/chapecoense-fined-for-missing-fixture_287181.html …;;;#Chapecoense;8,08321E+17;https://twitter.com/wanda_____/status/808320615786627072
AtlantaBluesCFC;12/12/2016 12:40;0;0;Chapecoense fined after failing to fulfil fixture against Atletico Mineiro http://www. mirror.co.uk/sport/football /news/chapecoense-fined-after-failing-fulfil-9442050#ICID=sharebar_twitter …;;;#ICID;8,08321E+17;https://twitter.com/AtlantaBluesCFC/status/808320601341435905
TomLowe12;12/12/2016 12:38;0;0;Disgusting, Chapecoense fined for not playing their final match, officials clearly clueless of how the accident has affected football world;;;;8,0832E+17;https://twitter.com/TomLowe12/status/808320016344956928
TheBootifulGame;12/12/2016 12:37;257;19;Brazilian FA have fined Chapecoense & Atletico Mineiro for failing to play final game of season. RETWEET if you think this is Disgusting! pic.twitter.com/czHM5kCtI0;;;;8,0832E+17;https://twitter.com/TheBootifulGame/status/808319816243224576
SeagravesDaniel;12/12/2016 12:37;0;0;Chapecoense fined for not playing there final fixture football is Finished!!!;;;;8,0832E+17;https://twitter.com/SeagravesDaniel/status/808319804088156164
SportSentral;12/12/2016 12:36;0;0;Stricken football club Chapecoense shockingly fined and face points dedu... http:// soscri.be/51ab9689 -via @SunSport pic.twitter.com/gqTmCiA3eY;;@SunSport;;8,0832E+17;https://twitter.com/SportSentral/status/808319723452526592
Total_NUFC;12/12/2016 12:28;8;17;Chapecoense have been fined £23,700 by the Brazilian Superior Court of Justice after failing to fulfil their final fixture of the season pic.twitter.com/ipPNmMOJWU;;;;8,08318E+17;https://twitter.com/Total_NUFC/status/808317665953677312
b4yourfriends;12/12/2016 12:28;0;0;New post on my blog: Brazilian club Chapecoense have been fined for failing to play there final fixture of the sea… http:// ift.tt/2hpdvI5;;;;8,08318E+17;https://twitter.com/b4yourfriends/status/808317607333994496
GSFofficial;12/12/2016 12:17;0;0;Very Surprising! Chapecoense Fined €28,300 Despite Plane Crash https://www. globalsoccerforum.com/otherleaguesse ction-17575/chapecoense-fined-28300-despite-plane-crash/1#6684805 … pic.twitter.com/hqquBv6Pe4;;;#6684805;8,08315E+17;https://twitter.com/GSFofficial/status/808314959063121920
Anderated21;12/12/2016 12:17;6;10;Chapecoense fined after failing to fulfil fixture against Atletico Mineiro http://www. mirror.co.uk/sport/football /news/chapecoense-fined-after-failing-fulfil-9442050#ICID=sharebar_twitter … absolutely disgusting!;;;#ICID;8,08315E+17;https://twitter.com/Anderated21/status/808314776141123584
jaylpennington;12/12/2016 12:13;3;0;Chapecoense fined for missing fixture - Sports Mole http://www. sportsmole.co.uk/football/chape coense/news/chapecoense-fined-for-missing-fixture_287181.html …;;;;8,08314E+17;https://twitter.com/jaylpennington/status/808313932695957504
lao_ho;12/12/2016 12:08;0;0;Retweeted Transfer Sources ( @TransferSources ): Chapecoense have been fined by the Brazil FA for failing to... http:// fb.me/1xUx2gj3s;;@TransferSources;;8,08313E+17;https://twitter.com/lao_ho/status/808312525183979520
Iam_donadex;12/12/2016 12:08;0;0;Chapecoense have been fined by the Brazil FA for failing to fulfil fixture against Atletico Mineiro after plane cra… https:// twitter.com/i/web/status/8 08261665565409280 …;;;;8,08312E+17;https://twitter.com/Iam_donadex/status/808312489423335425
stocknewsusa;12/12/2016 12:06;6;16;The Chapecoense Football Team, Downgraded and Fined by the Brazilian Football Federation - http:// stocknewsusa.com/2016/12/12/cha pecoense-football-team-downgraded-fined-brazilian-football-federation/ … pic.twitter.com/w5H8XiDifs;;;;8,08312E+17;https://twitter.com/stocknewsusa/status/808312188779855872
SAS1874;12/12/2016 12:04;0;0;Maybe just me, buy that seems a bit harsh. Chapecoense FINED for failing to play their last fixture of the season http://www. dailyrecord.co.uk/sport/football /football-news/chapecoense-fined-failing-play-last-9442441#ICID=Android_DailyRecordNewsApp_AppShare …;;;#ICID;8,08311E+17;https://twitter.com/SAS1874/status/808311482580606977
ChisomGodwin18;12/12/2016 12:03;0;0;Chapecoense fined despite losing 19 players in plane crash https:// sports.naij.com/1077257-chapec oense-cruelly-fined-failing-play-atletico-mineiro.html … via @naijcom;;@naijcom;;8,08311E+17;https://twitter.com/ChisomGodwin18/status/808311330981744641
coyspurswhl;12/12/2016 12:02;1;0;#isitok that the Brazilian FA have fined Chapecoense for not playing their last match of the season #Rip .;;;#isitok #Rip;8,08311E+17;https://twitter.com/coyspurswhl/status/808311130179469313
TheAlbionMagUTA;12/12/2016 12:02;0;0;Chapecoense fined for failing to fulfill a fixture: http://www. mirror.co.uk/sport/football /news/chapecoense-fined-after-failing-fulfil-9442050 … Yes, really. Speechless.;;;;8,08311E+17;https://twitter.com/TheAlbionMagUTA/status/808311050416324608
cohcfc;12/12/2016 11:59;0;2;Fucking hell. Chapecoense fined nearly €30k for not fulfilling their final league fixture;;;;8,0831E+17;https://twitter.com/cohcfc/status/808310343718105088
ChefMcintyre;12/12/2016 11:55;4;1;Chapecoense fined after failing to fulfil fixture against Atletico Mineiro despite plane crash #ForcaChapecoense why would any one do that!;;;#ForcaChapecoense;8,08309E+17;https://twitter.com/ChefMcintyre/status/808309295934828544
apamone;12/12/2016 11:52;0;0;Chapecoense have been fined for ridiculous reason | GiveMeSport http://www. givemesport.com/937317-chapeco ense-have-been-fined-for-ridiculous-reason …;;;;8,08309E+17;https://twitter.com/apamone/status/808308636921503745
GSFofficial;12/12/2016 11:47;0;0;Very Surprising! #Chapecoense Fined €28,300 Despite Plane Crash Incident. https://www. globalsoccerforum.com/otherleaguesse ction-17575/chapecoense-fined-28300-despite-plane-crash/1#6684805 … pic.twitter.com/Y0ZQzrEF0Z;;;#Chapecoense #6684805;8,08307E+17;https://twitter.com/GSFofficial/status/808307188611563520
Gandermonium;12/12/2016 11:42;0;1;That Chapecoense ' fined for not fulfilling a fixture' story currently doing the rounds has to be bollocks, surely??;;;;8,08306E+17;https://twitter.com/Gandermonium/status/808306097069162496
betway_ug;12/12/2016 11:41;0;0;Chapecoense fined after failing to fulfil a fixture despite plane crash tragedy;;;;8,08306E+17;https://twitter.com/betway_ug/status/808305852012707840
betway_gh;12/12/2016 11:41;0;0;Chapecoense fined after failing to fulfil a fixture despite plane crash tragedy;;;;8,08306E+17;https://twitter.com/betway_gh/status/808305851920482304
Betway_KE;12/12/2016 11:41;0;0;Chapecoense fined after failing to fulfil a fixture despite plane crash tragedy;;;;8,08306E+17;https://twitter.com/Betway_KE/status/808305851182317568
evilbluebird;12/12/2016 11:41;3;3;Chapecoense fined after failing to fulfil fixture against Atletico Mineiro http://www. mirror.co.uk/sport/football /news/chapecoense-fined-after-failing-fulfil-9442050#ICID=sharebar_twitter …;;;#ICID;8,08306E+17;https://twitter.com/evilbluebird/status/808305734345748481
footie_gossip;12/12/2016 11:37;0;0;Brazilian side Chapecoense fined for failing to fullfill final league fixture of season. >> http:// bit.ly/2hllHeH #Chapecoense pic.twitter.com/IJymCT9PUg;;;#Chapecoense;8,08305E+17;https://twitter.com/footie_gossip/status/808304835980361728
DareToZlaataan;12/12/2016 11:37;0;0;Chapecoense fined fr not turning into their last fixture? FINED ? WHAT? 19 players died. How will they turn up? So disgusting. Utter rubbish.;;;;8,08305E+17;https://twitter.com/DareToZlaataan/status/808304816623489024
MuratFurkanSZR;12/12/2016 11:30;0;0;Chapecoense fined after failing to fulfil fixture against Atletico Mineiro http://www. mirror.co.uk/sport/football /news/chapecoense-fined-after-failing-fulfil-9442050#ICID=sharebar_twitter …;;;#ICID;8,08303E+17;https://twitter.com/MuratFurkanSZR/status/808303044056219649
ShannaIDK;12/12/2016 11:26;0;0;http:// Mirror.co.uk Chapecoense fined after failing to fulfil fixture against Atletico Mineiro despite plane… http:// dlvr.it/MsXpry;;;;8,08302E+17;https://twitter.com/ShannaIDK/status/808301934180347904
A96oaye;12/12/2016 11:25;0;0;I'm hearing both Chapecoense , and Atletico Mineiro have been fined for failing to fulfill fixtures. Is there any truth in the rumour?;;;;8,08302E+17;https://twitter.com/A96oaye/status/808301740122632192
TheBigYin85;12/12/2016 11:19;0;0;The Brazilian FA have fined Chapecoense & Atletico Mineiro £25,000 each for failing to play their final game of the season absolute disgrace;;;;8,083E+17;https://twitter.com/TheBigYin85/status/808300145859330048
mattsrus;12/12/2016 11:08;0;0;Chapecoense have been fined £23,500 and could be docked points for not playing their final league match. It makes... http:// fb.me/2xkEag4gd;;;;8,08297E+17;https://twitter.com/mattsrus/status/808297392126705665
Juyij__;12/12/2016 11:04;0;0;Chapecoense fined after failing to fulfil fixture against Atletico Mineiro despite… http:// kvngevy.com/chapecoense-fi ned-after-failing-to-fulfil-fixture-against-atletico-mineiro-despite-plane-crash/ … pic.twitter.com/coOLN5pzlZ;;;;8,08296E+17;https://twitter.com/Juyij__/status/808296353499594753
LukeAGreaves;12/12/2016 11:02;0;0;The Brazilian FA have fined Chapecoense & Atletico Mineiro for failing to play their final game of the season. That breaks my heart.;;;;8,08296E+17;https://twitter.com/LukeAGreaves/status/808295949806223361
waatpies;12/12/2016 11:02;3;0;Reports: Chapecoense Fined After Failing To Fulfil Final Brazilian League Fixture... http://www. whoateallthepies.tv/south-america/ 248103/reports-chapecoense-fined-for-failing-to-fulfil-final-brazilian-league-fixture.html … pic.twitter.com/nTr7inoDal;;;;8,08296E+17;https://twitter.com/waatpies/status/808295912745353217
adelovecom;12/12/2016 10:54;0;0;. Chapecoense fined after failing to fulfil fixture against Atletico Mineiro despite ... See full details ( http://www. adelove.com/chapecoense-fi ned-after-failing-to-fulfil/ … ) pic.twitter.com/DtZzk45gdA;;;;8,08294E+17;https://twitter.com/adelovecom/status/808293906706092032
adelovecom;12/12/2016 10:54;0;0;. Chapecoense fined after failing to fulfil fixture against Atletico Mineiro despite ... See full details.. ( http:// bit.ly/2hfaRX9 ) pic.twitter.com/uwETmZWiya;;;;8,08294E+17;https://twitter.com/adelovecom/status/808293902419574785
sportsmate2;12/12/2016 10:53;0;0;Chapecoense FC fined for missing fixture http:// sportsmate.com.ng/chapecoense-fc -fined-missing-fixture/ … via @sportsmate2;;@sportsmate2;;8,08294E+17;https://twitter.com/sportsmate2/status/808293698274467841
sportsmate2;12/12/2016 10:52;0;0;Chapecoense FC fined for missing fixture http:// sportsmate.com.ng/chapecoense-fc -fined-missing-fixture/ … pic.twitter.com/KtVwVSTLnQ;;;;8,08293E+17;https://twitter.com/sportsmate2/status/808293388395184128
juve93cule;12/12/2016 10:51;7;2;' Chapecoense have been fined €28,300 after failing to fulfil their final fixture of the against Atletico Mineiro' How sour is this..;;;;8,08293E+17;https://twitter.com/juve93cule/status/808293082437455872
MSNAustralia;12/12/2016 10:49;0;0;Chapecoense fined after failing to fulfil fixture against Atletico Mineiro despite plane crash http:// ift.tt/2hlkr8B;;;;8,08293E+17;https://twitter.com/MSNAustralia/status/808292789171658753
MattyPbcfc;12/12/2016 10:49;0;0;"This seriously takes the piss !!  Chapecoense fined after failing to fulfil fixture against Atletico Mineiro despite plane crash"" #WTF""";;;#WTF;8,08293E+17;https://twitter.com/MattyPbcfc/status/808292761006997505
UKCelebrity;12/12/2016 10:44;0;0;Chapecoense FINED £23,500 and face points dock for not playing their final match of Brazilian league season agains… http:// ift.tt/2hlehYR;;;;8,08291E+17;https://twitter.com/UKCelebrity/status/808291456880353281
markwright1967;12/12/2016 10:43;0;0;If the brazilian FA have fined chapecoense and atletico mineiro for failing to fulfill their fixture they should hang their heads in shame.;;;;8,08291E+17;https://twitter.com/markwright1967/status/808291185102094336
viralbot360;12/12/2016 10:42;0;0;Chapecoense FINED £23,500 and face points dock for not playing their final match of Brazilian league season against… pic.twitter.com/z1xXqZlFOK;;;;8,08291E+17;https://twitter.com/viralbot360/status/808291037131276288
viralbot360;12/12/2016 10:41;0;0;Chapecoense FINED £23,500 and face points dock for not playing their final match of… https:// viralbot360.wordpress.com/2016/12/12/cha pecoense-fined-23500-and-face-points-dock-for-not-playing-their-final-match-of-brazilian-league-season-against-atletico-mineiro … pic.twitter.com/VKDXbyHmvW;;;;8,08291E+17;https://twitter.com/viralbot360/status/808290645982973952
P3air;12/12/2016 10:40;2;0;Chapecoense fined after failing to fulfil fixture against Atletico Mineiro despite plane crash - https:// aviationnews.p3air.com/chapecoense-fi ned-after-failing-to-fulfil-fixture-against-atletico-mineiro-despite-plane-crash/ …;;;;8,0829E+17;https://twitter.com/P3air/status/808290376255578113
BrasilEsteHora;12/12/2016 10:35;0;0;Chapecoense fined failing fulfil fixture against Atletico: http://www. mambolook.com/brazil/aviatio n-accidents … , http://www. mambolook.com/link/6905715 pic.twitter.com/iWplbhkKUi;;;;8,08289E+17;https://twitter.com/BrasilEsteHora/status/808289145277808640
LiamMiln_;12/12/2016 10:35;0;1;Chapecoense getting fined for not playing the final fixture is one of the harshest things I've ever seen;;;;8,08289E+17;https://twitter.com/LiamMiln_/status/808289061655879680
BobbyFCGMast1;12/12/2016 10:34;0;0;the brazilian fa fined both Chapecoense and atl. mineiro 100K for not furfilling their final fixture;;;;8,08289E+17;https://twitter.com/BobbyFCGMast1/status/808288794734718976
tovidebne;12/12/2016 10:32;0;0;Chapecoense have been fined by the Brazil FA for failing to ... #Sport7 http://www. BetPortal.info / pic.twitter.com/MTZ0ZSqlMW;;;#Sport7;8,08288E+17;https://twitter.com/tovidebne/status/808288477255204864
BenWoodward;12/12/2016 10:32;1;1;Unbelievable Chapecoense fined after failing to fulfil fixture against Atletico Mineiro http://www. mirror.co.uk/sport/football /news/chapecoense-fined-after-failing-fulfil-9442050 …;;;;8,08288E+17;https://twitter.com/BenWoodward/status/808288342785794048
188BET;12/12/2016 10:28;6;1;DISGRACE Chapecoense have been fined and sanctioned for not playing their final game of the Brazilian season. pic.twitter.com/oUVhYiTf7m;;;;8,08287E+17;https://twitter.com/188BET/status/808287286664331264
glasgowsgreenw;12/12/2016 10:23;0;2;This cant be true! Chapecoense fined by the Brazil FA for failing to fulfil fixture against Atletico Mineiro. Absolute disgrace.;;;;8,08286E+17;https://twitter.com/glasgowsgreenw/status/808286211018280960
FieldFanAfar3;12/12/2016 10:15;0;0;Retweeted AccaTracker App ( @AccaTrackerTM ): The Brazilian FA have fined Chapecoense & Atletico Mineiro for... http:// fb.me/5lAsf0Cff;;@AccaTrackerTM;;8,08284E+17;https://twitter.com/FieldFanAfar3/status/808284016533270528
LiamHaydn;12/12/2016 10:15;0;0;Chapecoense fined after failing to fulfil fixture against Atletico Mineiro http://www. mirror.co.uk/sport/football /news/chapecoense-fined-after-failing-fulfil-9442050#ICID=sharebar_twitter … wow thats disgusting;;;#ICID;8,08284E+17;https://twitter.com/LiamHaydn/status/808284013504905216
ScottishFNH;12/12/2016 10:12;0;0;Chapecoense are fined for failing to play their last game of the season #SPFL #Fitbaw #FNH http://www. nshnd.com/to.aspx?i=2781 039 …;;;#SPFL #Fitbaw #FNH;8,08283E+17;https://twitter.com/ScottishFNH/status/808283295805009920
_ts1995;12/12/2016 10:07;0;1;No way have the Brazilian FA fined Chapecoense & Atletico Mineiro £25,000 for failing to play the final;;;;8,08282E+17;https://twitter.com/_ts1995/status/808282160046231552
henryomoregie;12/12/2016 10:03;0;0;Chapecoense fined after failing to fulfil fixture despite plane crash that killed 19 http:// fb.me/8gbUdeaXB;;;;8,08281E+17;https://twitter.com/henryomoregie/status/808281017450713088
NonLeagueCrowd;12/12/2016 09:56;2;1;Reports suggesting both Chapecoense and Atletico Mineiro have both been fined €28,000 and given a 0-3 defeat for not playing their match!!;;;;8,08279E+17;https://twitter.com/NonLeagueCrowd/status/808279235563495424
Redlester99;12/12/2016 09:54;0;0;Chapecoense have been fined €28,300 after failing to fulfil their final fixture of the season against Atletico Mineiro.;;;;8,08279E+17;https://twitter.com/Redlester99/status/808278761921806336
genty_emekus;12/12/2016 09:53;0;0;Chapecoense fined for missing fixture http:// dlvr.it/MsW7vs;;;;8,08279E+17;https://twitter.com/genty_emekus/status/808278510980591617
NonLeagueCrowd;12/12/2016 09:49;11;2;And we think we have problems with our FA? Brazilian FA have reportedly fined Chapecoense for not fulfilling their latest fixture - so wrong;;;;8,08278E+17;https://twitter.com/NonLeagueCrowd/status/808277585675304960
Billy97Ward;12/12/2016 09:48;0;0;chapecoense have not been fined , people will believe anything;;;;8,08277E+17;https://twitter.com/Billy97Ward/status/808277334604283904
aliu_john;12/12/2016 09:46;0;0;Chapecoense have been fined around £24,000 for failing to play their final fixture of the Brazilian Serie A season.;;;;8,08277E+17;https://twitter.com/aliu_john/status/808276752795627520
captbax;12/12/2016 09:44;0;0;Surely this can't be true. #disgusting Chapecoense fined after failing to fulfil fixture against Atletico Mineiro http://www. mirror.co.uk/sport/football /news/chapecoense-fined-after-failing-fulfil-9442050#ICID=sharebar_twitter …;;;#disgusting #ICID;8,08276E+17;https://twitter.com/captbax/status/808276429070888960
SapyNEWS;12/12/2016 09:44;0;0;Chapecoense are fined for failing to play their last game of the season http:// sapynews.com/chapecoense-ar e-fined-for-failing-to-play-their-last-game-of-the-season/ … pic.twitter.com/3JJMMvl1Xm;;;;8,08276E+17;https://twitter.com/SapyNEWS/status/808276261185454080
Jcoats66;12/12/2016 09:43;0;7;Outrageous that Chapecoense have been fined by the Brazilian FA for not playing there final match of the season;;;;8,08276E+17;https://twitter.com/Jcoats66/status/808276021535510528
SannyG15;12/12/2016 09:42;0;0;How the fuck can the Brazilian team Chapecoense get fined for failing to play there last game. 2 of the team survived the crash;;;;8,08276E+17;https://twitter.com/SannyG15/status/808275911330168836
TeeMac32;12/12/2016 09:42;0;0;The Brazilian FA have fined Chapecoense & Atletico Mineiro for not playing their final game of the season? If this is true its disgusting.;;;;8,08276E+17;https://twitter.com/TeeMac32/status/808275722666209280
DJ_SPB1980;12/12/2016 09:39;0;2;The Brazilian FA have fined Chapecoense &Atletico Mineiro £25,000 each for failing to play their final game of the season. Has2 be a wind up;;;;8,08275E+17;https://twitter.com/DJ_SPB1980/status/808275016458633216
Jim_Kaufman;12/12/2016 09:35;0;0;Did Chapecoense really get fined for not being able to play yesterday?;;;;8,08274E+17;https://twitter.com/Jim_Kaufman/status/808274147050717184
OAU_yarns;12/12/2016 09:35;0;0;Chapecoense fined for missing fixture http:// dlvr.it/MsVrdw;;;;8,08274E+17;https://twitter.com/OAU_yarns/status/808274133779742720
ScottManton;12/12/2016 09:35;0;0;Chapecoense have been fined for not playing their last game of the season!! pic.twitter.com/7kyXi9L8ys;;;;8,08274E+17;https://twitter.com/ScottManton/status/808274058395734016
jjliveson;12/12/2016 09:33;0;0;I read on my TL that the Brazilian FA fined Chapecoense for playing final match v #AtleticoMineiro despite the plane crash. #idiots;;;#AtleticoMineiro #idiots;8,08274E+17;https://twitter.com/jjliveson/status/808273655138398208
jonurbana1;12/12/2016 09:32;0;0;Brazilian club Chapecoense have been fined for failing to play there final fixture of the season. https://www. reddit.com/r/sports/comme nts/5hw3pc/brazilian_club_chapecoense_have_been_fined_for/?utm_source=ifttt … #sports;;;#sports;8,08273E+17;https://twitter.com/jonurbana1/status/808273227910971392
JonnyGabriel;12/12/2016 09:29;1;1;Have Chapecoense ~actually~ been fined ?;;;;8,08273E+17;https://twitter.com/JonnyGabriel/status/808272619153870848
Record_Sport;12/12/2016 09:29;4;2;Chapecoense FINED for failing to play their last game of the season http:// dlyr.ec/mOXnb3 pic.twitter.com/e9oL3kcoAS;;;;8,08272E+17;https://twitter.com/Record_Sport/status/808272491030396929
easy_odds;12/12/2016 09:24;3;0;The Brazilian FA have fined Chapecoense & Atletico Mineiro £25,000 each for failing to play their final game of the season. What a joke! pic.twitter.com/oT4vCe1YlH;;;;8,08271E+17;https://twitter.com/easy_odds/status/808271368580173824
f1qualifying;12/12/2016 09:23;0;0;Chapecoense fined after failing to fulfil fixture against Atletico Mineiro despite plane crash http:// dlvr.it/MsVdYN;;;;8,08271E+17;https://twitter.com/f1qualifying/status/808270963326390273
UnofficialPL;12/12/2016 09:23;0;0;Chapecoense fined after failing to fulfil fixture against Atletico Mineiro despite plane crash http://www. mirror.co.uk/sport/football /news/chapecoense-fined-after-failing-fulfil-9442050?utm_source=dlvr.it&utm_medium=twitter …;;;;8,08271E+17;https://twitter.com/UnofficialPL/status/808270959769620480
GideonA_;12/12/2016 09:23;0;0;Chapecoense fined after failing to fulfil fixture against Atletico Mineiro despite plane crash http:// dlvr.it/MsVdMS;;;;8,08271E+17;https://twitter.com/GideonA_/status/808270955566931968
petermac23;12/12/2016 09:21;0;0;If true that Chapecoense & Athletico Mineiro have been fined 25K for failure to play the final, that organisation is absolutely lauaghable.;;;;8,08271E+17;https://twitter.com/petermac23/status/808270639568191489
UKolizer;12/12/2016 09:18;0;0;Chapecoense fined after failing to fulfil fixture against Atletico Mineiro http:// uk.trendolizer.com/2016/12/chapec oense-fined-after-failing-to-fulfil-fixture-against-atletico-mineiro.html … pic.twitter.com/RTpQhrXPuy;;;;8,0827E+17;https://twitter.com/UKolizer/status/808269778502688770
dcustudentlife;12/12/2016 09:16;0;0;Chapecoense fined after failing to fulfil fixture against Atletico Mineiro despite plane crash http:// dlvr.it/MsVVfh pic.twitter.com/vE70tRbDOz;;;;8,08269E+17;https://twitter.com/dcustudentlife/status/808269282027016192
JamiliaBrane;12/12/2016 09:16;0;0;Chapecoense fined after failing to fulfil fixture against Atletico Mineiro despite plane crash http:// dlvr.it/MsVVQp pic.twitter.com/jkjc7eDuxj;;;;8,08269E+17;https://twitter.com/JamiliaBrane/status/808269235398946816
lagaless;12/12/2016 09:16;2;3;#Chapecoense fined after failing to fulfill fixture against Athletico Mineiro despite plane crash! pic.twitter.com/cKUBtDcb3C;;;#Chapecoense;8,08269E+17;https://twitter.com/lagaless/status/808269177207328769
SibsMacd;12/12/2016 09:15;1;0;Chapecoense fined after failing to fulfil fixture against Atletico Mineiro http:// fb.me/5RMquox0t;;;;8,08269E+17;https://twitter.com/SibsMacd/status/808269029811097600
TopIrishNews;12/12/2016 09:14;0;0;Chapecoense fined after failing to fulfil fixture against Atletico Mineiro despite plane crash http:// dlvr.it/MsVSg0 pic.twitter.com/VyIdBHYX4n;;;;8,08269E+17;https://twitter.com/TopIrishNews/status/808268728211107841
besthotelsindub;12/12/2016 09:14;0;0;Chapecoense fined after failing to fulfil fixture against Atletico Mineiro despite plane crash http:// dlvr.it/MsVSbH pic.twitter.com/lME2lmbgbf;;;;8,08269E+17;https://twitter.com/besthotelsindub/status/808268711060590592
528Dublin;12/12/2016 09:13;0;0;Chapecoense fined after failing to fulfil fixture against Atletico Mineiro despite plane crash http:// dlvr.it/MsVSBR pic.twitter.com/RkRuBxF8Yp;;;;8,08269E+17;https://twitter.com/528Dublin/status/808268599794143233
DaleMeachen;12/12/2016 09:13;0;1;Fuck me, the Brazilian FA have fined Chapecoense for not fulfilling their final fixture. And we thought FIFA were a shambles?;;;;8,08269E+17;https://twitter.com/DaleMeachen/status/808268523046862849
LNaste;12/12/2016 09:13;0;0;Chapecoense fined after failing to fulfil fixture against Atletico Mineiro http://www. mirror.co.uk/sport/football /news/chapecoense-fined-after-failing-fulfil-9442050#ICID=sharebar_twitter … W.T.F??;;;#ICID;8,08268E+17;https://twitter.com/LNaste/status/808268459834425345
georgebarker26;12/12/2016 09:11;0;1;So the Brazil FA fined Chapecoense for not playing their cup game fixture, how disgusting is that;;;;8,08268E+17;https://twitter.com/georgebarker26/status/808268009429200896
Cunners_;12/12/2016 09:09;2;2;Chapecoense fined after failing to fulfil fixture against Atletico Mineiro http://www. mirror.co.uk/sport/football /news/chapecoense-fined-after-failing-fulfil-9442050#ICID=sharebar_twitter …;;;#ICID;8,08268E+17;https://twitter.com/Cunners_/status/808267622051676164
UNILADFooty;12/12/2016 09:09;187;225;Chapecoense have been fined for not playing their final league game of the Brazilian season. Disgusting! pic.twitter.com/QESqDj8w8l;;;;8,08268E+17;https://twitter.com/UNILADFooty/status/808267584995020800
OverallFootball;12/12/2016 09:09;3;0;SHAMEFUL: The Brazilian FA have fined Chapecoense & Atletico Mineiro for failing to play their final game of the season. #OverallFootball pic.twitter.com/xBuBPRflZW;;;#OverallFootball;8,08268E+17;https://twitter.com/OverallFootball/status/808267567634780160
SM_Headlines;12/12/2016 09:09;0;0;Chapecoense fined for missing fixture http:// sm.mg/3ssqzf9;;;;8,08267E+17;https://twitter.com/SM_Headlines/status/808267456632520704
MaximOvertroll;12/12/2016 09:08;0;0;#ПравнаДржава Chapecoense fined after failing to fulfil fixture against Atletico Mineiro despite plane crash http://www. mirror.co.uk/sport/football /news/chapecoense-fined-after-failing-fulfil-9442050 …;;;#;8,08267E+17;https://twitter.com/MaximOvertroll/status/808267359203037184
walkileaks;12/12/2016 09:08;0;0;Chapecoense fined after failing to fulfil fixture against Atletico Mineiro despite… http:// walkileaks.com/chapecoense-fi ned-after-failing-to-fulfil-fixture-against-atletico-mineiro-despite-plane-crash … pic.twitter.com/lgv8tkWmjm;;;;8,08267E+17;https://twitter.com/walkileaks/status/808267172258713600
AndySnell;12/12/2016 09:08;0;0;This is obscene. Chapecoense fined for not playing last game of season despite 19 players being killed in jet crash http://www. mirror.co.uk/sport/football /news/chapecoense-fined-after-failing-fulfil-9442050 …;;;;8,08267E+17;https://twitter.com/AndySnell/status/808267170182557696
Frenchie2585;12/12/2016 09:07;0;0;Wow... : Chapecoense fined after failing to fulfil fixture against Atletico Mineiro http://www. mirror.co.uk/sport/football /news/chapecoense-fined-after-failing-fulfil-9442050#ICID=sharebar_twitter …;;;#ICID;8,08267E+17;https://twitter.com/Frenchie2585/status/808267148263092224
CmdotCom_En;12/12/2016 09:05;1;3;#Chapecoense fined and penalized two points by Brazilian FA http:// bit.ly/2grvATD pic.twitter.com/VY3oDrpVN5;;;#Chapecoense;8,08267E+17;https://twitter.com/CmdotCom_En/status/808266629050232832
toosweet2b;12/12/2016 09:05;0;0;#Chapecoense fined after failing to fulfil fixture against Atletico Mineiro http://www. mirror.co.uk/sport/football /news/chapecoense-fined-after-failing-fulfil-9442050#ICID=sharebar_twitter …;;;#Chapecoense #ICID;8,08267E+17;https://twitter.com/toosweet2b/status/808266608665882624
AlexBatt;12/12/2016 09:05;2;3;Baffling that the Brazilian FA have fined Chapecoense & Atletico Mineiro for failing to play their final game of the season. Disgrace.;;;;8,08267E+17;https://twitter.com/AlexBatt/status/808266556677492736
americaneskimoi;12/12/2016 09:05;0;0;Chapecoense fined after failing to fulfil fixture against Atletico Mineiro despite plane crash http:// dlvr.it/MsVJmk pic.twitter.com/YJrrv1ZxTa;;;;8,08267E+17;https://twitter.com/americaneskimoi/status/808266555783946240
BetFastcom;12/12/2016 09:04;0;0;Chapecoense have been fined by the Brazil FA for failing to fulfil fixture against Atletico Mineiro after plane… #bf http:// btf.st/BetNow;;;#bf;8,08266E+17;https://twitter.com/BetFastcom/status/808266180905484288
Bot_Football;12/12/2016 09:02;0;0;Chapecoense fined after failing to fulfil fixture against Atletico Mineiro despite plane crash: Authorities have… http:// dlvr.it/MsVFC6;;;;8,08266E+17;https://twitter.com/Bot_Football/status/808265684417277953
Christian_Wain;12/12/2016 09:01;0;0;Absolutely disgusting that #Chapecoense have been fined for failing to play their last game. Ridiculous;;;#Chapecoense;8,08265E+17;https://twitter.com/Christian_Wain/status/808265487209656320
premnewsuk;12/12/2016 09:00;0;0;Chapecoense fined after failing to fulfil fixture against Atletico Mineiro despite plane crash http:// premnews.com/story/2016/12/ 12/chapecoense-fined-after-failing-to-fulfil-fixture-against-atletico-mineiro-despite-plane-crash …;;;;8,08265E+17;https://twitter.com/premnewsuk/status/808265236126035968
fantasyiteam;12/12/2016 09:00;14;5;Chapecoense fined after failing to fulfil fixture against Atletico Mineiro. There are no words... pic.twitter.com/dZW2cSleZb;;;;8,08265E+17;https://twitter.com/fantasyiteam/status/808265184515072000
IrishMirror;12/12/2016 09:00;2;0;Chapecoense fined after failing to fulfil fixture against Atletico Mineiro http://www. irishmirror.ie/sport/soccer/s occer-news/chapecoense-fined-after-failing-fulfil-9442089 …;;;;8,08265E+17;https://twitter.com/IrishMirror/status/808265142920237056
mlgsmokers;12/12/2016 08:56;0;0;RT TheOddsBible: The Brazilian FA have fined Chapecoense & Atletico Mineiro for failing to play their final game o… https:// twitter.com/i/web/status/8 08262773683658752 …;;;;8,08264E+17;https://twitter.com/mlgsmokers/status/808264288767012864
AshFinney1;12/12/2016 08:55;0;1;I can not believe the Brazilian FA have fined both Chapecoense & Atletico Mineiro for not playing their final game of the season.. Shocking;;;;8,08264E+17;https://twitter.com/AshFinney1/status/808264082100981760
Footy_Community;12/12/2016 08:55;137;150;The Brazilian FA have fined Chapecoense & Atletico Mineiro £25,000 each for failing to play their final game of the season. Disgrace. pic.twitter.com/OeRNKgr7iZ;;;;8,08264E+17;https://twitter.com/Footy_Community/status/808264033887518720
ARLSports;12/12/2016 08:54;19;12;Chapecoense have been fined by the Brazil FA for failing to fulfil fixture against Atletico Mineiro after plane crash killed 19 players... pic.twitter.com/WMeUV2hGL6;;;;8,08264E+17;https://twitter.com/ARLSports/status/808263875116367873
Ikecony;12/12/2016 08:54;0;0;Chapecoense have been fined by the Brazil FA for failing to fulfil fixture against Atletico Mineiro after plane crash killed 19 players.;;;;8,08264E+17;https://twitter.com/Ikecony/status/808263823740338176
NVPeople;12/12/2016 08:54;0;0;Chapecoense fined after failing to fulfil fixture against Atletico Mineiro despite plane crash http://www. mirror.co.uk/sport/football /news/chapecoense-fined-after-failing-fulfil-9442050 …;;;;8,08264E+17;https://twitter.com/NVPeople/status/808263722087174145
Ryans_Girl_xx;12/12/2016 08:53;1;0;The Brazilian FA have fined Chapecoense & Atletico Mineiro £25,000 each for failing to play their final game of the season. pic.twitter.com/9aa35SOnRp;;;;8,08264E+17;https://twitter.com/Ryans_Girl_xx/status/808263526720688128
lufcpek;12/12/2016 08:52;0;1;Are the Brazilian F.A for real? They have fined Chapecoense for not completing their fixtures.....;;;;8,08263E+17;https://twitter.com/lufcpek/status/808263363155427328
Newsonfire69;12/12/2016 08:45;0;0;Chapecoense fined http:// viid.me/qe6hXd pic.twitter.com/MLghR1EGPD;;;;8,08261E+17;https://twitter.com/Newsonfire69/status/808261432739364865
MonteroSenor;12/12/2016 08:45;0;0;Chapecoense fined http:// dlvr.it/MsTytB pic.twitter.com/F1fGfF6AWt;;;;8,08261E+17;https://twitter.com/MonteroSenor/status/808261417279180800
MirrorFootball;12/12/2016 08:43;118;38;Chapecoense fined for failing to fulfil fixture against Atletico Mineiro after plane crash killed 19 players http:// bit.ly/2hkYLcF pic.twitter.com/k3eDcwJMJS;;;;8,08261E+17;https://twitter.com/MirrorFootball/status/808260962864234497
LaGazzetta_EN;12/12/2016 08:42;0;0;RT @ETGazzetta : The joke after the tragedy. #Chapecoense fined for not playing http:// rosea.it/d1e036a9yc pic.twitter.com/JOpfOZyOtJ;;@ETGazzetta;#Chapecoense;8,08261E+17;https://twitter.com/LaGazzetta_EN/status/808260615961792514
ChampionPirlo17;12/12/2016 08:37;0;0;The Brazilian FA have fined Chapecoense & Atletico Mineiro for failing to play their final game of the season. Absolutely laughable. pic.twitter.com/kWolc2Afxx;;;;8,0826E+17;https://twitter.com/ChampionPirlo17/status/808259578496487424
BigSportGB;12/12/2016 08:36;82;66;Chapecoense have been fined and docked points for failing to play their final game of the season... Horrible! pic.twitter.com/fnmOzBlbpe;;;;8,08259E+17;https://twitter.com/BigSportGB/status/808259148534214656
AccaTrackerTM;12/12/2016 08:19;885;507;The Brazilian FA have fined Chapecoense & Atletico Mineiro for failing to play their final game of the season. Absolutely laughable. pic.twitter.com/KbEfRCjhZ2;;;;8,08255E+17;https://twitter.com/AccaTrackerTM/status/808255035163496448
jasonpettigrove;12/12/2016 08:04;8;2;Superior Tribunal de Justicia Deportiva have fined #Chapecoense $30,000 for not playing their last league game against At. Mineiro;;;#Chapecoense;8,08251E+17;https://twitter.com/jasonpettigrove/status/808251063279255552
AndrewBusta11;12/12/2016 04:05;0;0;So apparently Chapecoense were fined for not playing their last league game?;;;;8,08191E+17;https://twitter.com/AndrewBusta11/status/808191041769799680
jpavlovic801;12/12/2016 01:13;0;0;H'ever did you hear today Chapecoense was deducted 2 points, fined 30k for not fielding a team by CBA, that sucks.;;;;8,08148E+17;https://twitter.com/jpavlovic801/status/808147666299277312
