username;date;retweets;favorites;text;geo;mentions;hashtags;id;permalink
Saymewell2k;28/08/2017 20:55;0;0;#Barcelona Transfer News: Agent in #Spain to complete #Gomes and #Di Maria moves http:// saywinwin.blogspot.com.ng/2017/08/barcel ona-transfer-news-agent-in-spain.html …;;;#Barcelona #Spain #Gomes #Di;9,02E+17;https://twitter.com/Saymewell2k/status/902318641089306624
Saywinwin30;28/08/2017 20:48;1;1;#Barcelona Transfer News: Agent in #Spain to complete #Gomes and #Di Maria moves http:// saywinwin.blogspot.com.ng/2017/08/barcel ona-transfer-news-agent-in-spain.html …;;;#Barcelona #Spain #Gomes #Di;9,02E+17;https://twitter.com/Saywinwin30/status/902317063435366400
barca_lya;28/08/2017 20:42;0;1;if this stupid @FCBarcelona board bring Di Maria to be a culé they have no respect for this club or the fans! WE DON'T WANT HIM @jmbartomeu;;@FCBarcelona @jmbartomeu;;9,02E+17;https://twitter.com/barca_lya/status/902315434795556864
Soccerloaded9ja;28/08/2017 20:42;0;0;Barcelona Transfer News: Agent in Spain to complete Gomes and Di Maria moves - http:// soccerloaded.com.ng/barcelona-tran sfer-news-agent-in-spain-to-complete-gomes-and-di-maria-moves/ …;;;;9,02E+17;https://twitter.com/Soccerloaded9ja/status/902315360455716864
FTransfersN;28/08/2017 20:23;0;0;Even though there was strong interest of #Barcelona . #DiMaria wont be leaving #PSG this summer pic.twitter.com/zEXW458znQ;;;#Barcelona #DiMaria #PSG;9,02E+17;https://twitter.com/FTransfersN/status/902310641934925825
BrazilStat;28/08/2017 19:54;107;149;Agent Jorge Mendes confirms that Di Maria is not joining Barcelona and is set to stay at PSG. http://www. espn.com.ar/video/clip/_/i d/3498269 …;;;;9,02E+17;https://twitter.com/BrazilStat/status/902303454567247872
sport24top;28/08/2017 19:46;0;0;Di Maria to Barcelona rumours rubbished by super agent Mendes http:// sport24top.com/?p=145306 #sport #news #football #tennis #basket #live #stream;;;#sport #news #football #tennis #basket #live #stream;9,02E+17;https://twitter.com/sport24top/status/902301294228070400
3tking;28/08/2017 19:30;0;0;Barcelona Transfer News: Latest Rumours on Philippe Coutinho and Angel Di Maria https:// goo.gl/fb/FL99BK;;;;9,02E+17;https://twitter.com/3tking/status/902297251757817857
scorehighlights;28/08/2017 19:29;0;0;Barcelona Transfer News: Angel Di Maria deal happening because of Lionel Messi and Neymar Click Here ... pic.twitter.com/TWmN13c3Hh;;;;9,02E+17;https://twitter.com/scorehighlights/status/902297094056280065
FootyRightNow;28/08/2017 19:27;1;0;Barcelona Transfer News: Agent in Spain to complete Gomes and Di Maria moves http:// dlvr.it/PjFtD2 pic.twitter.com/JYycXLKfhx;;;;9,02E+17;https://twitter.com/FootyRightNow/status/902296594694889473
BreakingNewsES;28/08/2017 19:26;0;0;Barcelona Transfer News: Agent in Spain to complete Gomes and Di Maria moves http://www. google.com/url?rct=j&sa=t &url=http://www.express.co.uk/sport/football/846914/Barcelona-Transfer-News-Andre-Gomes-Angel-Di-Maria-agent-Juventus-PSG&ct=ga&cd=CAIyGmY0ZDM1ZDQ3MmExMTFmMDM6Y29tOmVuOkVT&usg=AFQjCNGDF2F1z7TTHSkig5RFbIPQGLRzsQ …;;;;9,02E+17;https://twitter.com/BreakingNewsES/status/902296259846909953
EnochJeremiah13;28/08/2017 19:20;0;0;Barcelona Transfer News: Latest Rumours on Philippe Coutinho and Angel Di Maria http:// dlvr.it/PjFpc0;;;;9,02E+17;https://twitter.com/EnochJeremiah13/status/902294756486651904
TheRealPirloWan;28/08/2017 19:15;0;1;"Barcelona are understood to be trying to bring both Coutinho & Angel di Maria to the Nou Camp before Thursday’s deadline. (Dominic King)""";;;;9,02E+17;https://twitter.com/TheRealPirloWan/status/902293602096861186
barcanewsonly;28/08/2017 19:05;1;6;#FCBarcelona #Barca #Blaugrana Barcelona Transfer News: Latest Rumours on Philippe Coutinho and Angel Di Maria http:// dld.bz/gcjXt;;;#FCBarcelona #Barca #Blaugrana;9,02E+17;https://twitter.com/barcanewsonly/status/902291076391763969
lfclimitless;28/08/2017 18:56;0;1;Barcelona are understood to be trying to bring both Coutinho and Angel di Maria to the Nou Camp before Thursday’s … http:// ift.tt/2vEgkud;;;;9,02E+17;https://twitter.com/lfclimitless/status/902288681838428160
BuzzNewsUK_;28/08/2017 18:55;0;0;Barcelona Transfer News: Angel Di Maria deal happening because of Lionel Messi and Neymar http:// buzznews.co.uk/barcelona-tran sfer-news-angel-di-maria-deal-happening-because-of-lionel-messi-and-neymar … pic.twitter.com/MkvsGByWK6;;;;9,02E+17;https://twitter.com/BuzzNewsUK_/status/902288645738164224
barcelonainform;28/08/2017 18:49;0;0;Barcelona Transfer News: Agent in Spain to complete Gomes and Di Maria moves – http:// Express.co.uk https:// barcelonainformer.com/14082/barcelon a-transfer-news-agent-in-spain-to-complete-gomes-and-di-maria-moves-express-co-uk/ … pic.twitter.com/rmn2pHoa2U;;;;9,02E+17;https://twitter.com/barcelonainform/status/902287112191574016
LFCknowledge;28/08/2017 18:47;0;6;Barcelona are understood to be trying to bring both Coutinho and Angel di Maria to the Nou Camp before Thursday’s deadline. (Dominic King);;;;9,02E+17;https://twitter.com/LFCknowledge/status/902286418780794880
DaveOCKOP;28/08/2017 18:46;65;158;Barcelona are understood to be trying to bring both Coutinho and Angel di Maria to the Nou Camp before Thursday’s deadline. (Dominic King);;;;9,02E+17;https://twitter.com/DaveOCKOP/status/902286339017768960
DJDAZZA84;28/08/2017 18:46;0;0;Barcelona are understood to be trying to bring both Coutinho and Angel di Maria to the Nou Camp before Thursday’s deadline. #LFC;;;#LFC;9,02E+17;https://twitter.com/DJDAZZA84/status/902286275675348992
I_am_Simo18;28/08/2017 18:46;0;0;Barcelona are understood to be trying to bring both Coutinho and Angel di Maria to the Nou Camp before Thursday’s deadline. (Dominic King);;;;9,02E+17;https://twitter.com/I_am_Simo18/status/902286199934603265
AnfieldHQ;28/08/2017 18:45;62;179;Barcelona are understood to be trying to bring both Coutinho and Angel di Maria to the Nou Camp before Thursday’s deadline. (Dominic King);;;;9,02E+17;https://twitter.com/AnfieldHQ/status/902286104262582273
mmm_chaudhary;28/08/2017 18:36;0;0;Barcelona Transfer News: Angel Di Maria deal happening because of Lionel Messi and Neymar https:// myfootballview.com/barcelona-tran sfer-news-angel-di-maria-deal-happening-because-of-lionel-messi-and-neymar/ … pic.twitter.com/O87jQFwidw;;;;9,02E+17;https://twitter.com/mmm_chaudhary/status/902283836284735488
DExpress_Sport;28/08/2017 18:36;2;4;Barcelona Transfer News: Angel Di Maria deal happening because of Lionel Messi and Neymar #FCB http://www. express.co.uk/sport/football /846933/Barcelona-Transfer-News-Angel-Di-Maria-Lionel-Messi-PSG-Neymar-Gossip …;;;#FCB;9,02E+17;https://twitter.com/DExpress_Sport/status/902283737668493314
JamieJonDavies;28/08/2017 18:27;0;1;"BIG NEWS; Agent Jorge Mendes is reportedly in Barcelona to negotiate the exit of Andre Gomes and possible arrival of Di Maria .";;;;9,02E+17;https://twitter.com/JamieJonDavies/status/902281506864865280
m031n;28/08/2017 18:22;0;0;if you can't sign coutinho sign hazard/dybala/dele alli didn't waste time don't waste our money with sh!t player ( dimaria );;;;9,02E+17;https://twitter.com/m031n/status/902280241112129537
EuroFNH;28/08/2017 18:18;0;0;Barcelona Transfer News: Agent in Spain to complete Gomes and Di Maria moves #WCQ2018 #FNH http://www. nshnd.com/to.aspx?i=3468 926 …;;;#WCQ2018 #FNH;9,02E+17;https://twitter.com/EuroFNH/status/902279361994379264
Barcelonaview;28/08/2017 18:15;0;0;Di Maria to Barcelona rumours rubbished by super agent Mendes - http:// Goal.com http:// dlvr.it/PjFFgG;;;;9,02E+17;https://twitter.com/Barcelonaview/status/902278392053039105
FCBarcelonaFNH;28/08/2017 18:09;1;1;Barcelona Transfer News: Agent in Spain to complete Gomes and Di Maria moves #FCB #Barca #Cule #FNH http://www. nshnd.com/to.aspx?i=3468 910 …;;;#FCB #Barca #Cule #FNH;9,02E+17;https://twitter.com/FCBarcelonaFNH/status/902276993340801027
BuzzNewsUK_;28/08/2017 18:03;0;0;Barcelona Transfer News: Agent in Spain to complete Gomes and Di Maria moves http:// buzznews.co.uk/barcelona-tran sfer-news-agent-in-spain-to-complete-gomes-and-di-maria-moves … pic.twitter.com/ThyAmqdmhD;;;;9,02E+17;https://twitter.com/BuzzNewsUK_/status/902275565050351616
NewsSportsUK;28/08/2017 17:53;0;0;Barcelona transfer news: agent in spain to complete gomes and di maria moves ► News Sport: http:// youtu.be/rV_hK8fmaeI?a qua @YouTube;;@YouTube;;9,02E+17;https://twitter.com/NewsSportsUK/status/902272905639284736
barcelonainform;28/08/2017 17:48;0;0;Di Maria to Barcelona rumours rubbished by super agent Mendes – http:// Goal.com https:// barcelonainformer.com/14061/di-maria -to-barcelona-rumours-rubbished-by-super-agent-mendes-goal-com/ … pic.twitter.com/TE3teOYvcd;;;;9,02E+17;https://twitter.com/barcelonainform/status/902271609083396096
mmm_chaudhary;28/08/2017 17:45;0;0;Barcelona Transfer News: Agent in Spain to complete Gomes and Di Maria moves https:// myfootballview.com/barcelona-tran sfer-news-agent-in-spain-to-complete-gomes-and-di-maria-moves/ … pic.twitter.com/CQw8I3IGr5;;;;9,02E+17;https://twitter.com/mmm_chaudhary/status/902270882177052676
nigmobile;28/08/2017 17:38;0;0;#Barcelona close in on Angel Di Maria https:// goo.gl/fb/4MzcHr;;;#Barcelona;9,02E+17;https://twitter.com/nigmobile/status/902269148687867904
moody_muayad;28/08/2017 17:27;0;0;I don't think Barcelona can Afford both coutinho and Di maria .;;;;9,02E+17;https://twitter.com/moody_muayad/status/902266363221204993
ajiboyeolayemi1;28/08/2017 17:18;0;0;player like coutinho and Di Maria;;;;9,02E+17;https://twitter.com/ajiboyeolayemi1/status/902264247677222912
BilgiTorbasi;28/08/2017 17:15;0;0;Di Maria to Barcelona rumours rubbished by super agent Mendes http:// bilgitorbasi.org/di-maria-to-ba rcelona-rumours-rubbished-by-super-agent-mendes/ …;;;;9,02E+17;https://twitter.com/BilgiTorbasi/status/902263294458810368
Trendolizer;28/08/2017 17:12;0;0;Angel Di Maria transfer news: PSG to Barcelona rumours rubbished by super agent Mendes | http:// Goal.com http://www. trendolizer.com/2017/08/angel- di-maria-transfer-news-psg-to-barcelona-rumours-rubbished-by-super-agent-mendes-goalcom.html … pic.twitter.com/43yqcWx1NI;;;;9,02E+17;https://twitter.com/Trendolizer/status/902262578969288704
ILoveUShopping;28/08/2017 17:07;0;0;Di Maria to Barcelona rumours rubbished by super agent Mendes | Soccer https://www. fleekist.com/di-maria-to-ba rcelona-rumours-rubbished-by-super-agent-mendes-soccer/ …;;;;9,02E+17;https://twitter.com/ILoveUShopping/status/902261424872980480
farris_97;28/08/2017 17:06;0;0;Needed Seri , di maria is pretty nice though idk how exactly he'll fit in lol;;;;9,02E+17;https://twitter.com/farris_97/status/902261168139407360
MadridCFNews;28/08/2017 16:52;0;0;Di Maria to Barcelona rumours rubbished by super agent Mendes #HalaMadrid pic.twitter.com/ji5TOJl1Tn;;;#HalaMadrid;9,02E+17;https://twitter.com/MadridCFNews/status/902257523620765696
behnamak;28/08/2017 16:37;0;2;Jorge Mendes has now left Barcelona after a meeting with the club. He says that the Di María to Barça rumours are false. [ @DavidIbanez5 ];;@DavidIbanez5;;9,02E+17;https://twitter.com/behnamak/status/902253951181049856
KelvinKushLoris;28/08/2017 16:36;0;0;@fcbarcelona we need defenders not di maria and sack bartomeu;;@fcbarcelona;;9,02E+17;https://twitter.com/KelvinKushLoris/status/902253656208277504
QiusimTriceps;28/08/2017 16:36;0;0;Coutinho/Eriksen + Seri/same defender/ Di Maria /Sanchez, Munir and Turan out and lets win everything! #CiaoBarto;;;#CiaoBarto;9,02E+17;https://twitter.com/QiusimTriceps/status/902253460892024833
KelvinKushLoris;28/08/2017 16:32;0;0;@fcbarcelona we need CB-inigo martinez too and not di maria ..as for coutinho is cool.. #ciatobarto;;@fcbarcelona;#ciatobarto;9,02E+17;https://twitter.com/KelvinKushLoris/status/902252625088978945
dilky27;28/08/2017 16:26;0;0;Apparently Coutinho & Seri will be announced soon. DiMaria - PSG need money to sign Mbappe within FFP and Barca is fiddling PSG. KARMA IS A;;;;9,02E+17;https://twitter.com/dilky27/status/902250970884612096
Richard12545678;28/08/2017 16:19;0;0;Barcelona still hopeful on Philippe Coutinho and Angel Di Maria deals https://www. thesun.co.uk/sport/football /4340514/barcelona-philippe-coutinho-angel-di-maria-robert-fernandez-ousmane-dembele/ …;;;;9,02E+17;https://twitter.com/Richard12545678/status/902249370308968450
PicksMario;28/08/2017 16:15;0;0;Jorge Mendes arrives in Barcelona to finalise Gomes exit and Di Maria signing http:// dlvr.it/PjD9BV pic.twitter.com/JkDQYekagD;;;;9,02E+17;https://twitter.com/PicksMario/status/902248232482332672
zDoodFCB;28/08/2017 15:56;0;0;@FCBarcelona pay up for Seri and forget Coutinho and Di Maria cunte @jmbartomeu;;@FCBarcelona @jmbartomeu;;9,02E+17;https://twitter.com/zDoodFCB/status/902243612599214081
LorenzoMunisami;28/08/2017 15:54;0;0;yess id rather have him then di Maria . then build up way for roberto and alena;;;;9,02E+17;https://twitter.com/LorenzoMunisami/status/902242924854837248
madridbarcafan;28/08/2017 15:53;0;0;Jorge Mendes arrives in Barcelona to finalise Gomes exit and Di Maria signing http:// madrid-barca.net/2017/jorge-men des-arrives-in-barcelona-to-finalise-gomes-exit-and-di-maria-signing/ … pic.twitter.com/d1QplH7w25;;;;9,02E+17;https://twitter.com/madridbarcafan/status/902242804566560768
scorehighlights;28/08/2017 15:29;0;2;Barcelona Transfer News: Barca chief discusses Coutinho, Di Maria , Seri and more deals Click Here ... pic.twitter.com/OYuQLXTkRx;;;;9,02E+17;https://twitter.com/scorehighlights/status/902236831672127489
Imtiaz7171;28/08/2017 15:23;0;0;@jmbartomeu @FCBarcelona he is the one we should be going after nt Dimaria not 160m Coutin. Start using your brain not money like we used to https:// twitter.com/deadlinedayliv e/status/902232063574716416 …;;@jmbartomeu @FCBarcelona;;9,02E+17;https://twitter.com/Imtiaz7171/status/902235224750383105
Feezybrown;28/08/2017 15:19;0;0;Barcelona will sign Di Maria https:// twitter.com/Brewscot/statu s/902234201180786688 …;;;;9,02E+17;https://twitter.com/Feezybrown/status/902234302666158080
FlashScore_in;28/08/2017 15:17;0;0;According to various reports, PSG's Di Maria is set for FC Barcelona and will partner fellow countrymen Messi. #FCB #PSG #LaLiga pic.twitter.com/Wl3CwiWdPF;;;#FCB #PSG #LaLiga;9,02E+17;https://twitter.com/FlashScore_in/status/902233594118021121
DarkLord98763;28/08/2017 15:13;0;0;@FCBarcelona A young di maria sign him up;;@FCBarcelona;;9,02E+17;https://twitter.com/DarkLord98763/status/902232703222743040
Mattrj;28/08/2017 15:05;0;0;If di maria is going to Barcelona I assume Coutinho is staying;;;;9,02E+17;https://twitter.com/Mattrj/status/902230714489425921
footyjam;28/08/2017 15:01;0;0;Just heard that Di Maria to @FCBarcelona is imminent. Big meeting taking place right now in Spain.;;@FCBarcelona;;9,02E+17;https://twitter.com/footyjam/status/902229707302850560
shootinhoo;28/08/2017 15:00;0;1;LIONEL MESSI would prefer Barcelona to sign Paris St-Germain star Angel Di Maria ahead of Liverpool ace Philippe Coutinho. [Daily Star];;;;9,02E+17;https://twitter.com/shootinhoo/status/902229366351863808
IrishSunSport;28/08/2017 15:00;1;1;Barcelona still hopeful on Philippe Coutinho and Angel Di Maria deals https://www. thesun.ie/sport/football /1458098/barcelona-still-hopeful-on-philippe-coutinho-and-angel-di-maria-deals-claims-director-robert-fernandez-at-ousmane-dembele-unveiling/ …;;;;9,02E+17;https://twitter.com/IrishSunSport/status/902229301918965763
ChesnoidGaming;28/08/2017 14:56;8;123;Would be THE ULTIMATE TROLL PACK. Argentina...........RW........... Barcelona ................ Di Maria ...........FUUUUUUUUU https:// twitter.com/indykaila/stat us/902210314317553665 …;;;;9,02E+17;https://twitter.com/ChesnoidGaming/status/902228466308980736
TheDonKofi;28/08/2017 14:56;0;1;Don't Buy Coutinho Don't Buy Di Maria Don't buy anyone, if you don't have the right targets @FCBarcelona;;@FCBarcelona;;9,02E+17;https://twitter.com/TheDonKofi/status/902228381978292229
bghayward;28/08/2017 14:53;18;31;I have always liked Di María , but it remains to be seen how he would fit in at Barcelona . Clearly, Valverde wants several tactical options.;;;;9,02E+17;https://twitter.com/bghayward/status/902227641260023810
UltraAutistic;28/08/2017 14:51;32;85;( @DavidIbanez5 ): Mendes (agent), who met with Barcelona today, says Di Maria to Barcelona is a lie. André Gomes out maybe? pic.twitter.com/SIEOaCPaAO;;@DavidIbanez5;;9,02E+17;https://twitter.com/UltraAutistic/status/902227178443571200
carlopmed;28/08/2017 14:45;0;2;Mendes has just denied that Di Maria is on his way to Barcelona ...;;;;9,02E+17;https://twitter.com/carlopmed/status/902225633517989890
komraddiet;28/08/2017 14:42;0;0;Barcelona still hopeful on Philippe Coutinho and Angel Di Maria deals, claims director… http:// internetmarketing.freedombucks.ws/barcelona-stil l-hopeful-on-philippe-coutinho-and-angel-di-maria-deals-claims-director-robert-fernandez-at-ousmane-dembele-unveiling/ … pic.twitter.com/ujEvO2THBI;;;;9,02E+17;https://twitter.com/komraddiet/status/902224794774630401
sportbilly019;28/08/2017 14:40;0;0;@FCBarcelona Barcelona should consider Alexis Sanchez before Di Maria .;;@FCBarcelona;;9,02E+17;https://twitter.com/sportbilly019/status/902224280934600704
komrad;28/08/2017 14:39;0;0;Barcelona still hopeful on Philippe Coutinho and Angel Di Maria deals, claims director… http:// internetmarketing.freedombucks.ws/barcelona-stil l-hopeful-on-philippe-coutinho-and-angel-di-maria-deals-claims-director-robert-fernandez-at-ousmane-dembele-unveiling/ … pic.twitter.com/w6nijd44oO;;;;9,02E+17;https://twitter.com/komrad/status/902224234352664576
FcBarcaGh;28/08/2017 14:33;0;0;Jorge Mendes in Barcelona to speak with the Barca of Andre Gomes and Di Maria http:// fcbarcelonaentumano.com/index.php/2017 … pic.twitter.com/HzZtREGu8K;;;;9,02E+17;https://twitter.com/FcBarcaGh/status/902222595453583362
findsugarmummy;28/08/2017 14:30;0;0;Barcelona still hopeful on Philippe Coutinho and Angel Di Maria deals, claims director… http://www. collisport.com/2017/08/28/bar celona-still-hopeful-on-philippe-coutinho-and-angel-di-maria-deals-claims-director-robert-fernandez-at-ousmane-dembele-unveiling/ … pic.twitter.com/6JyTREEKrZ;;;;9,02E+17;https://twitter.com/findsugarmummy/status/902221817263349760
BarcaNationENG;28/08/2017 14:27;1;2;Agent Jorge Mendes is in Barcelona to negotiate André Gomes' departure and the possible arrival of Di Maria . [ @gerardromero ] pic.twitter.com/ahUJamFVmH;;@gerardromero;;9,02E+17;https://twitter.com/BarcaNationENG/status/902221220032126977
eym2_0;28/08/2017 14:26;0;0;PLEASE NOT DI MARIA PLEASE;;;;9,02E+17;https://twitter.com/eym2_0/status/902220809867067392
sportbilly019;28/08/2017 14:22;0;0;@FCBarcelona Good luck Dembele, but Di Maria to Barcelona is as depressing as Neymar leaving the team. What fans done to deserve this.;;@FCBarcelona;;9,02E+17;https://twitter.com/sportbilly019/status/902219971744473088
SharanRoongta;28/08/2017 14:20;0;0;Di Maria apparently going to Barcelona;;;;9,02E+17;https://twitter.com/SharanRoongta/status/902219261334224900
BetsAndStats;28/08/2017 14:19;0;0;Barcelona still hopeful on Philippe Coutinho and Angel Di Maria deals, claims director Robert Fernandez at Ousmane http://www. betsandstats.com/barcelona-stil l-hopeful-on-philippe-coutinho-and-angel-di-maria-deals-claims-director-robert-fernandez-at-ousmane-dembele-unveiling/ …;;;;9,02E+17;https://twitter.com/BetsAndStats/status/902219178836361217
TwwIris;28/08/2017 14:18;0;0;Seri! Coutinho! don't waste time on Di Maria ! how could you possibly think about him?!;;;;9,02E+17;https://twitter.com/TwwIris/status/902218848299974658
Khalid_BARCA;28/08/2017 14:17;0;1;Now Announce #Seriiiiiii , don't fucking dare to Sign Di Maria;;;#Seriiiiiii;9,02E+17;https://twitter.com/Khalid_BARCA/status/902218504258113536
itanifcb;28/08/2017 14:11;0;0;FC Barcelona board meeting regarding Di Maria situation. Decision imminent #Catalunya;;;#Catalunya;9,02E+17;https://twitter.com/itanifcb/status/902217182926565377
edsonabdul1;28/08/2017 14:10;0;0;@FCBarcelona one down 2 more to go @Phil_Coutinho dimaria;;@FCBarcelona @Phil_Coutinho;;9,02E+17;https://twitter.com/edsonabdul1/status/902216887064461312
skculer_;28/08/2017 14:10;2;4;Sign a controller for God's sake not Di Maria and Coutinho. And @jmbartomeu just resign and take your team with you. #BartomeuDimissio;;@jmbartomeu;#BartomeuDimissio;9,02E+17;https://twitter.com/skculer_/status/902216829225111552
Magsie66;28/08/2017 14:01;0;0;Be a laugh if Barcelona pull out of Coutinho talks and just buy Di Maria instead to go with Dembele leaving Liverpool pretty short of cash!!;;;;9,02E+17;https://twitter.com/Magsie66/status/902214677643632640
zyiteblog;28/08/2017 14:00;0;0;Robert Fernandez says Barcelona could sign two more players but remains coy on Coutinho and Di Maria http:// ow.ly/TztP50dHKuW;;;;9,02E+17;https://twitter.com/zyiteblog/status/902214377046249473
IAM_KaBZar;28/08/2017 13:54;0;0;Jorge Mendes is in Barcelona to negotiate the exit of Andre Gomes and possible arrival of Di Maria . [Rac1] Three... http:// fb.me/XZr481Dz;;;;9,02E+17;https://twitter.com/IAM_KaBZar/status/902212720514273285
gdfklm;28/08/2017 13:50;0;0;Andre Gomes leaving and Di Maria coming, that's why Mendes was in Barcelona .;;;;9,02E+17;https://twitter.com/gdfklm/status/902211884883079168
WessmarkLukas;28/08/2017 13:49;0;0;Seri won't happen. Barca said it. Di maria is looks like hes about to hit 60 y/o. Coutinho is young and amazing so i don't see why.;;;;9,02E+17;https://twitter.com/WessmarkLukas/status/902211544964005892
Forsyth11;28/08/2017 13:47;0;0;Di maria has landed on his feet here was shit at united and paris;;;;9,02E+17;https://twitter.com/Forsyth11/status/902211100762136576
HatcherSeth;28/08/2017 13:45;0;3;lol wasn't Barca twitter hacked, and the hacker tweeted welcome Di Maria ?;;;;9,02E+17;https://twitter.com/HatcherSeth/status/902210598779355137
ChelseaAdvisor;28/08/2017 13:45;1;3;Just heard that Di Maria to @FCBarcelona is imminent. Big meeting taking place right now in Spain. #FCBarcelona;;@FCBarcelona;#FCBarcelona;9,02E+17;https://twitter.com/ChelseaAdvisor/status/902210595675660289
indykaila;28/08/2017 13:44;203;364;Just heard that Di Maria to @FCBarcelona is imminent. Big meeting taking place right now in Spain.;;@FCBarcelona;;9,02E+17;https://twitter.com/indykaila/status/902210314317553665
SergiRoberto201;28/08/2017 13:32;1;1;sign coutinho, seri nd di maria u hve money we know it 680m revenue and 387m frm rakuten, 222m frm ney, #Bartomeudimision #CiaoBarto @FCBarc;;@FCBarc;#Bartomeudimision #CiaoBarto;9,02E+17;https://twitter.com/SergiRoberto201/status/902207175124295682
Miiskooo;28/08/2017 13:28;0;0;But they want Di Maria ... bullshit. We need a player like Seri.;;;;9,02E+17;https://twitter.com/Miiskooo/status/902206177769119745
Qasimhassan97;28/08/2017 13:23;0;3;Please god dont let @FCBarcelona @FCBarcelona_cat sign di maria .just sell turan and gomes..and buy coutinho and a holding mid .like fabhino;;@FCBarcelona @FCBarcelona_cat;;9,02E+17;https://twitter.com/Qasimhassan97/status/902204942450118656
SpiritualKonjji;28/08/2017 13:21;1;1;Please we don't want Di Maria , sign Seri For us @FCBarcelona @jmbartomeu https:// twitter.com/fcbeej/status/ 902203699082268672 …;;@FCBarcelona @jmbartomeu;;9,02E+17;https://twitter.com/SpiritualKonjji/status/902204553105481729
apale101;28/08/2017 13:21;0;2;True. Am for seri and dimaria;;;;9,02E+17;https://twitter.com/apale101/status/902204542607085568
FCBDembele;28/08/2017 13:19;0;0;And to top that we are signing Angel Di maria . They can’t keep us happy for more than a day.;;;;9,02E+17;https://twitter.com/FCBDembele/status/902204049759526913
SyedaaAmmara;28/08/2017 13:17;1;3;We don't need Di Maria , don't bring him to BARCA @FCBarcelona;;@FCBarcelona;;9,02E+17;https://twitter.com/SyedaaAmmara/status/902203605943508992
Dinnydavinci;28/08/2017 13:17;0;1;Just like Barcelona deleted a tweet about Di Maria ..;;;;9,02E+17;https://twitter.com/Dinnydavinci/status/902203566970077186
SeguraJavier10;28/08/2017 13:12;1;1;Do not sign Di Maria ! Sign Goretzka and coutinho!! @FCBarcelona @jmbartomeu;;@FCBarcelona @jmbartomeu;;9,02E+17;https://twitter.com/SeguraJavier10/status/902202148737474560
bu_samira;28/08/2017 13:09;0;0;It's disgrace to bring Di Maria to Barcelona .;;;;9,02E+17;https://twitter.com/bu_samira/status/902201415950635008
PrettyFCB;28/08/2017 13:07;7;9;We don't want Di Maria Leave Barcelona Bring back Laporta @JoanLaportaFCB #CiaoBarto #BartomeuDimiteYa #BartomeuDimiteHoy #ViaForaBartomeu pic.twitter.com/527dQSoTzG;;@JoanLaportaFCB;#CiaoBarto #BartomeuDimiteYa #BartomeuDimiteHoy #ViaForaBartomeu;9,02E+17;https://twitter.com/PrettyFCB/status/902201089843503104
Teegy_LS;28/08/2017 13:04;0;0;Announce Di Maria and Coutinho already @FCBarcelona;;@FCBarcelona;;9,02E+17;https://twitter.com/Teegy_LS/status/902200241604186113
iKamran_;28/08/2017 12:58;0;0;I hope @PSG_English PUT a 1b price tag on di maria @FCBarcelona;;@PSG_English @FCBarcelona;;9,02E+17;https://twitter.com/iKamran_/status/902198642286743552
frankewusi123;28/08/2017 12:57;0;0;Jorge Mendes is in Barcelona to Discuss the Possible departure of Gomes & Arrival of Di Maria . [ @gerardromero ] #FCBlive;;@gerardromero;#FCBlive;9,02E+17;https://twitter.com/frankewusi123/status/902198434790301701
_LF95;28/08/2017 12:53;0;2;FUCK DI MARIA #BartomeuDimiteHoy #BartomeuDimiteYa pic.twitter.com/b1YbZWQnF7;;;#BartomeuDimiteHoy #BartomeuDimiteYa;9,02E+17;https://twitter.com/_LF95/status/902197367675420672
elsaetarubia;28/08/2017 12:52;1;10;Barcelona are trying to sign Coutinho and Di Maria . Di Maria not needed and they would spend more on him than they would've spent on Seri.;;;;9,02E+17;https://twitter.com/elsaetarubia/status/902197140604280832
noursolaman;28/08/2017 12:51;0;0;@jmbartomeu We want @Phil_Coutinho and Seri Di Maria Nooooooooo #CiaoBarto;;@jmbartomeu @Phil_Coutinho;#CiaoBarto;9,02E+17;https://twitter.com/noursolaman/status/902197032701612032
barcastalk;28/08/2017 12:51;0;1;Welcome di maria . #CiaoBarto pic.twitter.com/bNEc7s8B2j;;;#CiaoBarto;9,02E+17;https://twitter.com/barcastalk/status/902196990544560129
FirminoAntics;28/08/2017 12:51;0;1;Can't see PSG agreeing to sell Di Maria to Barcelona after the Verratti and Neymar bonus stuff. What about you?;;;;9,02E+17;https://twitter.com/FirminoAntics/status/902196951864750080
ElBarCF;28/08/2017 12:51;1;0;#CiaoBarto #SignSeri no fucking di Maria .;;;#CiaoBarto #SignSeri;9,02E+17;https://twitter.com/ElBarCF/status/902196907623059456
barcastalk;28/08/2017 12:51;0;1;Welcome di maria . #CiaoBarto pic.twitter.com/K0lWE8uUIj;;;#CiaoBarto;9,02E+17;https://twitter.com/barcastalk/status/902196857186557952
Shanavbarca;28/08/2017 12:49;0;2;Di Maria will be the death of Barcelona . That's it. pic.twitter.com/OOyLZ6aICm;;;;9,02E+17;https://twitter.com/Shanavbarca/status/902196436569165824
sidelinetheory1;28/08/2017 12:47;0;2;Di Maria to FC Barcelona ? Not sure what fellow culers think of that #DiMariaFCB #PSG #transfers #FCB https:// twitter.com/gerardromero/s tatus/902183161056169984 …;;;#DiMariaFCB #PSG #transfers #FCB;9,02E+17;https://twitter.com/sidelinetheory1/status/902195993478742020
RummanRoktim;28/08/2017 12:47;0;0;Don't dare to sign Di maria . He is a shit #nodimaria;;;#nodimaria;9,02E+17;https://twitter.com/RummanRoktim/status/902195827950493696
EllaAyra;28/08/2017 12:46;0;0;Ruling out Seri but chasing DiMaria No wonder PSG loves to f*ck us up. Imagine we're getting DiMaria psg fans wants to get rid of.;;;;9,02E+17;https://twitter.com/EllaAyra/status/902195776733954052
hordeofhorse;28/08/2017 12:44;1;0;"oh, we want to build new Barcelona with youth players"", sign Di Maria . #CiaoBarto""";;;#CiaoBarto;9,02E+17;https://twitter.com/hordeofhorse/status/902195154978611204
Akhiles54319971;28/08/2017 12:44;0;0;We don't need di maria plse pic.twitter.com/e1VTGtfECg;;;;9,02E+17;https://twitter.com/Akhiles54319971/status/902195110703579136
KatrinPiip;28/08/2017 12:43;0;1;For the love of god, if you sign Di Maria you're erasing absolutely everything good you've done with Dembele. cc @FCBarcelona;;@FCBarcelona;;9,02E+17;https://twitter.com/KatrinPiip/status/902194846236102656
ShowMeSUmtitis;28/08/2017 12:42;0;0;Wasnt there a no sale to Barcelona clause from Madrid in Di Maria 's contract? Or was that his United contract?;;;;9,02E+17;https://twitter.com/ShowMeSUmtitis/status/902194730431283200
shreyansAr;28/08/2017 12:41;0;0;Stupid board...Can give 50 M. for Brainless Di Maria but not 10 M extra for Seri #Bartomeudimision #BartomeDimiteYa pic.twitter.com/WpfO5MjXgH;;;#Bartomeudimision #BartomeDimiteYa;9,02E+17;https://twitter.com/shreyansAr/status/902194522511130624
HasoonBR;28/08/2017 12:41;0;0;Why is the management of #Barcelona stupid? Siri no, yes Di Maria , stupid;;;#Barcelona;9,02E+17;https://twitter.com/HasoonBR/status/902194451099082752
idaugis;28/08/2017 12:41;1;0;Board, please but Seri. Are you blind and don't see that we need a controller? Why buy Di Maria , Coutinho, that will bench our Masia players;;;;9,02E+17;https://twitter.com/idaugis/status/902194391514742785
BFJad;28/08/2017 12:38;0;3;Did you put any clause not allowing Di Maria to join Barcelona ? @realmadrid @nasserAlKhelaifi help us;;@realmadrid @nasserAlKhelaifi;;9,02E+17;https://twitter.com/BFJad/status/902193796896739328
AmIfedayor;28/08/2017 12:34;0;0;"Ok now, coutinho cant rest now. @daily_trust : Barcelona close in on Angel Di Maria https://www. dailytrust.com.ng/news/sports/ba rcelona-close-in-on-angel-di-maria/211918.html … """"";;@daily_trust;;9,02E+17;https://twitter.com/AmIfedayor/status/902192687184535552
feetofmessi;28/08/2017 12:32;2;44;Sorry that option is reserved for Barcelona when they signed Paulinho and soon enough Di Maria .;;;;9,02E+17;https://twitter.com/feetofmessi/status/902192154713268224
flaviaag20;28/08/2017 12:30;0;0;Not the has been di maria , ffs. Finished player, another arda. Headless chicken who would add nothing. Robert incompetent fool.;;;;9,02E+17;https://twitter.com/flaviaag20/status/902191610468950017
praveencule;28/08/2017 12:25;0;0;@jmbartomeu stop chasing Di Maria ffs. Sign Seri and call it for this window. @FCBarcelona;;@jmbartomeu @FCBarcelona;;9,02E+17;https://twitter.com/praveencule/status/902190439016448001
O_o568;28/08/2017 12:25;0;0;Di Maria ? nooooo !!!!!!!! What the hell are you doing? Recruit for the future #ViaForaBartomeu #BartomeuDimiteYa #BartomeuDimiteHoy;;;#ViaForaBartomeu #BartomeuDimiteYa #BartomeuDimiteHoy;9,02E+17;https://twitter.com/O_o568/status/902190417621299200
O_o568;28/08/2017 12:25;0;0;Di Maria ? nooooo What the hell are you doing? Recruit for the future !!! #ViaForaBartomeu #BartomeuDimiteYa #BartomeuDimiteHoy;;;#ViaForaBartomeu #BartomeuDimiteYa #BartomeuDimiteHoy;9,02E+17;https://twitter.com/O_o568/status/902190295734829057
esmeteina_me;28/08/2017 12:24;0;0;Please add seri and Coutinho . No diMaria please.;;;;9,02E+17;https://twitter.com/esmeteina_me/status/902190206593376257
shreyansAr;28/08/2017 12:24;0;0;Fucking Robert Fernandez...Chasing Brainless Di maria who runs and runs and just crosses at the end #Bartomeudimision #BartomeuDimissio pic.twitter.com/AgNsywzPXW;;;#Bartomeudimision #BartomeuDimissio;9,02E+17;https://twitter.com/shreyansAr/status/902190109449043968
sherwingladson;28/08/2017 12:24;0;0;coutino and dimaria signings? official ?;;;;9,02E+17;https://twitter.com/sherwingladson/status/902190046609940480
O_o568;28/08/2017 12:23;0;0;Di Maria ? nooooo!!! What the hell are you doing? Recruit for the future #ViaForaBartomeu #BartomeuDimiteYa #BartomeuDimiteHoy;;;#ViaForaBartomeu #BartomeuDimiteYa #BartomeuDimiteHoy;9,02E+17;https://twitter.com/O_o568/status/902189785871073281
O_o568;28/08/2017 12:22;0;0;Di Maria ? nooooo What the hell are you doing? Recruit for the future !! #ViaForaBartomeu #BartomeuDimiteYa #BartomeuDimiteHoy;;;#ViaForaBartomeu #BartomeuDimiteYa #BartomeuDimiteHoy;9,02E+17;https://twitter.com/O_o568/status/902189742040555521
shreyansAr;28/08/2017 12:20;0;1;160 M Euro for Coutinho is not worth at all..! But if u buy him dont buy di maria #Bartomeudimision #BartomeuDimiteHoy;;;#Bartomeudimision #BartomeuDimiteHoy;9,02E+17;https://twitter.com/shreyansAr/status/902189192259571712
bbello2015;28/08/2017 12:20;0;0;daily_trust: Barcelona close in on Angel Di Maria https://www. dailytrust.com.ng/news/sports/ba rcelona-close-in-on-angel-di-maria/211918.html …;;;;9,02E+17;https://twitter.com/bbello2015/status/902189140158160897
dorian__cl;28/08/2017 12:20;0;0;Sign seri, and not di maria , don't sell Gomes, sell Douglas vermaelen and Arda;;;;9,02E+17;https://twitter.com/dorian__cl/status/902189130867724288
aziizalmutairii;28/08/2017 12:20;1;1;Don't fucking sign Di Maria only coutinho please;;;;9,02E+17;https://twitter.com/aziizalmutairii/status/902189045077434368
shreyansAr;28/08/2017 12:18;0;0;Dont buy Di maria buy Seri #Bartomeudimision;;;#Bartomeudimision;9,02E+17;https://twitter.com/shreyansAr/status/902188556453535744
shreyansAr;28/08/2017 12:17;0;0;Dumbfuck robert Fernandez has ruled out seri... Will buy di maria and Coutinho instead..Coutinho is good but no di maria #BartomeuDimiteHoy;;;#BartomeuDimiteHoy;9,02E+17;https://twitter.com/shreyansAr/status/902188497385152512
daily_trust;28/08/2017 12:17;5;5;Barcelona close in on Angel Di Maria https://www. dailytrust.com.ng/news/sports/ba rcelona-close-in-on-angel-di-maria/211918.html …;;;;9,02E+17;https://twitter.com/daily_trust/status/902188468771618816
waeltamim8;28/08/2017 12:12;0;0;Jorge Mendes is in Barcelona ! Most likely to talk about the departure of Andre Gomes and the arrival of Di Maria . [ @gerardromero ];;@gerardromero;;9,02E+17;https://twitter.com/waeltamim8/status/902187261143511040
HimelFCB;28/08/2017 12:12;0;0;Agent Jorge Mendes is in Barcelona to negotiate André Gomes' departure and the possible arrival of Di Maria . @gerardromero;;@gerardromero;;9,02E+17;https://twitter.com/HimelFCB/status/902187122265776130
BarcaUnplugged;28/08/2017 12:10;0;0;And now, the reports suggest, Barcelona are after Di Maria . Robert Fernandez did not rule out signing him. He... http:// fb.me/swaloH4w;;;;9,02E+17;https://twitter.com/BarcaUnplugged/status/902186635529515008
Mia49507320;28/08/2017 12:08;0;0;I JUST HOPE YOU'RE NOT TALKING ABOUT DI MARIA .;;;;9,02E+17;https://twitter.com/Mia49507320/status/902186253923254276
Draviddict;28/08/2017 12:05;0;0;Praying Jorge Mendes is in Barçelona (if he's really here) only to take away Andre Gomes and not bring in Di Maria !;;;;9,02E+17;https://twitter.com/Draviddict/status/902185270577029120
VegimV;28/08/2017 12:04;0;1;Looking at the bright side: Paulinho, Di Maria are better than having Arda/Gomes.Short solutions but better…;;;;9,02E+17;https://twitter.com/VegimV/status/902185213463289857
AhmedEldeeb333;28/08/2017 12:04;0;0;Di Maria will safely arrive to barcelona ?;;;;9,02E+17;https://twitter.com/AhmedEldeeb333/status/902185059880509440
BarcaTimes;28/08/2017 12:02;25;80;Rumors | Jorge Mendes is in Barcelona ! Most likely to talk about the departure of Andre Gomes and the arrival of Di Maria . [ @gerardromero ] pic.twitter.com/JUUCotfqGk;;@gerardromero;;9,02E+17;https://twitter.com/BarcaTimes/status/902184731034492929
CampNouHQ;28/08/2017 12:01;6;9;Jorge Mendes who is agent of Andre Gomes & Di Maria is in Barcelona . #FCBlive (Rac1);;;#FCBlive;9,02E+17;https://twitter.com/CampNouHQ/status/902184428578816003
TheBarcaCrypts;28/08/2017 12:00;0;0;Jorge Mendes is presently in Barcelona . Sale of Andre Gomes and possible signing of Di Maria very likely. https:// twitter.com/gerardromero/s tatus/902183161056169984 …;;;;9,02E+17;https://twitter.com/TheBarcaCrypts/status/902184213985861632
pailmarn;28/08/2017 12:00;0;0;Come on hurry up to sign di maria @FCBarcelona;;@FCBarcelona;;9,02E+17;https://twitter.com/pailmarn/status/902184126370996225
semprebarcaa;28/08/2017 11:59;3;4;Barcelona sources saying Jorge Mendes is in Barcelona to negotiate the exit of Andre Gomes and possible arrival iof Di Maria . #fcblive;;;#fcblive;9,02E+17;https://twitter.com/semprebarcaa/status/902183849496424449
RoyNemer;28/08/2017 11:59;69;151;Di Maria to Barcelona ? The guy is an absolute work horse and will run his ass off but low football IQ and not what Barcelona need.;;;;9,02E+17;https://twitter.com/RoyNemer/status/902183841686806530
MrLeochin;28/08/2017 11:59;0;3;Don't fucking sign Di Maria @FCBarcelona I would rather sign no one. Fuck this shit;;@FCBarcelona;;9,02E+17;https://twitter.com/MrLeochin/status/902183751974658048
msf1985;28/08/2017 11:58;0;0;READ: Philippe Coutinho will arrive to Barcelona in the coming days and Angel Di Maria is close http:// fb.me/9b9EYygfO;;;;9,02E+17;https://twitter.com/msf1985/status/902183679547539456
Tosinator_;28/08/2017 11:58;0;0;Jorge Mendes is in Barcelona ! Possible exit for André Gomes and possible arrival of Di Maria on the cards. https:// twitter.com/gerardromero/s tatus/902183161056169984 …;;;;9,02E+17;https://twitter.com/Tosinator_/status/902183608496136192
BaddieMimz;28/08/2017 11:57;1;1;Does Di Maria even still play football? Why would anyone, let alone FC Barcelona want an ex washed up Madrid fella? I'm puking.;;;;9,02E+17;https://twitter.com/BaddieMimz/status/902183253356015616
EllaAyra;28/08/2017 11:56;0;0;Dembele-Seri-Coutinho would have been great transfer deals but no, Robert has other ideas like DiMaria & probably another finished player;;;;9,02E+17;https://twitter.com/EllaAyra/status/902183227615358976
pailmarn;28/08/2017 11:55;0;0;@FCBarcelona come on take di maria !;;@FCBarcelona;;9,02E+17;https://twitter.com/pailmarn/status/902182835775307777
mrinmoy_shovon;28/08/2017 11:42;0;1;But not the Snake Di Maria .. Please.;;;;9,02E+17;https://twitter.com/mrinmoy_shovon/status/902179562389291008
Mtamerri;28/08/2017 11:40;1;2;The stupid FC Barcelona board is going for Di Maria when we don't need him, we need Seri!!;;;;9,02E+17;https://twitter.com/Mtamerri/status/902179159782416385
Raoul18021999;28/08/2017 11:39;0;0;We don't want di maria;;;;9,02E+17;https://twitter.com/Raoul18021999/status/902178880445919234
valorate_zomg;28/08/2017 11:36;0;0;DONT SIGN DI MARIA OR COUTINHO PLEASE.;;;;9,02E+17;https://twitter.com/valorate_zomg/status/902178115639795712
1997mehdi1997;28/08/2017 11:36;0;0;Coutinho and maybe Di maria;;;;9,02E+17;https://twitter.com/1997mehdi1997/status/902178042394574848
EarlEmeric;28/08/2017 11:33;1;9;No fuckin Di Maria #NoDiMaria;;;#NoDiMaria;9,02E+17;https://twitter.com/EarlEmeric/status/902177399982485505
Dashing_Thapz;28/08/2017 11:33;0;0;Coutinho and Di Maria;;;;9,02E+17;https://twitter.com/Dashing_Thapz/status/902177243706908674
Abdhy94;28/08/2017 11:32;0;0;@jmbartomeu Now we need @Phil_Coutinho and Jean Seri Signing in club, We don't want Di Maria , he's old and former club rivals;;@jmbartomeu @Phil_Coutinho;;9,02E+17;https://twitter.com/Abdhy94/status/902177077461258241
LorenzoMunisami;28/08/2017 11:32;0;0;not di Maria .seri. di Maria and coutihno play the same role in a team;;;;9,02E+17;https://twitter.com/LorenzoMunisami/status/902177028081950721
_anamarri;28/08/2017 11:31;0;1;Whatever, just not to be DiMaria;;;;9,02E+17;https://twitter.com/_anamarri/status/902176784795488256
Dicave57;28/08/2017 11:31;0;1;@FCBarcelona sign Seri and Coutinho not di maria pic.twitter.com/Lj9LJhy7lY;;@FCBarcelona;;9,02E+17;https://twitter.com/Dicave57/status/902176709440667648
PietriClermont;28/08/2017 11:30;0;1;NOT DI MARIA . COUTINHO , SERI ARE GOOD;;;;9,02E+17;https://twitter.com/PietriClermont/status/902176664570011649
LorenzoMunisami;28/08/2017 11:30;0;0;he thinks di Maria is controller...we can't have both coutihno and Maria on the same team.they play the same position and role like wtf;;;;9,02E+17;https://twitter.com/LorenzoMunisami/status/902176461691527168
Shubham630;28/08/2017 11:29;0;0;Coutinho and Di Maria would be fine.;;;;9,02E+17;https://twitter.com/Shubham630/status/902176195323740160
Abdhy94;28/08/2017 11:28;0;8;@jmbartomeu Now we want @Phil_Coutinho and Jean Seri, we don't want Di Maria , he's old and former club rivals;;@jmbartomeu @Phil_Coutinho;;9,02E+17;https://twitter.com/Abdhy94/status/902176107797012480
AzaniaPost;28/08/2017 11:26;1;1;MESSI demands Barcelona offload five players for Philippe Coutinho and Angel di Maria http://www. azaniapost.com/sports/messi-d emands-barcelona-offload-five-players-for-philippe-coutinho-and-h6252.html … via @azaniapost;;@azaniapost;;9,02E+17;https://twitter.com/AzaniaPost/status/902175577746137092
boszy_a;28/08/2017 11:25;2;21;Yes, please two - Coutinho and Seri, but no di Maria !!!! We don't want di Maria in FC Barcelona !;;;;9,02E+17;https://twitter.com/boszy_a/status/902175389694472192
EllaAyra;28/08/2017 11:25;0;2;If the Board is not signing Seri at least have the decency of not getting DiMaria . We've had enough of finished players! #NOtoDiMaria;;;#NOtoDiMaria;9,02E+17;https://twitter.com/EllaAyra/status/902175304285749249
boszy_a;28/08/2017 11:24;0;11;Coutinho - big YES di Maria - big NO. We don't want him at Camp Nou!!;;;;9,02E+17;https://twitter.com/boszy_a/status/902175029143711744
SNousad;28/08/2017 11:23;0;1;I hope Coutinho and angle di maria .;;;;9,02E+17;https://twitter.com/SNousad/status/902174768677306368
DIGNESQUE;28/08/2017 11:22;0;0;not Di Maria;;;;9,02E+17;https://twitter.com/DIGNESQUE/status/902174501072457728
elsy__;28/08/2017 11:21;1;2;Why Di maria ???? Why????? @FCBarcelona;;@FCBarcelona;;9,02E+17;https://twitter.com/elsy__/status/902174279453855748
RafaelH117;28/08/2017 11:21;117;218;Coutinho and Di Maria for an upwards of €200m combined would be the height of the stupidity that’s killing Barcelona . https:// twitter.com/JosepSoldado/s tatus/902172936269856769 …;;;;9,02E+17;https://twitter.com/RafaelH117/status/902174260122329088
SpanishSoccers;28/08/2017 11:13;0;0;Barcelona want Angel Di Maria from PSG with Andre Gomes in Juventus talks over whopping £46million deal - The Sun http:// dlvr.it/Pj95ck;;;;9,02E+17;https://twitter.com/SpanishSoccers/status/902172322567602177
jonny_gonzalez1;28/08/2017 11:05;0;0;Can Barcelona now buy Di Maria ...;;;;9,02E+17;https://twitter.com/jonny_gonzalez1/status/902170255673438208
codesdujours;28/08/2017 10:36;0;2;@AngeI_ DiMaria came to fc barcelona please;;@AngeI_;;9,02E+17;https://twitter.com/codesdujours/status/902163078531473408
ANIMASHAUNMOSO2;28/08/2017 10:33;0;0;We don't need di maria;;;;9,02E+17;https://twitter.com/ANIMASHAUNMOSO2/status/902162219844202501
codesdujours;28/08/2017 10:28;0;1;@FCBarcelona I want coutinho to fc barcelona more di maria angel;;@FCBarcelona;;9,02E+17;https://twitter.com/codesdujours/status/902161022471077888
drffaaiissaall;28/08/2017 10:26;1;1;Announce coutinho ,seri and di maria;;;;9,02E+17;https://twitter.com/drffaaiissaall/status/902160533935271936
SharifBinAzad1;28/08/2017 10:22;0;0;@FCBarcelona Early sign Seri & Coutinho. We don't need Di Maria . #BartomeuDimiteHoy;;@FCBarcelona;#BartomeuDimiteHoy;9,02E+17;https://twitter.com/SharifBinAzad1/status/902159389561257986
Adeyeyefemi02;28/08/2017 10:15;0;0;Welcome @Dembouz ... Coutinho or Di Maria next;;@Dembouz;;9,02E+17;https://twitter.com/Adeyeyefemi02/status/902157775215751168
thomasolive9;28/08/2017 10:12;0;0;Lionel Messi tells Barcelona to sell five players amid Coutinho and Di Maria speculation http:// shr.gs/iXVISRd;;;;9,02E+17;https://twitter.com/thomasolive9/status/902156951856877569
mobiy007;28/08/2017 09:36;0;0;Seems Di Maria 's move to Barcelona is certain;;;;9,02E+17;https://twitter.com/mobiy007/status/902147773763649537
THEFIFAWORLDCU1;28/08/2017 09:14;0;0;Barcelona want to sell Andre Gomes to Juventus in £46m deal so they can fund Angel Di Maria move http:// fb.me/7ODJVbOmX;;;;9,02E+17;https://twitter.com/THEFIFAWORLDCU1/status/902142301467791360
satadru_007;28/08/2017 09:13;0;1;Barcelona Transfer News: Liverpool star Coutinho to arrive in coming days, Di Maria close https://www. express.co.uk/sport/football /846452/Barcelona-Transfer-News-Philippe-Coutinho-Liverpool-Angel-Di-Maria-PSG …;;;;9,02E+17;https://twitter.com/satadru_007/status/902142094801637376
TheSunFootball;28/08/2017 09:00;19;57;Barcelona in talks with Juventus over £46m deal to fund Angel Di Maria move http:// thesun.uk/60118IGlV pic.twitter.com/OuiEkJDa34;;;;9,02E+17;https://twitter.com/TheSunFootball/status/902138706190098432
Trends_Zone;28/08/2017 08:53;0;0;Barcelona : Angel Di Maria social media announcement was a hack #barcelona #angel #maria #social #media #announcement http:// dlvr.it/Pj7kgl pic.twitter.com/r0s853LFM1;;;#barcelona #angel #maria #social #media #announcement;9,02E+17;https://twitter.com/Trends_Zone/status/902137014014754817
mezomefans;28/08/2017 08:53;0;0;Barcelona : Angel Di Maria social media announcement was a hack #barcelona #angel #maria #social #media #announcement http:// dlvr.it/Pj7kgh pic.twitter.com/owocwWJR8z;;;#barcelona #angel #maria #social #media #announcement;9,02E+17;https://twitter.com/mezomefans/status/902137008587284480
Imtiaz7171;28/08/2017 08:42;0;0;But with Drexlar we can strengthen our Future because he is young and equally Talented if compared with Dimaria;;;;9,02E+17;https://twitter.com/Imtiaz7171/status/902134400527327232
Imtiaz7171;28/08/2017 08:41;0;0;@jmbartomeu @FCBarcelona why are chasing Dimaria instead of Drexlar. Signing Dimaria might solve problems for a year or two.;;@jmbartomeu @FCBarcelona;;9,02E+17;https://twitter.com/Imtiaz7171/status/902134149355638784
SGFKFKSKSKSG;28/08/2017 08:24;0;0;Draxler& Di Maria ! Let's Go Barcelona !;;;;9,02E+17;https://twitter.com/SGFKFKSKSKSG/status/902129779104563202
EParasite234;28/08/2017 08:19;0;0;Sign coutinhno and seri and forget about di maria;;;;9,02E+17;https://twitter.com/EParasite234/status/902128455730552832
Omi10718;28/08/2017 07:52;0;0;#Barcelona please sign draxler instead of di Maria ... Please please;;;#Barcelona;9,02E+17;https://twitter.com/Omi10718/status/902121770433503232
abidemiadesoji1;28/08/2017 07:34;0;1;Barcelona Transfer News LIVE updates: Coutinho latest, Rashford move, Di Maria deal close http:// shr.gs/2ziWVjS;;;;9,02E+17;https://twitter.com/abidemiadesoji1/status/902117171345666048
FuckuBartomeu;28/08/2017 07:20;0;0;Bring Seri and Coutinho, Hurry up. Di Maria nooooooo;;;;9,02E+17;https://twitter.com/FuckuBartomeu/status/902113725456543744
infoJUVE;28/08/2017 07:16;3;4;Barcelona want Angel Di Maria from PSG with Andre Gomes in Juventus talks over whopping £46million deal - The Sun http:// dlvr.it/Pj6sZS pic.twitter.com/7ZpZ07UXjA;;;;9,02E+17;https://twitter.com/infoJUVE/status/902112547624558592
barcelonainform;28/08/2017 07:14;0;0;Barcelona want Angel Di Maria from PSG with Andre Gomes in Juventus talks over whopping… https:// barcelonainformer.com/13894/barcelon a-want-angel-di-maria-from-psg-with-andre-gomes-in-juventus-talks-over-whopping-46million-deal-the-sun/ … pic.twitter.com/x4r5ULac2e;;;;9,02E+17;https://twitter.com/barcelonainform/status/902112019838640128
Juventusreport;28/08/2017 06:58;0;1;Barcelona want Angel Di Maria from PSG with Andre Gomes in Juventus talks over whopping £46million deal - The Sun http:// dlvr.it/Pj6hv3;;;;9,02E+17;https://twitter.com/Juventusreport/status/902108014433280000
Juventus24x7;28/08/2017 06:55;0;0;Barcelona want Angel Di Maria from PSG with Andre Gomes in Juventus talks over whopping £46million deal - The Sun http:// dlvr.it/Pj6gzF;;;;9,02E+17;https://twitter.com/Juventus24x7/status/902107376236371968
maswibilili;28/08/2017 06:52;0;1;Stop breaking people's dreams and sign Seri and Coutinho @FCBarcelona @jmbartomeu and NO Di Maria please. https:// twitter.com/BarcaWorldwide /status/902104912909049856 …;;@FCBarcelona @jmbartomeu;;9,02E+17;https://twitter.com/maswibilili/status/902106587405406208
Najid_ovoxo;28/08/2017 06:23;0;0;Idk why Barcelona are even considering Di Maria;;;;9,02E+17;https://twitter.com/Najid_ovoxo/status/902099288137883649
olaniyiGbolaha2;28/08/2017 05:57;0;0;@fcbarcelona sign a draxler instead of a di maria;;@fcbarcelona;;9,02E+17;https://twitter.com/olaniyiGbolaha2/status/902092829526302720
ihatecristiano;28/08/2017 05:56;0;0;Lol he wants di Maria . He hated barca when he was at madrid;;;;9,02E+17;https://twitter.com/ihatecristiano/status/902092474641858560
JoeKh125;28/08/2017 05:32;0;2;PLEASE SIGN SERI INSTEAD OF DI MARIA;;;;9,02E+17;https://twitter.com/JoeKh125/status/902086429584629760
VTOofficial_;28/08/2017 05:17;0;0;Sign coutinho and seri @fcbarcelona @jmbartomeu we don't need dimaria;;@fcbarcelona @jmbartomeu;;9,02E+17;https://twitter.com/VTOofficial_/status/902082638894301184
OsmanyvBx1;28/08/2017 05:11;0;1;You should buy eriksen the game more than di maria , eriksen younger and more able and serious player in the boat better .;;;;9,02E+17;https://twitter.com/OsmanyvBx1/status/902081180434092032
DVolunteerGamer;28/08/2017 04:40;0;0;I have a bad feeling that we, after signing coutinho, get di Maria instead of him. #pleasedontbegreedyandupholdyourgentlemansagreements;;;#pleasedontbegreedyandupholdyourgentlemansagreements;9,02E+17;https://twitter.com/DVolunteerGamer/status/902073499136733184
iam_messii;28/08/2017 04:40;0;0;Announce Seri and no Di Maria;;;;9,02E+17;https://twitter.com/iam_messii/status/902073491679100929
dilky27;28/08/2017 04:36;0;0;Barca board is playing with PSG for DiMaria . Holding the talks. No money no Mbappe and Barca knows.;;;;9,02E+17;https://twitter.com/dilky27/status/902072505296289792
FonFonfotabong;28/08/2017 04:03;0;0;If we can get Seri, Di Maria n #coutinho then we'll become that force we were 2 years gone. It's never to late to redeem yrself @FCBarcelona;;@FCBarcelona;#coutinho;9,02E+17;https://twitter.com/FonFonfotabong/status/902064029660798977
FrankDuce12;28/08/2017 03:51;0;0;@FCBarcelona go for seri instead of di maria the guy is a gem and above all loves the club https:// twitter.com/BarcaSpiral/st atus/902060461167968256 …;;@FCBarcelona;;9,02E+17;https://twitter.com/FrankDuce12/status/902061045002457088
noursolaman;28/08/2017 03:21;0;1;Sign @Phil_Coutinho and Seri Di Maria Noooooooo @jmbartomeu Out #BartomeuDimiteHoy #BartomeuDimiteYa #CiaoBarto;;@Phil_Coutinho @jmbartomeu;#BartomeuDimiteHoy #BartomeuDimiteYa #CiaoBarto;9,02E+17;https://twitter.com/noursolaman/status/902053388346646528
aryan_tanya;28/08/2017 03:19;0;11;No Di Maria he is sucks;;;;9,02E+17;https://twitter.com/aryan_tanya/status/902053047127478276
FutbolArtista;28/08/2017 03:13;0;0;and dimaria can happen considering this stupid board;;;;9,02E+17;https://twitter.com/FutbolArtista/status/902051597739483136
alex_oti;28/08/2017 03:09;0;0;players we need are players for the future dimaria is out of the picture... And please for the last time sell turan,gomez&mach;;;;9,02E+17;https://twitter.com/alex_oti/status/902050361707556866
bra_kwekusekyi;28/08/2017 03:05;0;0;@FCBarcelona sign this Seri guy! Di maria for what?;;@FCBarcelona;;9,02E+17;https://twitter.com/bra_kwekusekyi/status/902049583102132225
FuckuBartomeu;28/08/2017 03:05;1;4;Sign Coutinho and Seri. Hurry up. No Di Maria;;;;9,02E+17;https://twitter.com/FuckuBartomeu/status/902049377631461376
LaCroqueta6;28/08/2017 02:58;2;19;If Barcelona fans don't want Coutinho because they think we'll get Seri if we fail, think again. Di Maria is the alternative for Brazilian. https:// twitter.com/mundodeportivo /status/902040580527665152 …;;;;9,02E+17;https://twitter.com/LaCroqueta6/status/902047838674321408
barcastalk;28/08/2017 02:49;0;0;Welcome di maria . #CiaoBarto #BartomeuDimiteHoy #BartomeuDimiteYa pic.twitter.com/0VUrcx4hzl;;;#CiaoBarto #BartomeuDimiteHoy #BartomeuDimiteYa;9,02E+17;https://twitter.com/barcastalk/status/902045509929451520
barca_lead;28/08/2017 00:31;0;1;"You better pray we sign Coutinho because the board will go all out to sign Di Maria .Besides i agree with people saying it is not our money""""";;;;9,02E+17;https://twitter.com/barca_lead/status/902010683335823362
sircristeezy;28/08/2017 00:16;0;0;@FCBarcelona sign DiMaria and Phelipe already;;@FCBarcelona;;9,02E+17;https://twitter.com/sircristeezy/status/902007033330675712
iKamran_;28/08/2017 00:02;0;3;With @FCBarcelona being linked to di maria and @Phil_Coutinho can someone please tell me where di maria is going to play.;;@FCBarcelona @Phil_Coutinho;;9,02E+17;https://twitter.com/iKamran_/status/902003476644941824
iKamran_;27/08/2017 23:03;0;4;If we sign @Phil_Coutinho then 100% no need for di maria but seri would still make sense 2/2;;@Phil_Coutinho;;9,02E+17;https://twitter.com/iKamran_/status/901988481932693507
iKamran_;27/08/2017 23:02;0;0;Don't get the board and the technical staff of @FCBarcelona - how does di maria make sense, he is old and we don't need a winger. 1/2;;@FCBarcelona;;9,02E+17;https://twitter.com/iKamran_/status/901988312952573955
2Buddy;27/08/2017 22:53;0;0;@FCBarcelona please signed Di María as Iniesta replacement, this will create a solid team, a #Barca team with lots of speed again,;;@FCBarcelona;#Barca;9,02E+17;https://twitter.com/2Buddy/status/901985980323733504
sadha_iyer;27/08/2017 22:24;0;0;@jmbartomeu @FCBarcelona Don't sign Di Maria even for free. He is utter shit. Get Coutinho and seri. #CiaoBarto;;@jmbartomeu @FCBarcelona;#CiaoBarto;9,02E+17;https://twitter.com/sadha_iyer/status/901978833389142016
AdryanEmanPrat3;27/08/2017 21:40;0;1;Next Countinho And Di Maria To Barcelona !!!! pic.twitter.com/vNfk492vc1;;;;9,02E+17;https://twitter.com/AdryanEmanPrat3/status/901967595154243584
Another_one23;27/08/2017 21:13;0;2;@FCBarcelona not Dimaria please , sign Seri and Coutinho;;@FCBarcelona;;9,02E+17;https://twitter.com/Another_one23/status/901960942153498624
Yahyaalsharif5;27/08/2017 20:47;0;3;Barcelona needs Siri with Cotinho does not need Di Maria;;;;9,02E+17;https://twitter.com/Yahyaalsharif5/status/901954297562361858
adahtony;27/08/2017 20:43;0;1;finally. Now wrap up Seri's deal and maybe Di Maria .;;;;9,02E+17;https://twitter.com/adahtony/status/901953260441010179
BarcelonaEra;27/08/2017 20:39;0;0;Also this season so far : semedo , dembele , coutinho and seri and Deulofeu and maybe di maria , and u have paulinho;;;;9,02E+17;https://twitter.com/BarcelonaEra/status/901952448692199429
TariqAlli;27/08/2017 19:43;0;0;Mbappe to PSS? Surely they need to sell di Maria ? @barcakash to me FFP rules? Sale to Barcelona ?;;@barcakash;;9,02E+17;https://twitter.com/TariqAlli/status/901938232539140097
_FreshSB;27/08/2017 19:13;0;0;This can only mean Di Maria to Barcelona https:// twitter.com/skysportsnews/ status/901928140624326656 …;;;;9,02E+17;https://twitter.com/_FreshSB/status/901930662906609665
Benito_Rod_7;27/08/2017 19:09;0;0;Here i go again... @FCBarcelona instead of trying to buy Di Maria ...BUY DRAXLER!!!! HE IS YOUNGER AND ALREADY JUST AS GOOD AS DI MARIA !!!;;@FCBarcelona;;9,02E+17;https://twitter.com/Benito_Rod_7/status/901929586056822784
kanebrkr;27/08/2017 18:51;0;0;Di Maria . Doubt he'll go to Barcelona , but it has to be him;;;;9,02E+17;https://twitter.com/kanebrkr/status/901925093961551873
m031n;27/08/2017 18:15;0;1;sign DELE ALI best young talent of premier league or DYBALA or HAZARD we need another big name not sh!t player like Dimaria #CiaoBarto;;;#CiaoBarto;9,02E+17;https://twitter.com/m031n/status/901916147838328832
gistfootballng;27/08/2017 18:08;0;1;PSG Reject £32.4million bid from Barcelona for Angel Di Maria http:// dlvr.it/Pj13pS pic.twitter.com/faao5UbUSc;;;;9,02E+17;https://twitter.com/gistfootballng/status/901914234493087745
OluwanisholaSa2;27/08/2017 17:52;0;0;Any news about di maria going to Barcelona ....;;;;9,02E+17;https://twitter.com/OluwanisholaSa2/status/901910412484116482
TheBoyStanley;27/08/2017 17:24;3;4;I still don't know why Barcelona are trying to sign Di Maria ! Just sign Couthino and Seri and we are going to beat any team!!!! Any team!!!;;;;9,02E+17;https://twitter.com/TheBoyStanley/status/901903215968518149
Larkhunle_lexyz;27/08/2017 16:22;0;1;@FCBarcelona @FCBarcelona_es Let @DenisSuarez6 @SergiRoberto10 improve, no need to buy di maria;;@FCBarcelona @FCBarcelona_es @DenisSuarez6 @SergiRoberto10;;9,02E+17;https://twitter.com/Larkhunle_lexyz/status/901887661031469057
Larkhunle_lexyz;27/08/2017 16:20;0;0;@FCBarcelona doesn't need di maria , let sergi roberto, denis suarez improve;;@FCBarcelona;;9,02E+17;https://twitter.com/Larkhunle_lexyz/status/901887049699090432
JaMeS5i;27/08/2017 15:33;0;2;"They didn't actually say what Di Maria was close to""...so, there's hope!""";;;;9,02E+17;https://twitter.com/JaMeS5i/status/901875319593828352
FCBarcanews13;27/08/2017 15:26;128;74;Coutinho will arrive to Barcelona in the coming days and Di Maria is close. [express] Barcelona are confident of signing both players pic.twitter.com/xDAsQSy1LQ;;;;9,02E+17;https://twitter.com/FCBarcanews13/status/901873655445151745
messiqueuncIub;27/08/2017 15:06;1;2;ffs don't bring di maria pleaseee @FCBarcelona https:// twitter.com/BarcaSpiral/st atus/901824122912636928 …;;@FCBarcelona;;9,02E+17;https://twitter.com/messiqueuncIub/status/901868462930309121
miracleobieful2;27/08/2017 14:50;1;2;Please dear barcelona we don't need Di maria give us Seri and Coutinho;;;;9,02E+17;https://twitter.com/miracleobieful2/status/901864565473988608
transfercentre6;27/08/2017 14:31;0;1;Paris St-Germain have rejected Barcelona 's £32.4m bid for their 29-year-old attacking midfielder Angel Di Maria . (Source: AS) pic.twitter.com/hRJrjXetYy;;;;9,02E+17;https://twitter.com/transfercentre6/status/901859717110272004
shreyansAr;27/08/2017 14:16;0;0;don't buy di maria #Bartomeudimision #BartomeuDemiteYa #BartomeuDimiteHoy;;;#Bartomeudimision #BartomeuDemiteYa #BartomeuDimiteHoy;9,02E+17;https://twitter.com/shreyansAr/status/901855985857216513
Elias_Ch_;27/08/2017 14:07;4;11;"Express :  Coutinho will arrive to Barcelona in the coming days and Di Maria is close "" pic.twitter.com/iaFDmVv5PW""";;;;9,02E+17;https://twitter.com/Elias_Ch_/status/901853607603134464
TheMan36027;27/08/2017 13:42;0;1;Fuck di Maria , bring back Alexis Sanchez @FCBarcelona;;@FCBarcelona;;9,02E+17;https://twitter.com/TheMan36027/status/901847280365514754
heydareng;27/08/2017 13:37;0;1;If @FCBarcelona sign Coutinho and Di Maria i will forgive Barto.;;@FCBarcelona;;9,02E+17;https://twitter.com/heydareng/status/901846209375203328
JoeKh125;27/08/2017 13:30;0;0;PLEASE SIGN SERI INSTEAD OF DI MARIA;;;;9,02E+17;https://twitter.com/JoeKh125/status/901844276094664705
scorehighlights;27/08/2017 13:29;0;1;Barcelona Transfer News: Liverpool star Coutinho to arrive in coming days, Di Maria close Click Here ... pic.twitter.com/y3yvue4yZq;;;;9,02E+17;https://twitter.com/scorehighlights/status/901844237246976000
JoeKh125;27/08/2017 13:22;0;0;PLEASE SIGN SERI INSTEAD OF DI MARIA;;;;9,02E+17;https://twitter.com/JoeKh125/status/901842332605132801
EdiSkorpio;27/08/2017 13:21;1;0;"Coutinho DiMaria (instead a young Foward like Dolberg"") #fichajes #FCBarcelona #ForçaBarça #CiaoBarto #Coutinho #Dontbuydimaria""";;;#fichajes #FCBarcelona #For #CiaoBarto #Coutinho #Dontbuydimaria;9,02E+17;https://twitter.com/EdiSkorpio/status/901842121317023754
LiverpoolFNH;27/08/2017 13:12;0;0;Barcelona Transfer News: Liverpool star Coutinho to arrive in coming days, Di Maria c #LFC #YNWA #FNH http://www. nshnd.com/to.aspx?i=3465 168 …;;;#LFC #YNWA #FNH;9,02E+17;https://twitter.com/LiverpoolFNH/status/901839879797186560
LFCNews;27/08/2017 13:09;0;0;Barcelona Transfer News: Liverpool star Coutinho to arrive in coming days, Di Maria close… https:// goo.gl/fb/EBgnwg;;;;9,02E+17;https://twitter.com/LFCNews/status/901839079595225090
NaijaBeyHive;27/08/2017 13:05;0;1;we need Seri more.. You guys better go get Seri, @FCBarcelona Di Maria what??;;@FCBarcelona;;9,02E+17;https://twitter.com/NaijaBeyHive/status/901838101466796033
ipmanniagassola;27/08/2017 13:04;0;0;I like very A. Dimaria and F. coutinho play well in Barcelona ,with Messi They can do Barça's business. Ipmanniagassola;;;;9,02E+17;https://twitter.com/ipmanniagassola/status/901837797451018240
JoeKh125;27/08/2017 13:00;0;0;Please sign SERI instead of Di Maria;;;;9,02E+17;https://twitter.com/JoeKh125/status/901836828692631552
JLC11_;27/08/2017 12:59;0;0;I'll be really excited if both Coutinho and Di Maria arrive to Barcelona They have to get rid of Arda and Gomes tho.;;;;9,02E+17;https://twitter.com/JLC11_/status/901836473430810624
iam_chriss;27/08/2017 12:58;0;3;Di Maria Is a great player and all great players are always welcome to Barcelona . Beats having the likes of Gomes & rakitic.;;;;9,02E+17;https://twitter.com/iam_chriss/status/901836321890729985
Soccerloaded9ja;27/08/2017 12:51;0;1;Barcelona Transfer News: Liverpool star Coutinho to arrive in coming days, Di Maria close - http:// soccerloaded.com.ng/barcelona-tran sfer-news-liverpool-star-coutinho-to-arrive-in-coming-days-di-maria-close/ …;;;;9,02E+17;https://twitter.com/Soccerloaded9ja/status/901834491177644036
_Naxsko;27/08/2017 12:48;0;6;Sign Seri and don't sign Di Maria;;;;9,02E+17;https://twitter.com/_Naxsko/status/901833889337004037
zaynm_curry;27/08/2017 12:46;0;0;No to di maria please @jmbartomeu @FCBarcelona https:// twitter.com/barcaspiral/st atus/901824122912636928 …;;@jmbartomeu @FCBarcelona;;9,02E+17;https://twitter.com/zaynm_curry/status/901833269435662336
Mia49507320;27/08/2017 12:43;0;1;Yeah i'm okay with both too. I just hope the board doesn't ruin this by signing Di Maria or sth. No problem, I'm not native either;;;;9,02E+17;https://twitter.com/Mia49507320/status/901832515329064961
footcor;27/08/2017 12:41;0;0;Barcelona Transfer News: Liverpool star Coutinho to arrive in coming days, Di Maria close: BARCELONA are confi.. http:// dld.bz/gbX6p;;;;9,02E+17;https://twitter.com/footcor/status/901831957402791936
JoeKh125;27/08/2017 12:34;0;4;SERI INSTEAD OF DI MARIA PLEASE;;;;9,02E+17;https://twitter.com/JoeKh125/status/901830386229137408
f15;27/08/2017 12:34;1;0;Coutinho and Di maria , if these two signings happen, no one can stop Barcelona this season #fcb;;;#fcb;9,02E+17;https://twitter.com/f15/status/901830298677125120
LFCNews;27/08/2017 12:31;0;0;Barcelona Transfer News Liverpool star Coutinho to arrive in coming days Di Maria close… https:// goo.gl/fb/cWxGqQ;;;;9,02E+17;https://twitter.com/LFCNews/status/901829576585826309
_90_Minutos;27/08/2017 12:29;3;3;Barcelona Transfer News: Liverpool star Coutinho to arrive in coming days, Di Maria close.. http:// shr.gs/adYNCaK;;;;9,02E+17;https://twitter.com/_90_Minutos/status/901829126927110144
GloDaka;27/08/2017 12:27;0;0;Coutinho will arrive to Barcelona in the coming days and Di Maria is close. [express] https://twitter.com/BarcaSpiral/status/901824122912636928/photo/1 pic.twitter.com/gMw4D6DgPq View photo;;;;9,02E+17;https://twitter.com/GloDaka/status/901828639284592641
LFCinfinite;27/08/2017 12:10;26;34;#LFC Express http:// ift.tt/2wJr3IE Barcelona Transfer News: Liverpool star Coutinho to arrive in coming days, Di Maria close;;;#LFC;9,02E+17;https://twitter.com/LFCinfinite/status/901824251916898304
Peter10soccer;27/08/2017 12:00;0;1;I don't want Di Maria ANYWHERE NEAR BARCELONA;;;;9,02E+17;https://twitter.com/Peter10soccer/status/901821705177485316
mmm_chaudhary;27/08/2017 11:45;0;1;Barcelona Transfer News: Liverpool star Coutinho to arrive in coming days, Di Maria close https:// myfootballview.com/barcelona-tran sfer-news-liverpool-star-coutinho-to-arrive-in-coming-days-di-maria-close/ … pic.twitter.com/2Xs3kB0xhE;;;;9,02E+17;https://twitter.com/mmm_chaudhary/status/901817946749722624
DExpress_Sport;27/08/2017 11:43;3;15;Barcelona Transfer News: Liverpool star Coutinho to arrive in coming days, Di Maria close #FCB #Barca http://www. express.co.uk/sport/football /846452/Barcelona-Transfer-News-Philippe-Coutinho-Liverpool-Angel-Di-Maria-PSG …;;;#FCB #Barca;9,02E+17;https://twitter.com/DExpress_Sport/status/901817460894072833
DaniyaA6;27/08/2017 10:53;0;11;Mbappe to PSG move halted by Financial Fair Play. Great, now they HAVE to sell a few players. Welcome Di Maria to FC Barcelona .;;;;9,02E+17;https://twitter.com/DaniyaA6/status/901804972278415360
danapsg;27/08/2017 10:37;0;0;di maria is very good hes needed at fcb;;;;9,02E+17;https://twitter.com/danapsg/status/901800866579181569
danapsg;27/08/2017 10:35;0;1;thoughts on di maria to @FCBarcelona ??;;@FCBarcelona;;9,02E+17;https://twitter.com/danapsg/status/901800435236962305
UsmanMK91;27/08/2017 10:22;0;0;Seri and Coutinho is not coming. Maybe Di Maria . But I dont believe PSG gonna sell to Barcelona .;;;;9,02E+17;https://twitter.com/UsmanMK91/status/901797091646767106
Rassnews1;27/08/2017 10:00;0;0;PSG reject Barcelona ’s Di Maria bid . . . Paris Saint-Germain have rejected a £32.4million bid… https://www. instagram.com/p/BYTFIDYFpLA/;;;;9,02E+17;https://twitter.com/Rassnews1/status/901791438597447680
danapsg;27/08/2017 08:17;0;5;we should get Di Maria @FCBarcelona mes que uunnnnnn club;;@FCBarcelona;;9,02E+17;https://twitter.com/danapsg/status/901765545883820032
LFC_RedBlooded;27/08/2017 08:02;0;0;Barcelona would be stupid to take Di Maria https:// twitter.com/danielriolo/st atus/901753133482860544 …;;;;9,02E+17;https://twitter.com/LFC_RedBlooded/status/901761804409458688
transferdicky;27/08/2017 08:01;0;0;"Barcelona offered € 35 million to #PSG for Angel Di Maria ; The French club, however, rejected the proposal.";;;#PSG;9,02E+17;https://twitter.com/transferdicky/status/901761678001537024
macmurphy007;27/08/2017 06:34;0;0;We need Di Maria;;;;9,02E+17;https://twitter.com/macmurphy007/status/901739599067799552
MasiaCanterano;27/08/2017 05:40;0;0;Even if I don't take Di Maria 's personality into consideration, I'd rather have Coutinho. Think he's better suited to play as an interior;;;;9,02E+17;https://twitter.com/MasiaCanterano/status/901726065776873472
NtkWorldWide;27/08/2017 05:35;0;0;Barca gave up on Seri so Di Maria will do;;;;9,02E+17;https://twitter.com/NtkWorldWide/status/901724888167317504
MasiaCanterano;27/08/2017 05:21;0;0;Last thing I want to see is Di Maria in a Barça shirt. An ex-Madrid player who shushed us in the Camp Nou? Nah, no thanks. 29 y/o as well;;;;9,02E+17;https://twitter.com/MasiaCanterano/status/901721363202928640
NtkWorldWide;27/08/2017 05:18;0;0;I believe @FCBarcelona needs Di Maria more than Coutinho too;;@FCBarcelona;;9,02E+17;https://twitter.com/NtkWorldWide/status/901720687458574336
belltimesng;27/08/2017 04:44;0;0;Barcelona still want to sign Philippe Coutinho and Angel Di Maria despite wrapping up a deal for Ousmane Dembele, reports Marca .;;;;9,02E+17;https://twitter.com/belltimesng/status/901711897371828224
BarcaTalkPod;27/08/2017 04:17;0;1;‘Hacked’ Barcelona announce Di Maria signing http:// crwd.fr/2xwgTHY pic.twitter.com/BTYiLJzvuR;;;;9,02E+17;https://twitter.com/BarcaTalkPod/status/901705183520055296
AllTheNewsNG;27/08/2017 03:07;0;0;Barcelona , Philippe Coutinho transfer news: Liverpool deadline set, latest on Angel Di Maria - https://www. allthenews.com.ng/barcelona-phil ippe-coutinho-transfer-news-liverpool-deadline-set-latest-on-angel-di-maria/ … pic.twitter.com/hfeeiFy1Z9;;;;9,02E+17;https://twitter.com/AllTheNewsNG/status/901687476682665984
AllTheNewsNG;27/08/2017 02:20;0;0;Barcelona , Philippe Coutinho transfer news: Liverpool deadline set, latest on Angel Di Maria - https://www. allthenews.com.ng/barcelona-phil ippe-coutinho-transfer-news-liverpool-deadline-set-latest-on-angel-di-maria/ … pic.twitter.com/vtXGvFoKdQ;;;;9,02E+17;https://twitter.com/AllTheNewsNG/status/901675876819116032
LionelMessiview;27/08/2017 01:19;0;0;Lionel Messi tells Barcelona to sell five players amid Coutinho and Di Maria speculation - Daily Star http:// dlvr.it/Phst8D;;;;9,02E+17;https://twitter.com/LionelMessiview/status/901660309810642945
LionelMessiLife;27/08/2017 01:17;1;6;Lionel Messi tells Barcelona to sell five players amid Coutinho and Di Maria speculation - Daily Star http:// dlvr.it/PhssZ2;;;;9,02E+17;https://twitter.com/LionelMessiLife/status/901659816396972033
LionelMessi24x7;27/08/2017 01:17;0;2;Lionel Messi tells Barcelona to sell five players amid Coutinho and Di Maria speculation - Daily Star http:// dlvr.it/PhssYK;;;;9,02E+17;https://twitter.com/LionelMessi24x7/status/901659812840185857
AllTheNewsNG;27/08/2017 01:08;0;0;Barcelona , Philippe Coutinho transfer news: Liverpool deadline set, latest on Angel Di Maria - https://www. allthenews.com.ng/barcelona-phil ippe-coutinho-transfer-news-liverpool-deadline-set-latest-on-angel-di-maria/ … pic.twitter.com/z6d7RyejLu;;;;9,02E+17;https://twitter.com/AllTheNewsNG/status/901657583257362432
mercifulbeast28;26/08/2017 22:31;0;0;We need di Maria as well;;;;9,02E+17;https://twitter.com/mercifulbeast28/status/901618097701965824
nadm2625879;26/08/2017 22:08;0;0;@FCBarcelona We want Dybala are couthinio and Di Maria !!;;@FCBarcelona;;9,02E+17;https://twitter.com/nadm2625879/status/901612347541815296
trinhhuuminhly;26/08/2017 21:43;0;0;Breaking News | Lionel messi tells barcelona to sell five players amid coutinho and di maria specul: http:// youtu.be/Jv4ryTXTcWk?a qua;;;;9,02E+17;https://twitter.com/trinhhuuminhly/status/901606023693258752
AatreyaBhat;26/08/2017 21:35;0;2;If Barcelona manage to get Coutinho AND Di Maria , Neymar's going to be a distant memory within the season.;;;;9,02E+17;https://twitter.com/AatreyaBhat/status/901604094330126336
iKamran_;26/08/2017 21:04;0;2;@FCBarcelona when signing anyone even if if is @Phil_Coutinho #Seri or #dimaria remember this. https:// twitter.com/jamesben_11/st atus/901595035346415616 …;;@FCBarcelona @Phil_Coutinho;#Seri #dimaria;9,02E+17;https://twitter.com/iKamran_/status/901596140147236864
