username;date;retweets;favorites;text;geo;mentions;hashtags;id;permalink;
Tanama88;03/10/2017 20:30;1;1;Lubbock Estacado Army JrROTC Thanks Midland Lee Football Players For Honoring Flag http:// mix979fm.com/lubbock-estaca do-army-jrrotc-thanks-midland-lee-football-players-for-honoring-flag/?trackback=twitter … @mix979;;@mix979;;9,15359E+17;https://twitter.com/Tanama88/status/915358520744259584;
ErikRichardsUSA;03/10/2017 20:24;1;13;Syracuse football C commit Tyrone Sampson to play in U.S. Army All-American Bowl http://www. syracuse.com/orangefootball /index.ssf/2017/10/tyrone_sampson_us_army_all-american_bowl_center_syracuse_football_commit.html …;;;;9,15357E+17;https://twitter.com/ErikRichardsUSA/status/915356917320601603;
Humblejoe1208;03/10/2017 20:10;0;1;The US Army football team took a knee. So what y’all gonna say about them? #TakeAKnee pic.twitter.com/ItgOxN6XIq;;;#TakeAKnee;9,15353E+17;https://twitter.com/Humblejoe1208/status/915353282389970945;
luhthump;03/10/2017 20:06;0;0;My high school football career have ended im going to the army or Air Force;;;;9,15352E+17;https://twitter.com/luhthump/status/915352352143626241;
salinterdonato;03/10/2017 19:34;0;3;#ArmyFootball wraps up Tuesday practice in preparation for Saturday's road game at Rice. https://www. instagram.com/p/BZzYRvUh0g4/;;;#ArmyFootball;9,15344E+17;https://twitter.com/salinterdonato/status/915344355145129984;
NunesMagician;03/10/2017 18:38;3;26;ICYMI: Four-star Syracuse football commit Tyrone Sampson will play in the U.S. Army All-American Bowl https://www. nunesmagician.com/2017/10/3/1641 3920/syracuse-football-commit-sampson-army-all-american-bowl-invite …;;;;9,1533E+17;https://twitter.com/NunesMagician/status/915330150388031488;
Zadabee;03/10/2017 18:26;0;0;US Army football team http:// fb.me/CuETteEb;;;;9,15327E+17;https://twitter.com/Zadabee/status/915327258658770945;
salinterdonato;03/10/2017 18:13;0;2;Ranger Jerseys (UTEP, defense): Alex Aukerman, Chandler Ramirez, John Voit, Ray Wright #ArmyFootball;;;#ArmyFootball;9,15324E+17;https://twitter.com/salinterdonato/status/915323957959696384;
salinterdonato;03/10/2017 17:58;0;6;Ranger Jerseys (UTEP, offense): Adams, Boylan, Bradshaw, Davidson, Ejekam, Holt, Houghton, Q. Parker, Toth, Walker #ArmyFootball;;;#ArmyFootball;9,1532E+17;https://twitter.com/salinterdonato/status/915320248823410688;
sbncollege;03/10/2017 17:45;0;0;Syracuse football commit earns Army All-American bowl invite https://www. nunesmagician.com/2017/10/3/1641 3920/syracuse-football-commit-sampson-army-all-american-bowl-invite …;;;;9,15317E+17;https://twitter.com/sbncollege/status/915316972233031681;
syracusebuzztap;03/10/2017 17:36;0;0;nunesmagician​.com >> Syracuse football commit earns Army All-American bowl invite http:// buzztap.com/-JRHc9e;;;;9,15315E+17;https://twitter.com/syracusebuzztap/status/915314740028637190;
NunesMagician;03/10/2017 17:35;1;10;Syracuse football commit . @TSamp_51 earns Army All-American bowl invite https://www. nunesmagician.com/2017/10/3/1641 3920/syracuse-football-commit-sampson-army-all-american-bowl-invite?utm_campaign=nunesmagician&utm_content=chorus&utm_medium=social&utm_source=twitter …;;@TSamp_51;;9,15314E+17;https://twitter.com/NunesMagician/status/915314312377458688;
HaleyBurtonNews;03/10/2017 17:34;0;0;Charleston Hartfield- Las Vegas police officer, an accomplished Nevada Army National Guard sergeant first class and a youth football coach;;;;9,15314E+17;https://twitter.com/HaleyBurtonNews/status/915314184941916160;
740KVOR;03/10/2017 17:30;0;0;Now this is a Sweet Deal to the last 4 Air Force Football HOME games including Army ! $240 value for only $120!... http:// fb.me/BCFfMZ9O;;;;9,15313E+17;https://twitter.com/740KVOR/status/915313139230691328;
rtormet;03/10/2017 17:07;0;0;Did the Army football team take a knee during the anthem this weekend?;;;;9,15307E+17;https://twitter.com/rtormet/status/915307434989760513;
resellrescue;03/10/2017 16:43;0;0;Check out Army vs. Columbia Official Football Game Program October 16th 1943 WWII ERA https://www. ebay.com/itm/2325090214 82 … @eBay #army #columbia;;@eBay;#army #columbia;9,15301E+17;https://twitter.com/resellrescue/status/915301223716319232;
Dan_T_Head;03/10/2017 16:23;0;0;"The new #ArmyFootball Preview has a whole section: How to Watch BeIN Sports"". More complicated than analyzing the actual game. #ARMYvsRICE""";;;#ArmyFootball #ARMYvsRICE;9,15296E+17;https://twitter.com/Dan_T_Head/status/915296154648182784;
s4G1989;03/10/2017 16:09;0;0;Go Army !!! Beat Navy!!!;;;;9,15293E+17;https://twitter.com/s4G1989/status/915292655134871552;
salinterdonato;03/10/2017 15:43;1;6;RECRUITING: Bishop O'Connell (Va,.) DE Nate Smith ( @nate_smith0804 ) tweets he's joined #ArmyFootball 2018 class. Army was Smith's 1st offer;;@nate_smith0804;#ArmyFootball;9,15286E+17;https://twitter.com/salinterdonato/status/915286120316928000;
artnbarb;03/10/2017 15:33;0;0;US Army football team takes a knee http:// fb.me/1BrUMttEb;;;;9,15284E+17;https://twitter.com/artnbarb/status/915283775201964033;
salinterdonato;03/10/2017 15:33;0;3;Realistic return for S Rhyan England (knee) may be at Air Force (Nov. 4) but probably not before, Coach Monken said. #ArmyFootball;;;#ArmyFootball;9,15284E+17;https://twitter.com/salinterdonato/status/915283578493308928;
bigbaby404;03/10/2017 15:30;0;0;This is the us army football team and I guess they're being unpatriotic. @TheOfficerTatum pic.twitter.com/9ldc2kYC1R;;@TheOfficerTatum;;9,15283E+17;https://twitter.com/bigbaby404/status/915282950895349761;
Moeboogiee;03/10/2017 15:09;0;0;@rickdamanager this not no damn army football why they lying lmao https:// twitter.com/premisedamc/st atus/914694012874915840 …;;@rickdamanager;;9,15278E+17;https://twitter.com/Moeboogiee/status/915277526754381824;
salinterdonato;03/10/2017 15:05;6;17;Players of week (UTEP): QB Ahmad Bradshaw, DE John Voit, LB Bayle Wolf, OL Mike Gerber & DL Alex Crawford #ArmyFootball pic.twitter.com/TRknQXvp36;;;#ArmyFootball;9,15277E+17;https://twitter.com/salinterdonato/status/915276608222752771;
willgriffinnig;03/10/2017 14:39;1;6;the us army college football team took a knee during the national anthem are those service members not patriotic?? please explain to me https:// twitter.com/49haltig/statu s/915058336361472000 …;;;;9,1527E+17;https://twitter.com/willgriffinnig/status/915270132661985280;
JonShideler;03/10/2017 14:33;0;0;Looks like another week without Woolfolk and England for #ArmyFootball . https:// twitter.com/jonshideler/st atus/915268450611802112 …;;;#ArmyFootball;9,15269E+17;https://twitter.com/JonShideler/status/915268565745504256;
ecarrier71;03/10/2017 14:28;0;1;Proud army vet that doesn’t know this isn’t the army fucking football team?? Lmfao it’s the fucking navy and it’s their prayer to the fallen;;;;9,15267E+17;https://twitter.com/ecarrier71/status/915267409057058816;
JonShideler;03/10/2017 14:26;0;0;Moved over to Army where HC Jeff Monken is holding his weekly presser. #ArmyFootball looking for first road win this week against Rice. pic.twitter.com/HLlMkkanrn;;;#ArmyFootball;9,15267E+17;https://twitter.com/JonShideler/status/915266768427454464;
kerryrherring;03/10/2017 14:17;0;0;This is actually the navy football team not army praying before a game against Tulane they do this every game,... http:// fb.me/2nYwmPTXJ;;;;9,15265E+17;https://twitter.com/kerryrherring/status/915264520276385798;
RiceFootball;03/10/2017 14:08;0;4;"You've got to play very sound and solid football against their offense."" - Coach Bailiff on preparing for Army""";;;;9,15262E+17;https://twitter.com/RiceFootball/status/915262380434771969;
salinterdonato;03/10/2017 14:01;0;3;#ArmyFootball press conference: Rice https://www. pscp.tv/w/bKJoYzcwNzcz NXwxWmtLek9qQXBYckd2gy5IHI0uMWKJYm19uJ6Wpv8OsB0MH9Tf_qmYz-HCFhg= …;;;#ArmyFootball;9,15261E+17;https://twitter.com/salinterdonato/status/915260503148027904;
Enxo;03/10/2017 13:45;0;0;College Army football team kneels BEFORE anthem: “They were praying, it’s ok.” Baltimore Ravens kneel BEFORE Anthem in prayer: *Gets Booed*;;;;9,15257E+17;https://twitter.com/Enxo/status/915256616944988162;
syrfootball;03/10/2017 13:41;14;62;Syracuse football commit Tyrone Sampson to play in U.S. Army All-American Bowl | http:// bit.ly/2wvXsyO;;;;9,15256E+17;https://twitter.com/syrfootball/status/915255502501707777;
MinkNate;03/10/2017 13:41;1;9;Syracuse football commit Tyrone Sampson to play in U.S. Army All-American Bowl | http:// bit.ly/2wvXsyO;;;;9,15256E+17;https://twitter.com/MinkNate/status/915255502371721216;
JBDT;03/10/2017 13:38;0;0;Not yet. But I'll be there for Monday night football later this month with The Toon Army ! #nufc;;;#nufc;9,15255E+17;https://twitter.com/JBDT/status/915254774479630336;
syracusebuzztap;03/10/2017 13:06;0;0;syracuse​.com >> Syracuse football C commit Tyrone Sampson to play in U.S. Army All-American Bowl http:// buzztap.com/-dm9toU;;;;9,15247E+17;https://twitter.com/syracusebuzztap/status/915246608559824896;
GCMSUnit5;03/10/2017 13:00;1;3;Our 6-0 football Falcons have clinched a spot in the post season so the Red Army is ready to fan the flames!... http:// fb.me/3qDhZWGzW;;;;9,15245E+17;https://twitter.com/GCMSUnit5/status/915245196006318080;
ResistPsycDr;03/10/2017 12:39;0;1;U.S. Army Football Team takes the knee for the police brutality and racial injustice in our country today. http:// fb.me/1JqB4JPn3;;;;9,1524E+17;https://twitter.com/ResistPsycDr/status/915240017588637696;
tlidie;03/10/2017 12:38;0;1;People, the Army Football Team did not kneel for the Anthem. Look it up.;;;;9,1524E+17;https://twitter.com/tlidie/status/915239754341289984;
WestVirgyinzer;03/10/2017 12:28;0;0;RIP Charleston Hartfield. US Army vet, Las Vegas cop and youth football coach killed in the shootings. #TrueHero;;;#TrueHero;9,15237E+17;https://twitter.com/WestVirgyinzer/status/915237136617623552;
jessicadbandy;03/10/2017 12:10;0;1;US Army Football Team takes a knee for national anthem! #NationalAnthem #NFL #USArmy http:// fb.me/8Zn7Z80r4;;;#NationalAnthem #NFL #USArmy;9,15233E+17;https://twitter.com/jessicadbandy/status/915232627036000256;
mix97fm;03/10/2017 12:00;0;0;A viral photo alleges that Army football knelt in protest during the national anthem. http:// fb.me/2LeOEiSlb;;;;9,1523E+17;https://twitter.com/mix97fm/status/915229979981631488;
tenpinsplit;03/10/2017 11:52;0;1;idiots sharing a picture of the Navy football team praying saying it is the Army football team kneeling during the anthem. people are idiots;;;;9,15228E+17;https://twitter.com/tenpinsplit/status/915227965893566465;
Nalij7;03/10/2017 11:21;0;0;US Army football team. #NuffSaid https://www. instagram.com/p/BZyf3ZngwDcp 8y1O4CVc9Fd8EDQ3tPev5Y_uQg0/ …;;;#NuffSaid;9,1522E+17;https://twitter.com/Nalij7/status/915220305773129728;
Ralph5794062;03/10/2017 11:15;2;5;The US Army football team took a knee. So I wonder if they're patriotic? @realDonaldTrump pic.twitter.com/3alLe6029v;;@realDonaldTrump;;9,15219E+17;https://twitter.com/Ralph5794062/status/915218879663820805;
katiezavadski;03/10/2017 11:10;26;54;"Charleston Hartfield, 34, was an army vet and Coach Chucky"" to the kids he coached in football . https://www. thedailybeast.com/remembering-th e-victims-of-the-las-vegas-massacre … via @thedailybeast pic.twitter.com/kj9KlQ52BA""";;@thedailybeast;;9,15218E+17;https://twitter.com/katiezavadski/status/915217600690491393;
bigdaddybama;03/10/2017 11:05;0;0;Did the Army Football Team Kneel in Protest During the National Anthem? http://www. snopes.com/army-football- team-kneel-protest-national-anthem/ …;;;;9,15216E+17;https://twitter.com/bigdaddybama/status/915216223260041216;
wrrv;03/10/2017 10:50;0;0;Did Army Football Kneel in Protest During the National Anthem? http:// dlvr.it/Ps5nNY pic.twitter.com/0Mwe5yHtQA;;;;9,15213E+17;https://twitter.com/wrrv/status/915212504904560641;
hudsonvalleypst;03/10/2017 10:44;0;0;Did Army Football Kneel in Protest During the National Anthem? http:// dlvr.it/Ps5kMH pic.twitter.com/ikViOLo3Jk;;;;9,15211E+17;https://twitter.com/hudsonvalleypst/status/915210923756752896;
Andre_The_Gawd;03/10/2017 10:42;30;33;US army football team took a knee too.... are they thugs? pic.twitter.com/DFp1LdSsgu;;;;9,1521E+17;https://twitter.com/Andre_The_Gawd/status/915210429894463489;
WKNYRadio;03/10/2017 10:41;0;0;Did Army Football Kneel in Protest During the National Anthem? http:// dlvr.it/Ps5j3g pic.twitter.com/kyA4pD5sJG;;;;9,1521E+17;https://twitter.com/WKNYRadio/status/915210125366910977;
kbchatman71;03/10/2017 10:34;0;0;The US Army football team took a knee. So I guess they are not patriotic? pic.twitter.com/7qZlQld80Z;;;;9,15208E+17;https://twitter.com/kbchatman71/status/915208369065119744;
BlkGeezus70;03/10/2017 10:11;0;0;US Army football team, kneeling in support of the cause. https://www. instagram.com/p/BZyXsz_nMoFI 5SN5TTi95_9FDIG6Q7VXBe76yA0/ …;;;;9,15203E+17;https://twitter.com/BlkGeezus70/status/915202629017448448;
akvalley;03/10/2017 09:52;0;1;Did the Army Football team take a knee? Nope. http://www. snopes.com/army-football- team-kneel-protest-national-anthem/ … #TakeAKnee;;;#TakeAKnee;9,15198E+17;https://twitter.com/akvalley/status/915197979811893248;
thatsnonsense;03/10/2017 09:44;1;0;This photo does NOT show the US Army football team protesting. http://www. thatsnonsense.com/us-army-footba ll-team-kneel-protest-anthem-fact-check/ …;;;;9,15196E+17;https://twitter.com/thatsnonsense/status/915195910958796800;
jammopo2014;03/10/2017 09:36;0;0;When the Army football team taking a knee disrespect the flag? Their pledge is fight for & honor the Constitution not the flag.;;;;9,15194E+17;https://twitter.com/jammopo2014/status/915193963950301185;
BriRenee23;03/10/2017 09:29;0;5;How you teach , coach , mentor, play football , join the army , box , and all this other shit lol he was that nigha !! Knocking nighas out! pic.twitter.com/bHbxvTUU8j;;;;9,15192E+17;https://twitter.com/BriRenee23/status/915192056808706048;
Staf98568600;03/10/2017 09:15;0;0;"See Army football from this past weekend and get back to me about disrespecting the flag"" moron""";;;;9,15189E+17;https://twitter.com/Staf98568600/status/915188613905870848;
Staf98568600;03/10/2017 09:15;0;0;"See Army football from this past weekend and get back to me about disrespecting the flag""""";;;;9,15188E+17;https://twitter.com/Staf98568600/status/915188492241702914;
chesterbadger3;03/10/2017 09:00;0;1;Most kids were growing up collecting Matchbox cars, Plastic Army toys, Baseball or football cards. I was digging in garbage cans in back of;;;;9,15185E+17;https://twitter.com/chesterbadger3/status/915184773449920517;
teepenn44;03/10/2017 08:41;0;0;Gattusso. He should have been in the Red Army not on a football pitch. https:// twitter.com/FootyAccums/st atus/915170559574646785 …;;;;9,1518E+17;https://twitter.com/teepenn44/status/915180023459565568;
NWSD_FOOTBALL;03/10/2017 08:32;0;0;@Rivals @WPAFootball rocked #27 first few games & switched to #17 when his jersey came in. Jeremy is a Swiss army knife on offense! #GoCats https:// twitter.com/Dohanic/status /915033072004976641 …;;@Rivals @WPAFootball;#27 #17 #GoCats;9,15178E+17;https://twitter.com/NWSD_FOOTBALL/status/915177721545805824;
goblackknights;03/10/2017 08:27;1;6;FREE GBK Preview: Rice Owls #ArmyFootball #GoArmy #GoBlackKnights HEY FANS - IF YOU WANT MORE THAN JUST TWEETS http:// bit.ly/2hIKUla pic.twitter.com/saWJVhuCej;;;#ArmyFootball #GoArmy #GoBlackKnights;9,15176E+17;https://twitter.com/goblackknights/status/915176448402575360;
TheOtherTrigger;03/10/2017 08:17;0;0;Was in the army and thankfully enough my job didn’t have me front line. But when MELTS class a kick in the head during football brave MELT;;;;9,15174E+17;https://twitter.com/TheOtherTrigger/status/915173923733377025;
Skutch1tyme;03/10/2017 07:51;0;0;No one said anything about the Army football team though pic.twitter.com/PUFNGlKa6i;;;;9,15167E+17;https://twitter.com/Skutch1tyme/status/915167335345991681;
BGs_finest;03/10/2017 07:49;0;0;Lmaoooo RT @Baezjr_: Army football team takin a knee... is it still disrespecting the flag? pic.twitter.com/ZQEmqjooOb;;@Baezjr_;;9,15167E+17;https://twitter.com/BGs_finest/status/915166975315386368;
L0soJr;03/10/2017 07:14;4;11;Army football team takin a knee... is it still disrespecting the flag? pic.twitter.com/azTZ60rRZU;;;;9,15158E+17;https://twitter.com/L0soJr/status/915158007222276096;
diggalinie;03/10/2017 06:19;0;0;@maxkellerman @FirstTake I believe the army football took a knee Saturday. Are they patriotic?;;@maxkellerman @FirstTake;;9,15144E+17;https://twitter.com/diggalinie/status/915144370080362496;
turtlegirl1976;03/10/2017 06:19;2;3;So... when the US Army football team takes a knee during the anthem, are they being unpatriotic or nah?! #takeaknee http:// fb.me/6G7KHkbZ8;;;#takeaknee;9,15144E+17;https://twitter.com/turtlegirl1976/status/915144352476823552;
StrongerWiser;03/10/2017 05:03;0;0;US Army Football team takes a knee. Now what?! http:// fb.me/8YHFUvgIx;;;;9,15125E+17;https://twitter.com/StrongerWiser/status/915125079561900032;
CindyLStovall;03/10/2017 04:45;0;0;Army West Pointblack Knights vs Ohio State Buckeyes NCAA Football Live Stream – Ohio Sta... http:// upflow.co/l/1XKY pic.twitter.com/wpZMUbTyo9;;;;9,15121E+17;https://twitter.com/CindyLStovall/status/915120590054445056;
kohlmichaelkari;03/10/2017 03:47;1;1;Army West Point Football Team took a knee during the national anthem? Ohh how the tables have turned;;;;9,15106E+17;https://twitter.com/kohlmichaelkari/status/915106134964310016;
mamajzf;03/10/2017 03:21;0;0;Football players kneeling during anthem. Police, army reservists, first responders running toward gunfire. #whoarethepussies ?;;;#whoarethepussies;9,151E+17;https://twitter.com/mamajzf/status/915099545331048448;
TrueGina;03/10/2017 03:15;0;0;FACT CHECK: Did Army Football Team Kneel in Protest During the National Anthem? http:// fb.me/1HFhowfiz;;;;9,15098E+17;https://twitter.com/TrueGina/status/915098002162724864;
MilitDefence;03/10/2017 02:21;0;0;Did Army Football Team Kneel in Protest During National Anthem? - http:// snopes.com http:// dlvr.it/Ps1Kx3;;;;9,15084E+17;https://twitter.com/MilitDefence/status/915084384109158400;
ivorroy;03/10/2017 02:16;0;0;The US Army football team took a knee. So I wonder if they're patriotic?;;;;9,15083E+17;https://twitter.com/ivorroy/status/915083126459764737;
ElSpotto;03/10/2017 02:15;0;0;226 yeas ago, we had no standing army and expected every citizen to be armed and ready for militia duty. Not so today.;;;;9,15083E+17;https://twitter.com/ElSpotto/status/915082938320113664;
RickyRoshe;03/10/2017 01:57;0;0;US army football team kneeling you’re officially irrelevant pic.twitter.com/Kt3xokIGSl;;;;9,15078E+17;https://twitter.com/RickyRoshe/status/915078307804254209;
CindyLStovall;03/10/2017 01:44;0;1;Army Black Knights vs Ohio State Buckeyes College Football Live Stream – Week 3 – 16-Sep... http:// upflow.co/l/oXRV pic.twitter.com/AhDm00I1Gg;;;;9,15075E+17;https://twitter.com/CindyLStovall/status/915075169651232771;
Sue952;03/10/2017 01:44;0;0;Did the Army Football Team Kneel in Protest During the National Anthem? http://www. snopes.com/army-football- team-kneel-protest-national-anthem/ …;;;;9,15075E+17;https://twitter.com/Sue952/status/915075032728113153;
AustinGoss512;03/10/2017 01:40;0;1;ARMY Football team! Half of y'all who act like you're offended ain't served a day in your life!!! pic.twitter.com/78F6ZMN091;;;;9,15074E+17;https://twitter.com/AustinGoss512/status/915074140641492993;
Sanchez_Army;03/10/2017 01:11;0;0;Ive never been so pissed watching football as i was when they did that;;;;9,15067E+17;https://twitter.com/Sanchez_Army/status/915066767227052032;
DJenkins365;03/10/2017 01:10;5;4;National Review - THE U.S. ARMY ALL-AMERICAN BOWL & FOOTBALL UNIVERSITY ... https://www. youtube.com/watch?v=GMzhh7 B23Ao&feature=share …;;;;9,15067E+17;https://twitter.com/DJenkins365/status/915066555251249152;
gian__011;03/10/2017 00:47;0;0;"I liked a @YouTube video http:// youtu.be/Gm4MbTfbzfI?a College Football Pump Up // Seven Nation Army "" // 2017-2018 // ᴴᴰ //""";;@YouTube;;9,15061E+17;https://twitter.com/gian__011/status/915060718331887617;
ChiNewsBench;03/10/2017 00:45;0;0;Snopes Says Hoax!!! Did the Army Football Team Kneel in Protest During the National Anthem? (no) http://www. snopes.com/army-football- team-kneel-protest-national-anthem/ …;;;;9,1506E+17;https://twitter.com/ChiNewsBench/status/915060281876860928;
RadioInfluence;03/10/2017 00:00;3;6;Get a look into #AirForce , #Army , and #Navy football programs every week on @YardsandStripes https:// itunes.apple.com/us/podcast/yar ds-stripes-service-academy-football/id1269237756 …;;@YardsandStripes;#AirForce #Army #Navy;9,15049E+17;https://twitter.com/RadioInfluence/status/915048766356447233;
ArmySports;02/10/2017 23:31;0;0;ARMY REPORT CARD: UTEP http:// army.academywars.com/656/army-repor t-card-utep/ … #ArmyWP_ Football #ArmyFootball;;;#ArmyWP_ #ArmyFootball;9,15042E+17;https://twitter.com/ArmySports/status/915041659704012800;
SRLucie92;02/10/2017 23:19;0;1;No it's not Army football . But I'm pretty sure it is Navy praying together before the game.;;;;9,15039E+17;https://twitter.com/SRLucie92/status/915038689662775296;
CamdenCoSports;02/10/2017 23:13;14;40;#CamdenCounty Senior football players serve their community. Thank you Salvation Army Restoration Church for all you do! #camdenstrong pic.twitter.com/yStNcwaieS;;;#CamdenCounty #camdenstrong;9,15037E+17;https://twitter.com/CamdenCoSports/status/915036962070974464;
ukfansallday;02/10/2017 23:12;1;6;Football : Kentucky Commit Receives  Invitation to U.S. Army All-American Bowl http:// ukfansallday.com/2017/10/02/foo tball-kentucky-commit-receives-invitation-to-u-s-army-all-american-bowl/ … pic.twitter.com/k4Qq3EPCZC;;;;9,15037E+17;https://twitter.com/ukfansallday/status/915036727538012161;
VeejayVernon;02/10/2017 23:08;0;2;Entire Army football team took a knee during the national anthem!!' CASE CLOSED!!!! ITS NOT DISRESPECTING THE MILITARY.... SHUT UP NOW!!!;;;;9,15036E+17;https://twitter.com/VeejayVernon/status/915035687837040640;
mrpsha;02/10/2017 23:07;0;0;Did the Army Football Team Kneel in Protest During the National Anthem? http://www. snopes.com/army-football- team-kneel-protest-national-anthem/ …;;;;9,15036E+17;https://twitter.com/mrpsha/status/915035588620951552;
CatMom1955;02/10/2017 22:43;0;0;@WalshFreedom Uh oh, more ingrates. US Army Football team. They understand it, you don't pic.twitter.com/Sa5gSErlrR;;@WalshFreedom;;9,1503E+17;https://twitter.com/CatMom1955/status/915029562886692865;
umadafbruh;02/10/2017 22:42;0;0;@espn @CBSNews @NBCNews @CollegeGameDay it's funny not one network showed the Army football team kneeling. Because that would end the debate;;@espn @CBSNews @NBCNews @CollegeGameDay;;9,15029E+17;https://twitter.com/umadafbruh/status/915029200603684864;
okonomitaka;02/10/2017 22:39;0;0;@realDonaldTrump so you going to fire the US Army football team?;;@realDonaldTrump;;9,15029E+17;https://twitter.com/okonomitaka/status/915028564591837184;
PuertoRicanACN;02/10/2017 22:20;0;1;The US Army football team took a knee. So I wonder if they're patriotic? #IllWait #ArmyVet https://www. instagram.com/p/BZxGf62ggUb/;;;#IllWait #ArmyVet;9,15024E+17;https://twitter.com/PuertoRicanACN/status/915023797803249664;
Staf98568600;02/10/2017 22:20;0;1;"See Army football from this past weekend and get back to me about disrespecting the flag"" moron""";;;;9,15024E+17;https://twitter.com/Staf98568600/status/915023782951243776;
Staf98568600;02/10/2017 22:20;0;0;"See Army football from this past weekend and get back to me about disrespecting the flag"" moron""";;;;9,15024E+17;https://twitter.com/Staf98568600/status/915023722221883393;
Staf98568600;02/10/2017 22:19;0;0;"See Army football from this past weekend and get back to me about disrespecting the flag""""";;;;9,15023E+17;https://twitter.com/Staf98568600/status/915023425294520320;
gorrellmonpat;02/10/2017 21:47;1;0;@TeamTrump Are you gonna fire the Army Football Team since you claim the NFL is disrespecting the American Flag? pic.twitter.com/RelFJA2ABq;;@TeamTrump;;9,15015E+17;https://twitter.com/gorrellmonpat/status/915015463108825089;
thereallozada;02/10/2017 21:46;0;0;If you see a post saying Army football kneeling for pledge it's fake news we'd never do that. Duty, Honor, Country!;;;;9,15015E+17;https://twitter.com/thereallozada/status/915015190500007937;
klew_j;02/10/2017 21:43;1;2;ARMY Football team.....just going to leave this right here. pic.twitter.com/OwQMI1aqad;;;;9,15014E+17;https://twitter.com/klew_j/status/915014479460667392;
nate_smith0804;02/10/2017 21:43;92;281;Excited, blessed, and honored to say that I am committed to play football for Army #Kn18htClub #BeatNavy @CoachBateman @ArmyWP_ Football pic.twitter.com/DgmX7NLliK;;@CoachBateman @ArmyWP_;#Kn18htClub #BeatNavy;9,15014E+17;https://twitter.com/nate_smith0804/status/915014449370722304;
MitchMcConell;02/10/2017 21:37;0;0;Really? There were armies of gun-toting cops at my kid's high school football game? At the local dance? Wow...they were well-hidden, I guess.;;;;9,15013E+17;https://twitter.com/MitchMcConell/status/915012996681826304;
Scumbagking__;02/10/2017 21:33;0;0;So the army football took a knee let’s see what racist say now;;;;9,15012E+17;https://twitter.com/Scumbagking__/status/915011790597230594;
tomigoldnet;02/10/2017 21:27;1;5;US Army Football Team Took A Knee. There Goes That Spin About Patriotism, Disrespecting Our Troops, Flag, Anthem. #NuffSaid #TakeAKnee #USA pic.twitter.com/SpdTtj94FO;;;#NuffSaid #TakeAKnee #USA;9,1501E+17;https://twitter.com/tomigoldnet/status/915010263929286656;
MariaToorpakai;02/10/2017 21:10;1;13;Pak Gov and Army is all about cricket but they are forgetting that Waziristan is all about football and we have... http:// fb.me/6KdkfGcgi;;;;9,15006E+17;https://twitter.com/MariaToorpakai/status/915006046514663424;
Mom2Ian03;02/10/2017 20:36;0;0;Did the Army Football Team Kneel in Protest During the National Anthem? http://www. snopes.com/army-football- team-kneel-protest-national-anthem/ … Some I can agree with Snopes on;;;;9,14997E+17;https://twitter.com/Mom2Ian03/status/914997467942391810;
jakeanico4;02/10/2017 20:34;0;1;Also the Army football team wpuld never kneel for the Anthem;;;;9,14997E+17;https://twitter.com/jakeanico4/status/914997039423016965;
48Gailschwerdt;02/10/2017 20:26;0;0;US Army football team #TakeAKnee pic.twitter.com/VUZTm5C0Oi;;;#TakeAKnee;9,14995E+17;https://twitter.com/48Gailschwerdt/status/914994987418492930;
mrsbone73;02/10/2017 20:19;3;7;A photograph shows the Army football team kneeling in protest during the national… https://www. instagram.com/p/BZw4prKlPtP/;;;;9,14993E+17;https://twitter.com/mrsbone73/status/914993323387031552;
ProtestWatch;02/10/2017 20:17;0;0;Did Army Football Team Kneel in Protest During National Anthem? http:// prt.st/Pryx78 #Education #Entertainment #Featured pic.twitter.com/xexqWuzq4a;;;#Education #Entertainment #Featured;9,14993E+17;https://twitter.com/ProtestWatch/status/914992668379308032;
TommyGallucci;02/10/2017 20:14;0;2;The picture of the army football team taking a knee during the anthem is actually the navy football team praying before the anthem;;;;9,14992E+17;https://twitter.com/TommyGallucci/status/914992120322252801;
iCant_REID;02/10/2017 20:12;0;0;Army football team took a knee this weekend. Nobody is paying attention to that...;;;;9,14992E+17;https://twitter.com/iCant_REID/status/914991611435679744;
WashedJohnson;02/10/2017 20:11;4;1;Wait ARMY football team took a knee for the anthem?;;;;9,14991E+17;https://twitter.com/WashedJohnson/status/914991131578048512;
CoachGlasgow3;02/10/2017 20:06;0;3;If the US Army Football team can take a knee for the anthem then the rest of the world can wake up that doesn’t get it! Salute to these Men! pic.twitter.com/Kp5Uhd2qyl;;;;9,1499E+17;https://twitter.com/CoachGlasgow3/status/914990009475887108;
TonyAaronII;02/10/2017 20:02;0;1;So, when Army 's football team kneels during the anthem are they unpatriotic? #TakeAKnee #resist http:// fb.me/sNUVwt6l;;;#TakeAKnee #resist;9,14989E+17;https://twitter.com/TonyAaronII/status/914988925428609025;
mythmanjay;02/10/2017 19:24;0;0;Did the Army Football Team Kneel in Protest During the National Anthem? https:// goo.gl/fb/Zngbpy Really?;;;;9,14979E+17;https://twitter.com/mythmanjay/status/914979441759129601;
yoyobaba;02/10/2017 19:11;1;0;The US Army football team took a knee. So I wonder if they're patriotic? pic.twitter.com/hP4cdvKgfw;;;;9,14976E+17;https://twitter.com/yoyobaba/status/914976101037891584;
DaBurghSRH;02/10/2017 19:06;0;0;"RT  #Pitt Rice vs. Army - 10/7/17 College Football Pick, Odds, and Prediction http:// srhlink.com/PryMfl "" #SportsRoadhouse""";;;#Pitt #SportsRoadhouse;9,14975E+17;https://twitter.com/DaBurghSRH/status/914974828695764993;
PrioleauRa;02/10/2017 18:57;0;0;THE U.S. ARMY FOOTBALL TEAM http:// fb.me/108uleWG3;;;;9,14973E+17;https://twitter.com/PrioleauRa/status/914972572873306112;
PaytonApe;02/10/2017 18:55;1;2;THE US ARMY FOOTBALL TEAM TOOK A KNEE !! NOW SHUT THE FUCK UP AND FIX THIS FUCKING COUNTRY pic.twitter.com/qhU5mByVvq;;;;9,14972E+17;https://twitter.com/PaytonApe/status/914972173273575424;
zarinc777;02/10/2017 18:50;0;0;The USA Army Football Team took a knee. http:// fb.me/3hQeX0s3v;;;;9,14971E+17;https://twitter.com/zarinc777/status/914970803627753472;
SecuHoaxScams;02/10/2017 18:45;0;0;#Rumor or #Fact Did the Army Football Team Kneel in Protest During the National Anthem?: A photograph purportedly... http:// fb.me/2b113Ha1L;;;#Rumor #Fact;9,1497E+17;https://twitter.com/SecuHoaxScams/status/914969704749441024;
st4ent;02/10/2017 18:42;0;0;So is the Army football team being disrespectful? Unpatriotic? Are they sons of bitches that… https://www. instagram.com/p/BZwtcRpFshe/;;;;9,14969E+17;https://twitter.com/st4ent/status/914968981701840896;
vinnysgreen;02/10/2017 18:40;0;0;Did the Army Football Team Kneel in Protest During the National Anthem? http:// dlvr.it/Pry8Pb @snopes pic.twitter.com/EfezDSGjqR;;@snopes;;9,14968E+17;https://twitter.com/vinnysgreen/status/914968278753099776;
bocaraton123456;02/10/2017 18:38;0;0;Thanks Nikolai but can also get aic video go army hockey and football;;;;9,14968E+17;https://twitter.com/bocaraton123456/status/914967887974211584;
U_G_Nation;02/10/2017 18:36;0;0;So let's see who's gonna boycott the army football team! http:// fb.me/1hrVnRPNE;;;;9,14967E+17;https://twitter.com/U_G_Nation/status/914967277476474880;
HSB_RIP_BB;02/10/2017 18:28;0;0;Asking the same question in the picture. This is the US ARMY 'S FOOTBALL TEAM, Are they unpatriotic and... http:// fb.me/CZ4VWUKm;;;;9,14965E+17;https://twitter.com/HSB_RIP_BB/status/914965221751558144;
evaaa_marieee;02/10/2017 18:26;0;0;The US Army football team took a knee. So I wonder if they're patriotic? pic.twitter.com/DXDVKCf2rJ;;;;9,14965E+17;https://twitter.com/evaaa_marieee/status/914964730644779008;
MilitDefencenew;02/10/2017 18:24;0;0;Did Army Football Team Kneel in Protest During National Anthem? - http:// snopes.com http:// dlvr.it/Pry22t;;;;9,14964E+17;https://twitter.com/MilitDefencenew/status/914964349558571008;
PascoRevolution;02/10/2017 18:17;0;0;snopes: Did the Army Football Team Kneel in Protest During the National Anthem? https:// trib.al/pXQHC3o;;;;9,14963E+17;https://twitter.com/PascoRevolution/status/914962591570677761;
snopes;02/10/2017 18:14;8;7;Did the Army Football Team Kneel in Protest During the National Anthem? https:// trib.al/pXQHC3o;;;;9,14962E+17;https://twitter.com/snopes/status/914961790789914625;
Tongue_U_Down;02/10/2017 18:12;0;0;The US Army football team took a knee. So I wonder if they're patriotic? @realDonaldTrump pic.twitter.com/vfNZV13U63;;@realDonaldTrump;;9,14961E+17;https://twitter.com/Tongue_U_Down/status/914961268011921409;
iam_raph;02/10/2017 18:10;0;0;LMAO FIRST OF ALL, THIS IS NOT THE ARMY FOOTBALL TEAM. SECONDLY, ARMY FOOTBALL PLAYERS CANT EXERCISE FIRST AMENDMENT RIGHTS IN UNIFORM. STFU https:// twitter.com/thenflgirl320/ status/914955995251580928 …;;;;9,14961E+17;https://twitter.com/iam_raph/status/914960800896438272;
TheFaxFox;02/10/2017 18:10;0;0;Did the Army Football Team Kneel in Protest During the National Anthem? http:// bit.ly/2xbEM6U pic.twitter.com/N7caeLo60X;;;;9,14961E+17;https://twitter.com/TheFaxFox/status/914960732445388800;
DanaQueen69;02/10/2017 18:00;0;0;The Army Black Knights football team represents the United States Military Academy in college football .;;;;9,14958E+17;https://twitter.com/DanaQueen69/status/914958319223160832;
FactandMythCom;02/10/2017 17:51;0;0;Did the Army Football Team Kneel in Protest During the National Anthem? http:// ift.tt/2ySHAI1;;;;9,14956E+17;https://twitter.com/FactandMythCom/status/914956070371590144;
MarkSkers;02/10/2017 17:35;0;0;Army should always be strong on the ground. In football too. Identity!;;;;9,14952E+17;https://twitter.com/MarkSkers/status/914952050647224323;
M_Tarar;02/10/2017 17:23;0;0;I honestly don't get it. How could the army have told him to go easy on TTP while the latter were playing football with heads of soldiers?;;;;9,14949E+17;https://twitter.com/M_Tarar/status/914948899537858563;
AviusMe;02/10/2017 17:22;0;0;@realDonaldTrump US Army football team took a knee. So you're calling them unpatriotic? You're a fucking douche, man.;;@realDonaldTrump;;9,14949E+17;https://twitter.com/AviusMe/status/914948781388509185;
BRAVO214;02/10/2017 17:20;0;0;You are a repugnant moron. The protests have zero to do with troops idiot. This is the ARMY football team kneeling. pic.twitter.com/4hY2xxL0Nn;;;;9,14948E+17;https://twitter.com/BRAVO214/status/914948236263161856;
salinterdonato;02/10/2017 17:09;1;11;RECRUITING: Hanover Area (Pa.) junior lineman Justin Kopko visited #ArmyFootball Saturday pic.twitter.com/eayD5j7qzJ;;;#ArmyFootball;9,14946E+17;https://twitter.com/salinterdonato/status/914945532191281153;
gprice2424;02/10/2017 17:07;0;0;But he does everything (poorly) on the football field....he's a Swiss (rusty) Army knife.....extremely athletic (no real position)! #peppers;;;#peppers;9,14945E+17;https://twitter.com/gprice2424/status/914944826201841664;
Mr__Noel;02/10/2017 17:06;0;0;@TomiLahren the us army football team took a knee, anything left to say?;;@TomiLahren;;9,14945E+17;https://twitter.com/Mr__Noel/status/914944739774009345;
Chris_Holloway7;02/10/2017 17:00;0;0;Yep, that's the US Army Football Team pic.twitter.com/1CngUjV0cx;;;;9,14943E+17;https://twitter.com/Chris_Holloway7/status/914943266025463809;
ameer9521;02/10/2017 17:00;0;0;US Army football team drops the knee, yet you don't see this on TV. https://www. instagram.com/p/BZwhznoFRe8l bJJrWVj1NvcmuExZ7rLqJsNOjo0/ …;;;;9,14943E+17;https://twitter.com/ameer9521/status/914943090309378049;
CoolTweetHaver;02/10/2017 17:00;0;0;Dumbest tweets ranked: 1) If the army could get together a team of football players... 2) This 3) Berto: Women are a motherfucker https:// twitter.com/OuThomasMartin /status/914872908035616768 …;;;;9,14943E+17;https://twitter.com/CoolTweetHaver/status/914943081929150469;
tjz1100;02/10/2017 16:54;0;0;Hey look, the Army football team!! Traitors, off with their heads, etc. etc. pic.twitter.com/tLjJLD2bbT;;;;9,14942E+17;https://twitter.com/tjz1100/status/914941703169171456;
jackdavis8407;02/10/2017 16:37;2;1;US Army Football team take the knee. Are they unpatriotic and disrespecting the very flag they serve every day? #Istandwithkap #TakeTheKnee pic.twitter.com/BCiGCYoiJx;;;#Istandwithkap #TakeTheKnee;9,14937E+17;https://twitter.com/jackdavis8407/status/914937282033053697;
axarca;02/10/2017 16:22;0;0;US Army Football Team... <3 http:// fb.me/aMs5ob6QQ;;;;9,14934E+17;https://twitter.com/axarca/status/914933749204312065;
Dre_STL;02/10/2017 16:10;1;6;Look at these people who hate America oops that's the army football team pic.twitter.com/HJMze0xMsQ;;;;9,14931E+17;https://twitter.com/Dre_STL/status/914930729297092608;
DutchDirty11;02/10/2017 16:10;0;0;Didnt the us army football team just kneel during the anthem? Someone gimme answers;;;;9,14931E+17;https://twitter.com/DutchDirty11/status/914930556655124480;
BuckeyeLakeP;02/10/2017 16:06;0;0;Ohio State hype video for Army : 'Nothing like an angry football team' http:// fb.me/yljy67L2;;;;9,1493E+17;https://twitter.com/BuckeyeLakeP/status/914929703894568961;
Tuchie13;02/10/2017 16:05;0;0;So the army football team kneeing what y'all gonna say now;;;;9,14929E+17;https://twitter.com/Tuchie13/status/914929414634340357;
I_Got_It13;02/10/2017 16:04;0;1;So the army football team kneeing what y'all gonna say now;;;;9,14929E+17;https://twitter.com/I_Got_It13/status/914929196371185665;
RohammedAli;02/10/2017 15:52;0;0;There's a photo circulating claiming the Army football team kneeled during the anthem. I need more proof, it's just one photo that's unclear;;;;9,14926E+17;https://twitter.com/RohammedAli/status/914925962239737856;
SteveCavemanTuf;02/10/2017 15:43;0;0;Is it still disrespectful being that the army football themselves took a knee? Are they now not patriotic? Just asking for a friend https:// twitter.com/jojochase0903/ status/912842417711312896 …;;;;9,14924E+17;https://twitter.com/SteveCavemanTuf/status/914923708116029445;
Staf98568600;02/10/2017 15:42;0;0;"See Army football from this past weekend and get back to me about disrespecting the flag""""";;;;9,14924E+17;https://twitter.com/Staf98568600/status/914923667355774976;
SteveCavemanTuf;02/10/2017 15:42;0;0;The army football team took a knee yesterday tho... https:// twitter.com/genemarshall51 /status/912843035532283904 …;;;;9,14923E+17;https://twitter.com/SteveCavemanTuf/status/914923474002563072;
Staf98568600;02/10/2017 15:31;0;0;"See Army football from this past weekend and get back to me about disrespecting the flag""""";;;;9,14921E+17;https://twitter.com/Staf98568600/status/914920685096628225;
Staf98568600;02/10/2017 15:30;0;1;"See Army football from this past weekend and get back to me about disrespecting the flag""""";;;;9,14921E+17;https://twitter.com/Staf98568600/status/914920604146511873;
Staf98568600;02/10/2017 15:30;0;0;"See Army football from this past weekend and get back to me about disrespecting the flag""""";;;;9,14921E+17;https://twitter.com/Staf98568600/status/914920569417748481;
Staf98568600;02/10/2017 15:30;0;1;"See Army football from this past weekend and get back to me about disrespecting the flag""""";;;;9,14921E+17;https://twitter.com/Staf98568600/status/914920533652836353;
burneybrasil;02/10/2017 15:19;0;0;US Army Football Team #TakeAKnee pic.twitter.com/vO5nSpUfnp;;;#TakeAKnee;9,14918E+17;https://twitter.com/burneybrasil/status/914917732612788224;
MikeFossWXYZ;02/10/2017 15:16;0;0;#MACtion doubleheader on @CBSSportsNet October 14: 12:00 - @EMUFB at Army 3:30 - Akron at @WMU_ Football;;@CBSSportsNet @EMUFB @WMU_;#MACtion;9,14917E+17;https://twitter.com/MikeFossWXYZ/status/914917141354287106;
aimeet_powell;02/10/2017 15:16;0;2;*U.S Army Football Team taking a knee for PRAYER. Like an article said, Instead of taking a knee in protest, take two knees in prayer. https:// twitter.com/_om2/status/91 4865246799622144 …;;;;9,14917E+17;https://twitter.com/aimeet_powell/status/914916939155300353;
bfearr;02/10/2017 15:10;0;0;That is the U.S. Army football team, Trump! I guess they are unpatriotic, too!!! #flag #nfl … https://www. instagram.com/p/BZwVSoLAXE6/;;;#flag #nfl;9,14916E+17;https://twitter.com/bfearr/status/914915570201411584;
jinxi_2;02/10/2017 15:10;0;0;US Army football team. Are they unpatriotic? http:// fb.me/1naAXWOTv;;;;9,14916E+17;https://twitter.com/jinxi_2/status/914915551503310852;
DeLaCremeDC;02/10/2017 15:09;0;0;This is The US Army Football Team pic.twitter.com/F1MFXOZ5YV;;;;9,14915E+17;https://twitter.com/DeLaCremeDC/status/914915176859791360;
DeLaCremeDC;02/10/2017 15:08;0;0;#StandForOurAnthem #TakeTheKnee #TakeAKnee #StandForTheAnthem This is The US Army Football Team #USArmy pic.twitter.com/JRBCixo0eI;;;#StandForOurAnthem #TakeTheKnee #TakeAKnee #StandForTheAnthem #USArmy;9,14915E+17;https://twitter.com/DeLaCremeDC/status/914914943908147200;
Staf98568600;02/10/2017 15:06;0;0;"See Army football from this past weekend and get back to me about disrespecting the flag""""";;;;9,14914E+17;https://twitter.com/Staf98568600/status/914914381791678465;
Staf98568600;02/10/2017 15:05;0;0;"See Army football from this past weekend and get back to me about disrespecting the flag""""";;;;9,14914E+17;https://twitter.com/Staf98568600/status/914914320965914624;
cigarello_mello;02/10/2017 15:03;0;0;US Army football team... #takeaknee pic.twitter.com/YrAPizdV7m;;;#takeaknee;9,14914E+17;https://twitter.com/cigarello_mello/status/914913787144294400;
AyeJugg;02/10/2017 15:03;0;0;I told somebody the Army football team took a knee during the anthem. They looked surprised;;;;9,14914E+17;https://twitter.com/AyeJugg/status/914913663991078913;
ernmoe1;02/10/2017 14:56;0;0;@Kaepernick7 . US Army Football team pic.twitter.com/KXPTmCnA9M;;@Kaepernick7;;9,14912E+17;https://twitter.com/ernmoe1/status/914911904363110405;
Staf98568600;02/10/2017 14:55;0;1;"See Army football from this past weekend and get back to me about disrespecting the flag""""";;;;9,14912E+17;https://twitter.com/Staf98568600/status/914911699165175808;
Staf98568600;02/10/2017 14:48;0;0;"See Army football from this past weekend and get back to me about disrespecting the flag""""";;;;9,1491E+17;https://twitter.com/Staf98568600/status/914909928174833664;
Staf98568600;02/10/2017 14:45;0;0;"See Army football from this past weekend and get back to me about disrespecting the flag""""";;;;9,14909E+17;https://twitter.com/Staf98568600/status/914909139570167813;
TheAcornSports;02/10/2017 14:42;2;14;Football : Oaks Christian's Bo Calvert, a USC commit, is honored as a U.S. Army All-American on campus today. https:// twitter.com/OaksChristian/ status/914908039316086784 …;;;;9,14908E+17;https://twitter.com/TheAcornSports/status/914908476639457280;
Staf98568600;02/10/2017 14:41;0;0;Army football team kneeled during the anthem. Are they too disrespectful???????;;;;9,14908E+17;https://twitter.com/Staf98568600/status/914908242957959168;
Staf98568600;02/10/2017 14:40;0;0;"See Army football from this past weekend and get back to me about disrespecting the flag"" MORON""";;;;9,14908E+17;https://twitter.com/Staf98568600/status/914907836324433924;
Staf98568600;02/10/2017 14:35;0;0;"See Army football from this past weekend and get back to me about disrespecting the flag""""";;;;9,14907E+17;https://twitter.com/Staf98568600/status/914906592516112384;
Staf98568600;02/10/2017 14:34;0;0;"See Army football from this past weekend and get back to me about disrespecting the flag""""";;;;9,14907E+17;https://twitter.com/Staf98568600/status/914906533569482753;
Staf98568600;02/10/2017 14:33;0;0;"See Army football from this past weekend and get back to me about disrespecting the flag""""";;;;9,14906E+17;https://twitter.com/Staf98568600/status/914906197752451073;
Staf98568600;02/10/2017 14:31;0;0;"See Army football from this past weekend and get back to me about disrespecting the flag""""";;;;9,14906E+17;https://twitter.com/Staf98568600/status/914905627411013632;
Staf98568600;02/10/2017 14:29;0;0;"See Army football from this past weekend and get back to me about disrespecting the flag""""";;;;9,14905E+17;https://twitter.com/Staf98568600/status/914905078766739456;
Staf98568600;02/10/2017 14:26;0;0;"See Army football from this past weekend and get back to me about disrespecting the flag""""";;;;9,14904E+17;https://twitter.com/Staf98568600/status/914904433900867584;
Staf98568600;02/10/2017 14:25;0;2;"See Army football from this past weekend and get back to me about disrespecting the flag""""";;;;9,14904E+17;https://twitter.com/Staf98568600/status/914904240224645120;
Staf98568600;02/10/2017 14:25;0;0;"See Army football from this past weekend and get back to me about disrespecting the flag""""";;;;9,14904E+17;https://twitter.com/Staf98568600/status/914904193089069056;
Staf98568600;02/10/2017 14:25;0;0;"See Army football from this past weekend and get back to me about disrespecting the flag""""";;;;9,14904E+17;https://twitter.com/Staf98568600/status/914904082426552321;
kennyismr300;02/10/2017 14:21;0;0;I added a video to a @YouTube playlist http:// youtu.be/lCxeWxdQ0OU?a NCAA Football 2004 Army Dynasty S3 BG vs Toledo Rockets;;@YouTube;;9,14903E+17;https://twitter.com/kennyismr300/status/914903278189776899;
TIUSD;02/10/2017 14:21;2;2;US Army football team !!! pic.twitter.com/vdEMdlEZFq;;;;9,14903E+17;https://twitter.com/TIUSD/status/914903173202137088;
WesHeadThaGreat;02/10/2017 14:15;9;4;The whole Army football team kneeled during the national anthem this weekend. . I told y’all leave the military outta this lol;;;;9,14902E+17;https://twitter.com/WesHeadThaGreat/status/914901607153848320;
SheLoveThaDreds;02/10/2017 14:11;0;0;The entire Army football team kneeled.... this better fuccin end everything;;;;9,14901E+17;https://twitter.com/SheLoveThaDreds/status/914900580740554753;
goblackknights;02/10/2017 14:10;6;12;UPDATE: Safety prospect Avery Atkins talks Army game day experience #ArmyFootball #GoBlackKnights #GoArmy READ http:// bit.ly/2xaDzSj pic.twitter.com/FW3F5xfkd7;;;#ArmyFootball #GoBlackKnights #GoArmy;9,149E+17;https://twitter.com/goblackknights/status/914900448812851200;
GBNeal59;02/10/2017 14:08;0;0;The US Army football team took a knee. So I wonder if they're patriotic? http:// fb.me/yrERg01H;;;;9,149E+17;https://twitter.com/GBNeal59/status/914899957722812418;
jay_woolridge;02/10/2017 14:03;2;4;@ShannonSharpe US Army football team takes a knee. Military folks supporting the cause. No disrespect. Tribute. Educate @raylewis please. pic.twitter.com/7UUTusydo2;;@ShannonSharpe @raylewis;;9,14899E+17;https://twitter.com/jay_woolridge/status/914898744562323456;
ValhallaWCC;02/10/2017 14:03;0;0;"#MondayMotivation Army can pass, too; Black Knights 35-21 over UTEP http:// dlvr.it/Prvlrt #Football #fitness";;;#MondayMotivation #Football #fitness;9,14899E+17;https://twitter.com/ValhallaWCC/status/914898636009377792;
Ceddygc;02/10/2017 14:03;2;5;Who is that ? Is that the ... no it can’t be the US army football team taking a knee .. NOOO pic.twitter.com/QUx8kvUy5G;;;;9,14899E+17;https://twitter.com/Ceddygc/status/914898617693032448;
BRAVO214;02/10/2017 13:59;1;1;This is the ARMY football team. Are they unpatriotic trash as well? pic.twitter.com/335BziUFEJ;;;;9,14898E+17;https://twitter.com/BRAVO214/status/914897724474118144;
J_Fonte28;02/10/2017 13:57;0;0;Say Jake if you read this, please explain why no news on Army football taking a knee. Where is CNN? https:// twitter.com/jaketapper/sta tus/914890006002589696 …;;;;9,14897E+17;https://twitter.com/J_Fonte28/status/914897067528638466;
DJGoldyi601;02/10/2017 13:30;0;0;US Army Football team....now y'all can find another excuse http:// fb.me/6FomsKCrN;;;;9,1489E+17;https://twitter.com/DJGoldyi601/status/914890297729011712;
Claret_Army;02/10/2017 13:24;1;1;"Yes, I suppose technically it's non League"" as in The Football League.""";;;;9,14889E+17;https://twitter.com/Claret_Army/status/914888793764847622;
AfroGypsiMystik;02/10/2017 13:22;0;0;Which team is this again? Oh that's right... The US Army football team! Unpatriotic? Nah, because they know... http:// fb.me/8QleMc0Pd;;;;9,14888E+17;https://twitter.com/AfroGypsiMystik/status/914888411835764736;
pnegron1077;02/10/2017 13:14;0;0;Can someone address the elephant in the room?? Isn't this Army football on one knee does that make them unpatriotic?? pic.twitter.com/I8URLBymS7;;;;9,14886E+17;https://twitter.com/pnegron1077/status/914886245108600833;
pnegron1077;02/10/2017 13:12;0;0;@TomiLahren Can someone address the elephant in the room?? Isn't this Army football on one knee does that make them unpatriotic?? pic.twitter.com/8UMH1ZmZY5;;@TomiLahren;;9,14886E+17;https://twitter.com/pnegron1077/status/914885912580038657;
cahyey0820;02/10/2017 12:58;0;2;I salute the US Army football team for taking a knee. pic.twitter.com/JKQsBuGquH;;;;9,14882E+17;https://twitter.com/cahyey0820/status/914882245059629056;
Dan_T_Head;02/10/2017 12:48;0;0;#ArmyFootball P(wins)! I forgot to put this in Sunday's write-up. #GoArmy #BeatRice Some thoughts below: pic.twitter.com/mXaywMCNdv;;;#ArmyFootball #GoArmy #BeatRice;9,1488E+17;https://twitter.com/Dan_T_Head/status/914879670532878338;
virginiaVale2;02/10/2017 12:44;0;1;Army football team #solute lets talk about the disrespect , #nope lets talk bout why they kneeling http:// fb.me/DauIIPF2;;;#solute #nope;9,14879E+17;https://twitter.com/virginiaVale2/status/914878683491520512;
J_Fonte28;02/10/2017 12:43;3;3;Has anyone seen comments or photos of Army football team taking a knee? Why is it not all over news?;;;;9,14878E+17;https://twitter.com/J_Fonte28/status/914878401810505728;
jerryehudson;02/10/2017 12:37;1;0;@realDonaldTrump This is the US Army football team. Sup? pic.twitter.com/PP7UWaKy8S;;@realDonaldTrump;;9,14877E+17;https://twitter.com/jerryehudson/status/914876963780624384;
jerryehudson;02/10/2017 12:36;0;0;@realDonaldTrump This the US Army football team. Sup?;;@realDonaldTrump;;9,14877E+17;https://twitter.com/jerryehudson/status/914876678068781058;
Staf98568600;02/10/2017 12:22;0;0;See Army football from this weekend. Then get back to me.;;;;9,14873E+17;https://twitter.com/Staf98568600/status/914873137979944961;
Staf98568600;02/10/2017 12:21;0;0;See Army football from this weekend. Then get back to me.;;;;9,14873E+17;https://twitter.com/Staf98568600/status/914873097165078530;
Staf98568600;02/10/2017 12:21;0;0;See Army football from this weekend. Then get back to me.;;;;9,14873E+17;https://twitter.com/Staf98568600/status/914873055356342272;
Staf98568600;02/10/2017 12:21;0;0;See Army football from this weekend. Then get back to me.;;;;9,14873E+17;https://twitter.com/Staf98568600/status/914873013086117888;
Staf98568600;02/10/2017 12:21;0;0;See: Army football .;;;;9,14873E+17;https://twitter.com/Staf98568600/status/914872868206456832;
Bran_dino5;02/10/2017 12:14;1;0;This is the US Army football team !! so stop saying they disrespecting a flag when it’s deeper than that. https:// twitter.com/_om2/status/91 4865246799622144 …;;;;9,14871E+17;https://twitter.com/Bran_dino5/status/914871176861798400;
ParadiseGray;02/10/2017 12:09;0;1;The US Army football team took a knee. So I wonder if they're patriotic? http:// fb.me/2l8ysWbDa;;;;9,1487E+17;https://twitter.com/ParadiseGray/status/914870057792102401;
VT_alumni;02/10/2017 12:00;2;32;U.S. Army Capt. Nate Bier (history '11) was selected as the Hokie Hero for Saturday’s football game against Clemson. http:// ow.ly/DpQI30fzKVn pic.twitter.com/IW3HkBA7kS;;;;9,14868E+17;https://twitter.com/VT_alumni/status/914867691009269761;
BRAVO214;02/10/2017 11:49;0;0;This is the ARMY football team kneeling. Are they unpatriotic also? pic.twitter.com/gEVqlLB9ds;;;;9,14865E+17;https://twitter.com/BRAVO214/status/914864845513723905;
CorkyG719;02/10/2017 11:43;0;0;@realDonaldTrump I guess these guys disrespecting military too US Army football kneeling for national anthem pic.twitter.com/5zSjIiSjTj;;@realDonaldTrump;;9,14863E+17;https://twitter.com/CorkyG719/status/914863406292729856;
Mitchies4;02/10/2017 11:38;1;7;And what a brilliant job you have done Graham. A truly committed member of the Army Football team - putting others first. Thank you.;;;;9,14862E+17;https://twitter.com/Mitchies4/status/914862171586166789;
HarrisShaniece;02/10/2017 11:34;0;0;US ARMY FOOTBALL TEAM KNEELING ARE THEY UNPATRIOTIC??? hell the FUCK NO THEY ARE NOT pic.twitter.com/w7VDObKosY;;;;9,14861E+17;https://twitter.com/HarrisShaniece/status/914861111790456834;
throwback42;02/10/2017 11:30;1;1;U.S Army Football taking a knee pic.twitter.com/xvUhuz4HHn;;;;9,1486E+17;https://twitter.com/throwback42/status/914860183230275584;
_ShadShad_;02/10/2017 11:20;1;0;Also the Army football team took a knee and prayed. What does that make them??? If they are a football team for one of the branches????;;;;9,14858E+17;https://twitter.com/_ShadShad_/status/914857749753810944;
collegefoot_age;02/10/2017 11:13;0;0;Rice vs. Army - 10/7/17 College Football Pick, Odds, and Prediction http:// ift.tt/2xODyQX #collegefootball;;;#collegefootball;9,14856E+17;https://twitter.com/collegefoot_age/status/914855905329639430;
Prvnce_B;02/10/2017 11:00;0;1;So... we gonna ignore and not talk about the U.S Army Football team taking a knee or....? #TakeAKnee;;;#TakeAKnee;9,14853E+17;https://twitter.com/Prvnce_B/status/914852693977571329;
rajksdhoni;02/10/2017 10:53;0;2;Now its football time...this is also Indian team. Support them as much as u back cricket team... go blue army ,,jeet lo duniya;;;;9,14851E+17;https://twitter.com/rajksdhoni/status/914850771027484673;
AttencaoNews;02/10/2017 10:34;0;0;Men of the Nigerian and Biafran Army ceased battle for a while and listened to a radio football commentary. Segun Odegbami #ThePlatform;;;#ThePlatform;9,14846E+17;https://twitter.com/AttencaoNews/status/914846158748573696;
karrmr;02/10/2017 10:33;0;0;Rice vs. Army - 10/7/17 College Football Pick, Odds, and Prediction - Sports Chat Place http:// po.st/qEnKDy via @po_st;;@po_st;;9,14846E+17;https://twitter.com/karrmr/status/914845797459652608;
prophet_celeste;02/10/2017 10:24;0;0;U.S. Army football team, is this unpatriotic...asking for a friend pic.twitter.com/MkCel6RINt;;;;9,14843E+17;https://twitter.com/prophet_celeste/status/914843432459304960;
pu_gli;02/10/2017 10:15;0;1;YAAAAY! Altho maybe he didnt go to the army because he fell during football game in highschool.;;;;9,14841E+17;https://twitter.com/pu_gli/status/914841162921340930;
Fatdaddyttc;02/10/2017 09:43;0;0;This is the US Army Football team taking a knee! They are our troops… https://www. instagram.com/p/BZvv1LhH1Cqf q68EDN2-t8dSd0pBBNJbTQ452k0/ …;;;;9,14833E+17;https://twitter.com/Fatdaddyttc/status/914833195824291841;
J_Griff92;02/10/2017 09:37;1;3;Steelers win, Army Wins, and Patriots lose. Yeah, definitely a good weekend for football .;;;;9,14832E+17;https://twitter.com/J_Griff92/status/914831622884794368;
VikkiRoss24;02/10/2017 09:36;0;0;@SteveHarveyFM US Army Military academy/ University of Florida football teams pic.twitter.com/VMgJM1oIrY;;@SteveHarveyFM;;9,14831E+17;https://twitter.com/VikkiRoss24/status/914831338313850885;
Ogsongod;02/10/2017 09:34;0;0;US Army football team taking a knee wonder if Trump agrees pic.twitter.com/TzVAVzQ3VV;;;;9,14831E+17;https://twitter.com/Ogsongod/status/914831069840592896;
VikkiRoss24;02/10/2017 09:33;1;2;US Army Military Academy football team pic.twitter.com/hxJP1jyYLa;;;;9,14831E+17;https://twitter.com/VikkiRoss24/status/914830688792268800;
mbart1990;02/10/2017 09:28;0;0;Army highlights. GO ARMY ! #ArmyFootball https:// twitter.com/ArmyWP_Footbal l/status/914509825064792066 …;;;#ArmyFootball;9,14829E+17;https://twitter.com/mbart1990/status/914829415623921669;
Dre_STL;02/10/2017 09:21;0;7;I imagine this is a huge problem being the army football team took a knee who can be more unpatriotic then the people who are fighting pic.twitter.com/Z3MtJGkSGh;;;;9,14828E+17;https://twitter.com/Dre_STL/status/914827709590659072;
AyooRAD;02/10/2017 09:20;0;0;@realDonaldTrump The US Army football team took a knee, are they being unpatriotic as well? pic.twitter.com/U1DQcn4rUT;;@realDonaldTrump;;9,14827E+17;https://twitter.com/AyooRAD/status/914827497161629696;
EThomp21;02/10/2017 09:17;0;1;would people's brains explode if the Army football team kneeled during the national anthem?;;;;9,14827E+17;https://twitter.com/EThomp21/status/914826715716780032;
passions162002;02/10/2017 09:17;9;17;@realDonaldTrump this is the US Army football team. What tweet will you send out for them? What name will you call these men who took a knee pic.twitter.com/IOIoc0deQL;;@realDonaldTrump;;9,14827E+17;https://twitter.com/passions162002/status/914826674486829056;
JosephQ40567391;02/10/2017 09:08;0;0;@ShannonSharpe what do you think about the Army football team kneeling during the national anthem? What the patriots saying about that?;;@ShannonSharpe;;9,14824E+17;https://twitter.com/JosephQ40567391/status/914824369414819840;
ryancmack;02/10/2017 09:00;1;4;Except te US Army football team...I guess you want to call them anti patriots now? pic.twitter.com/Zae6A5tQMD;;;;9,14822E+17;https://twitter.com/ryancmack/status/914822488214982657;
Sownd9721;02/10/2017 08:52;0;0;@RickeySmiley US army football team taking a knee. https://www. facebook.com/photo.php?fbid =1995145507408353&set=gm.312702209209876&type=3 … #DonaldTrump any tweet is on this?;;@RickeySmiley;#DonaldTrump;9,1482E+17;https://twitter.com/Sownd9721/status/914820366094278656;
KL78752840;02/10/2017 08:51;0;0;https:// goo.gl/images/uoL8i4 . U.S. Army football team takes a knee. Someone tell them they are unpatriotic!;;;;9,1482E+17;https://twitter.com/KL78752840/status/914820095502938112;
KL78752840;02/10/2017 08:51;0;1;https:// goo.gl/images/uoL8i4 . U.S. Army football team takes a knee. Someone tell them they are unpatriotic!;;;;9,1482E+17;https://twitter.com/KL78752840/status/914820030298300417;
KL78752840;02/10/2017 08:50;0;1;https:// goo.gl/images/uoL8i4 . U.S. Army football team takes a knee. Someone tell them they are unpatriotic!;;;;9,1482E+17;https://twitter.com/KL78752840/status/914819937880899584;
KL78752840;02/10/2017 08:47;0;0;https:// goo.gl/images/uoL8i4 . U.S. Army football team takes a knee. Someone tell them they are unpatriotic!;;;;9,14819E+17;https://twitter.com/KL78752840/status/914819129814736896;
goblackknights;02/10/2017 08:43;3;10;Monday Morning Quarterback Analysis: Army -UTEP #GoArmy #ArmyFootball FOR ARMY FANS THAT WANT MORE THAN JUST TWEETS http:// bit.ly/2kenuoq pic.twitter.com/pQLhSVOBg2;;;#GoArmy #ArmyFootball;9,14818E+17;https://twitter.com/goblackknights/status/914818183114231808;
AriaRazfar;02/10/2017 08:39;0;1;The whole U.S. Army football team. #TakeTheKnee https:// twitter.com/vegassoul/stat us/914700761690292224 …;;;#TakeTheKnee;9,14817E+17;https://twitter.com/AriaRazfar/status/914816988983283713;
Sloan0313;02/10/2017 08:31;0;0;But the whole Army football team kneeled https:// twitter.com/aaronjcarpente r/status/914317007096512512 …;;;;9,14815E+17;https://twitter.com/Sloan0313/status/914815158966505473;
dutchydevries;02/10/2017 08:28;0;0;As good as it was seeing the yellow & black army rewarded with a premiership the return of James Hird to the football world was fantastic.;;;;9,14814E+17;https://twitter.com/dutchydevries/status/914814233711222785;
jairogers3;02/10/2017 07:25;0;0;Army Football Team pic.twitter.com/dvgXYtlutE;;;;9,14799E+17;https://twitter.com/jairogers3/status/914798596163346432;
tobypriceis;02/10/2017 07:23;1;0;This is the US Army football team. are they disrespecting the military? https:// twitter.com/stacysfunny/st atus/914677824107241478 …;;;;9,14798E+17;https://twitter.com/tobypriceis/status/914798091265560576;
1007WHUD;02/10/2017 07:15;1;0;Army football ! http:// fb.me/uj7AauKh;;;;9,14796E+17;https://twitter.com/1007WHUD/status/914796092541325312;
blackchild140;02/10/2017 07:13;0;0;@cnn with the Army football team showing such leadership by kneeling. Shouldn't the media really push the facts behind the kneel we vets;;@cnn;;9,14796E+17;https://twitter.com/blackchild140/status/914795529149800448;
jjones3575;02/10/2017 06:57;0;0;this is the U.S. Army football team! THIS SAYS IT ALL! http:// fb.me/45WZrOaIn;;;;9,14792E+17;https://twitter.com/jjones3575/status/914791553163436032;
crenee198180;02/10/2017 06:56;0;0;Ummm so why did the army football team take a knee.. I am just say are they unpatriotic ? Lol smh know the history of getting on the knee..;;;;9,14791E+17;https://twitter.com/crenee198180/status/914791160266321920;
AukeHoekstra;02/10/2017 06:15;0;1;I can find links to Army football teams kneeling. Hard to imagine they mean to express disrespect for their fallen comrades.;;;;9,14781E+17;https://twitter.com/AukeHoekstra/status/914780963409973248;
rbertbert;02/10/2017 06:13;0;0;@realDonaldTrump This is the U.S. Army Football Team that DID #TakeAKnee pic.twitter.com/PbUu1tutaE;;@realDonaldTrump;#TakeAKnee;9,1478E+17;https://twitter.com/rbertbert/status/914780444071165954;
holidayhqteam;02/10/2017 05:49;1;0;"Nike West Point Football "" Army Black Knights 2XL BRAND NEW shirt XXL NWT NCAA http:// rover.ebay.com/rover/1/711-53 200-19255-0/1?ff3=2&toolid=10039&campid=5337668069&item=322566894948&vectorid=229466&lgeo=1 …""";;;;9,14774E+17;https://twitter.com/holidayhqteam/status/914774287369801728;
lisrancobi2553;02/10/2017 04:58;0;0;The US Army football team took a knee. So I wonder if they're patriotic? https://www. instagram.com/p/BZvPO7dgCOg/;;;;9,14762E+17;https://twitter.com/lisrancobi2553/status/914761513579290624;
APBNOVA;02/10/2017 04:45;0;3;The whole army college football team took a knee? #CaseClosed;;;#CaseClosed;9,14758E+17;https://twitter.com/APBNOVA/status/914758112854159362;
KarenAStandDow;02/10/2017 04:16;0;4;The US Army Football team kneels in Solidarity. pic.twitter.com/QRgHKDY0ZZ;;;;9,14751E+17;https://twitter.com/KarenAStandDow/status/914750905639153664;
Varshayy;02/10/2017 03:47;0;3;Fact that the Army football team even took a knee is wow;;;;9,14744E+17;https://twitter.com/Varshayy/status/914743560108412928;
tetsuki;02/10/2017 03:12;0;0;That’s a crock of shit. Example. US army football team took a knee during the anthem. My fiancé fought for the right for them to do so. https:// twitter.com/usmc___/status /914729938707677184 …;;;;9,14735E+17;https://twitter.com/tetsuki/status/914734878679339008;
MrThotober;02/10/2017 03:04;0;0;Army football team took a knee during the anthem... uh oh;;;;9,14733E+17;https://twitter.com/MrThotober/status/914732796077395969;
MzKivaDaLeoDiva;02/10/2017 02:40;0;1;The Army football team took a knee Patriotic or No? pic.twitter.com/VBThZO3Zjb;;;;9,14727E+17;https://twitter.com/MzKivaDaLeoDiva/status/914726817663156224;
obsidian468;02/10/2017 02:39;0;1;Whoops! The entire Army football team took a knee. Maybe they all had to tie their shoes. They couldn't be unpatriotic, could they? pic.twitter.com/NzYLCJrtjq;;;;9,14726E+17;https://twitter.com/obsidian468/status/914726408701833216;
relombardo3;02/10/2017 01:59;100;153;U.S. Army Football Taking A Team Kneel. #KneelNFL #TakeTheKnee #KaepernickIsAHero #BlackLivesMatter #Solidarity #KNEELForOurAnthem #Knee pic.twitter.com/H47m5RybA8;;;#KneelNFL #TakeTheKnee #KaepernickIsAHero #BlackLivesMatter #Solidarity #KNEELForOurAnthem #Knee;9,14716E+17;https://twitter.com/relombardo3/status/914716426354663424;
Arlow09;02/10/2017 01:54;5;16;#Seahawks Proud army vet here! Proud Seahawks fan! Army football team took a knee!!! Its not about the flag or anthem!!! #TakeAKnee ! pic.twitter.com/eEqT76ZPt5;;;#Seahawks #TakeAKnee;9,14715E+17;https://twitter.com/Arlow09/status/914715082168217600;
AMATICgotBEATS;02/10/2017 01:53;0;0;What's TRUMP gonna say about this?!?! This is THE ARMY ACADEMY FOOTBALL TEAM. #SAYWORD #SALUTE #TRUTH #DEEP http:// fb.me/37XlThuKD;;;#SAYWORD #SALUTE #TRUTH #DEEP;9,14715E+17;https://twitter.com/AMATICgotBEATS/status/914715009166512128;
AtlantisSays;02/10/2017 01:46;0;0;If the army football team took a knee during the anthem I assume there would be more than one pic.;;;;9,14713E+17;https://twitter.com/AtlantisSays/status/914713201991761920;
giantcu92;02/10/2017 01:44;0;0;The pic is being portrayed as, hey, the “ Army ” football team is taking a knee, I’d like to see someone attack their patriotism.;;;;9,14713E+17;https://twitter.com/giantcu92/status/914712599882760192;
Vbiii241;02/10/2017 01:37;1;1;They also missed the Army football team taking a lnee this weekend. Conservative MSM won't report on it.;;;;9,14711E+17;https://twitter.com/Vbiii241/status/914710977203130369;
QTheProphet;02/10/2017 01:36;13;15;@realDonaldTrump Well it looks like the US Army Football Team is doing like the NFL. Taking a knee during the national anthem. pic.twitter.com/vEwtGbwyi1;;@realDonaldTrump;;9,14711E+17;https://twitter.com/QTheProphet/status/914710660654800896;
Vbiii241;02/10/2017 01:26;1;1;@CNN Interesting you lie in your report about NFL protest this wk. Also interesting you say nothing about Army football team taking a knee.;;@CNN;;9,14708E+17;https://twitter.com/Vbiii241/status/914708201731497984;
guapmom4000;02/10/2017 01:24;5;5;the us army WHOLE football team kneeled during the national anthem. do y’all still think it has something to do with “ respect for soldiers”;;;;9,14708E+17;https://twitter.com/guapmom4000/status/914707688617017344;
DeeFooBlast;02/10/2017 01:19;1;4;The Army ’s football team. They must be unpatriotic too pic.twitter.com/uiCrbVyvKq;;;;9,14706E+17;https://twitter.com/DeeFooBlast/status/914706261245018112;
SportsFirstLK;02/10/2017 01:18;0;0;Football League 2017 SL Army SC Vs Pelicans SC (1-0) SL Army defeated Pelicans by 1-0. H.D. Madushanka scored... http:// fb.me/3kvI5hLt3;;;;9,14706E+17;https://twitter.com/SportsFirstLK/status/914706174280429568;
MarlaPondEcho;02/10/2017 01:17;0;0;US Army football team rakes the knee http:// fb.me/1hyDBZx9B;;;;9,14706E+17;https://twitter.com/MarlaPondEcho/status/914705979274653697;
coling68;02/10/2017 01:16;0;0;The US Army football team took a knee. So I wonder if they're patriotic? Hahahaha;;;;9,14706E+17;https://twitter.com/coling68/status/914705741755191296;
CrimsonFit21;02/10/2017 01:12;1;2;The U. S. Army Football Team #TakeAKnee pic.twitter.com/OtDgIMCnrd;;;#TakeAKnee;9,14705E+17;https://twitter.com/CrimsonFit21/status/914704608555040768;
Vbiii241;02/10/2017 01:06;1;5;Army 's football team took a knee this weekend.;;;;9,14703E+17;https://twitter.com/Vbiii241/status/914703204742508546;
GreywolfBeth;02/10/2017 01:04;0;0;The US National ARMY !!!!! football team? What's ur fucking excuse now? There isn't one, racism… https://www. instagram.com/p/BZu0eAWAtIK/;;;;9,14703E+17;https://twitter.com/GreywolfBeth/status/914702658115686401;
Vbiii241;02/10/2017 00:59;1;9;Found another football team full of ingrates that took a knee this weekend..... Army . I guess they are anti Flag and anti vets....SMH;;;;9,14701E+17;https://twitter.com/Vbiii241/status/914701393059024896;
chest_flattener;02/10/2017 00:58;0;0;so does this have to do with the bulgarian army 's football club? nice... and they seem so unrelated to football , awesome;;;;9,14701E+17;https://twitter.com/chest_flattener/status/914701138217201664;
premisedaMC;02/10/2017 00:58;3;6;That's the army football team pic.twitter.com/VKpEAmZ1Fu;;;;9,14701E+17;https://twitter.com/premisedaMC/status/914700997901111296;
vegassoul;02/10/2017 00:57;17;48;U S Army football team takes a knee...so what’s your point? pic.twitter.com/D6zVCQ4jSJ;;;;9,14701E+17;https://twitter.com/vegassoul/status/914700761690292224;
BigWhiskey870;02/10/2017 00:55;0;0;Army football team took a knee;;;;9,147E+17;https://twitter.com/BigWhiskey870/status/914700270021627904;
CRNHealthcare;02/10/2017 00:54;2;2;The US Army football team took a knee. So I wonder if they're patriotic? http:// fb.me/2cVIHVzl3;;;;9,147E+17;https://twitter.com/CRNHealthcare/status/914700049162149890;
Syn_DaSongstres;02/10/2017 00:53;0;1;The UNITED STATES ARMY football team #KneelingForJustice .. so are they http:// S.O.Bs that need to be… https://www. instagram.com/p/BZuzOM7FuKR/;;;#KneelingForJustice;9,147E+17;https://twitter.com/Syn_DaSongstres/status/914699917700079616;
noregrets2914;02/10/2017 00:52;0;0;@realDonaldTrump what do you think of the US Army Football team? pic.twitter.com/f0far71hgy;;@realDonaldTrump;;9,147E+17;https://twitter.com/noregrets2914/status/914699579098107904;
premisedaMC;02/10/2017 00:30;5;5;I seen this on @instagram is the army football team u patriotic? #TakeAKnee #TakeTheKnee @realDonaldTrump u wanna take their scholarships pic.twitter.com/qT4VtEKZ0Y;;@instagram @realDonaldTrump;#TakeAKnee #TakeTheKnee;9,14694E+17;https://twitter.com/premisedaMC/status/914694012874915840;
mikeventura;02/10/2017 00:26;2;1;In case you missed it - the US Army football team took a knee. http:// fb.me/3S3qyvMIj;;;;9,14693E+17;https://twitter.com/mikeventura/status/914693067160121344;
mouseferatu;02/10/2017 00:22;1;1;"Sorry, guys. Much as I wanted it to be true, I'm seeing too much evidence that the  Army football team"" story wasn't on the level. :-(""";;;;9,14692E+17;https://twitter.com/mouseferatu/status/914692040763559936;
CastleBoyRaw;02/10/2017 00:20;0;0;So what's the disrespect ppl are saying... So is the US Army football team disrespecting the… https://www. instagram.com/p/BZuvYu4ne6X/;;;;9,14691E+17;https://twitter.com/CastleBoyRaw/status/914691498469462016;
nodns;02/10/2017 00:15;0;0;RT @wynter_simone95 The US Army Football Team Kneeling https://twitter.com/wynter_simone95/status/914666497515147264/photo/1 pic.twitter.com/XzrvSBKDgm;;@wynter_simone95;;9,1469E+17;https://twitter.com/nodns/status/914690243818700800;
mrdenny;02/10/2017 00:14;3;1;"So, about the whole  football players don't understand the flag"" argument";" I present the US Army team. https:// twitter.com/wynter_simone9 5/statuses/914685914684596225 …""";;;;9,1469E+17;https://twitter.com/mrdenny/status/914689915522244608
crdavis347;01/10/2017 23:56;1;2;@realDonaldTrump looks someone needs to fire these unpatriotic US army football players #TakeAKnee https:// twitter.com/wynter_simone9 5/status/914666497515147264 …;;@realDonaldTrump;#TakeAKnee;9,14686E+17;https://twitter.com/crdavis347/status/914685574509932547;
AusareOne;01/10/2017 23:54;0;0;History! U.S. army football team takes a knew during national anthem @kaepernick7 #respect #RNS … https://www. instagram.com/p/BZusfD9H1Y6/;;@kaepernick7;#respect #RNS;9,14685E+17;https://twitter.com/AusareOne/status/914685101669339137;
HighOnAWeekday;01/10/2017 23:48;13;19;So now what all you there disrespecting the flag troops ect what y'all got to say now the army football team taking a knee pic.twitter.com/geLKfbYueX;;;;9,14683E+17;https://twitter.com/HighOnAWeekday/status/914683404658069504;
JohnTartaglia;01/10/2017 23:43;0;1;It's simple: check out the schedule of US Army Football this season, their uniforms of choice and where they played. Also no article related;;;;9,14682E+17;https://twitter.com/JohnTartaglia/status/914682317293211648;
643dp;01/10/2017 23:43;0;0;Like the Army College Football team???;;;;9,14682E+17;https://twitter.com/643dp/status/914682203795161088;
SunTzuTech;01/10/2017 23:26;23;73;The Army college football team kneeled yesterday;;;;9,14678E+17;https://twitter.com/SunTzuTech/status/914678063773954048;
OnassisHa36;01/10/2017 23:19;2;10;So NO OUTRAGE for the ARMY FOOTBALL TEAM..can't possibly call them UN- .., the pledge to defend the constitution not the FLAG;;;;9,14676E+17;https://twitter.com/OnassisHa36/status/914676145169338369;
atlpervnn420;01/10/2017 23:18;0;1;USARMY football team #TakeAKnee #USArmy #hooah #Veteran #shutup #Patriots #Trump #USA #ImpeachTrump #MAGA #ArmyFootball #armystrong #unity pic.twitter.com/iGV9UviOIN;;;#TakeAKnee #USArmy #hooah #Veteran #shutup #Patriots #Trump #USA #ImpeachTrump #MAGA #ArmyFootball #armystrong #unity;9,14676E+17;https://twitter.com/atlpervnn420/status/914675942991237121;
TRiST8MUSIC;01/10/2017 23:11;0;0;This IS THE UNITED STATES ARMY FOOTBALL TEAM! If you still have an issue with kneeling after this , THEN YOU... http:// fb.me/3PTs8lFGt;;;;9,14674E+17;https://twitter.com/TRiST8MUSIC/status/914674095819702272;
JohnTartaglia;01/10/2017 23:05;0;2;I'm sorry but I had to look into this because this looks misrepresented. That's not the US Army Black Knights football team. Wish it was tho;;;;9,14673E+17;https://twitter.com/JohnTartaglia/status/914672660394717185;
BluntTruthHurts;01/10/2017 23:05;0;0;#Veteran #Army #Navy #Air force #Marine #police #dad #mom #football fan STOP SUPPORTING THESE THUGS! #BoycottNFL #BoycottNflSponsors https:// twitter.com/theroyalposts/ status/914587912825536512 …;;;#Veteran #Army #Navy #Air #Marine #police #dad #mom #football #BoycottNFL #BoycottNflSponsors;9,14673E+17;https://twitter.com/BluntTruthHurts/status/914672608272175104;
salinterdonato;01/10/2017 22:48;6;20;"Minisink Valley LS Austin Sullivan on #Army visit: I liked atmosphere, coaching staff, players, football facilities & stadium so much. pic.twitter.com/fHw2ry1ofc""";;;#Army;9,14668E+17;https://twitter.com/salinterdonato/status/914668356711718912;
DetNation_;01/10/2017 22:37;2;1;the US Army football team takes a knee... #detroit #usarmy #cnn #espn #msnbc #foxnews … https://www. instagram.com/p/BZujqEqnELh/;;;#detroit #usarmy #cnn #espn #msnbc #foxnews;9,14666E+17;https://twitter.com/DetNation_/status/914665691328008192;
DirtyNole;01/10/2017 22:36;0;0;The US Army football team took a knee. So I wonder if they're… https://www. instagram.com/p/BZujhkZlnywX w-hkTANQeVf2J8GMAtRZbrVfVw0/ …;;;;9,14665E+17;https://twitter.com/DirtyNole/status/914665405007855616;
WNDU;01/10/2017 22:08;25;116;Army veteran, Notre Dame student and former WNDU employee Kevin Burke was honored yesterday at the ND football game http://www. wndu.com/content/news/A rmy-veteran-and-former-WNDU-employee-honored-at-ND-game-448974553.html …;;;;9,14658E+17;https://twitter.com/WNDU/status/914658402755899392;
AF_Falcons;01/10/2017 22:00;5;15;Celebrate the 70th Anniversary of the Air Force & the 36 wins over Army w/ the Football Legacy Ticket Pack https:// goo.gl/Cc9mBr #LetsFly pic.twitter.com/EG2zxOaslt;;;#LetsFly;9,14656E+17;https://twitter.com/AF_Falcons/status/914656178692608017;
DynastysportsHQ;01/10/2017 21:57;0;0;Haha @OU_ Football showed how overrated they are! But yes the @buckeyes D is great against Army , Rutgers and the other crap like that https:// twitter.com/madjr83/status /914298116681162752 …;;@OU_ @buckeyes;;9,14656E+17;https://twitter.com/DynastysportsHQ/status/914655669776781312;
kosordie;01/10/2017 21:53;0;0;Football basically started at navy and army colleges always been a military type sport;;;;9,14654E+17;https://twitter.com/kosordie/status/914654462005862400;
greg_dover1875;01/10/2017 21:48;0;1;Army football scoring te pic.twitter.com/KpEKUVGH9R;;;;9,14653E+17;https://twitter.com/greg_dover1875/status/914653231774658560;
salinterdonato;01/10/2017 21:17;2;28;RECRUITING: #ArmyFootball commits - East Lincoln (N.C.) DE Ryan Matz, Westfield (Va.) DE Nolan Cockrill & OL Harmon Saint Germain visiting pic.twitter.com/5eSLL3zYvn;;;#ArmyFootball;9,14645E+17;https://twitter.com/salinterdonato/status/914645496353951744;
DJDOUBLER_337;01/10/2017 21:11;0;0;The US ARMY football Team ..........SALUTE !!! http:// fb.me/7XJOXqoh9;;;;9,14644E+17;https://twitter.com/DJDOUBLER_337/status/914644056038395904;
GCSharks;01/10/2017 21:11;1;37;Football coaches stand proud as George Takacs receives his Army All American Award! pic.twitter.com/M7td6GS9pO;;;;9,14644E+17;https://twitter.com/GCSharks/status/914643889796943872;
dbBlackmon62;01/10/2017 21:07;0;5;So I heard the U. S. Army football team took a knee yesterday... I wonder if they are patriotic?;;;;9,14643E+17;https://twitter.com/dbBlackmon62/status/914642945277677568;
JdotBrown;01/10/2017 21:00;0;0;They would be the best football team in the state if Army wasn't there.;;;;9,14641E+17;https://twitter.com/JdotBrown/status/914641304948297728;
