username;date;retweets;favorites;text;geo;mentions;hashtags;id;permalink
NJ_Sports;14/10/2016 20:41;0;0;Eli Apple, Jason Pierre-Paul among 6 Giants questionable for Ravens game http:// nj-ne.ws/DkpOUtQ;;;;7,87076E+17;https://twitter.com/NJ_Sports/status/787075994951843840
NFL_FanTeam_Ldr;14/10/2016 20:02;0;0;[ http:// NJ.com ] - Eli Apple, Jason Pierre-Paul among 6 Giants questionable for Ravens game http:// ift.tt/2e4HG7V;;;;7,87066E+17;https://twitter.com/NFL_FanTeam_Ldr/status/787066195866419200
SandraC_FCB;14/10/2016 19:56;0;0;Eli Apple, Jason Pierre-Paul among 6 Giants questionable for Ravens game pic.twitter.com/vSNpwsK8bK;;;;7,87065E+17;https://twitter.com/SandraC_FCB/status/787064620175556612
giantsbuzztap;14/10/2016 19:49;0;0;nj​.com >> Eli Apple, Jason Pierre-Paul among 6 Giants questionable for Ravens game http:// buzztap.com/-B0ffaW;;;;7,87063E+17;https://twitter.com/giantsbuzztap/status/787062859570163712
FLGM_NFC_news;14/10/2016 19:46;0;0;NYG Star Ledger: Eli Apple, Jason Pierre-Paul among 6 Giants questionable for Ravens game http:// bit.ly/2ef3CtI;;;;7,87062E+17;https://twitter.com/FLGM_NFC_news/status/787062046093291520
Alida_gzlo;14/10/2016 19:46;0;0;Eli Apple, Jason Pierre-Paul among 6 Giants questionable for Ravens game: Both teams have lengthy injury reports. http:// bit.ly/2ef3CtI;;;;7,87062E+17;https://twitter.com/Alida_gzlo/status/787062044558184448
BuschLeagueNY;14/10/2016 19:39;0;0;Rashad Jennings, Jason Pierre-Paul questionable for Giants http:// trib.al/amGBt6u;;;;7,8706E+17;https://twitter.com/BuschLeagueNY/status/787060303255183360
tunotimundo;14/10/2016 19:39;0;0;Eli Apple, Jason Pierre-Paul among 6 Giants questionable for Ravens game http:// dlvr.it/MSKXdr pic.twitter.com/AdS3croelS;;;;7,8706E+17;https://twitter.com/tunotimundo/status/787060212674945024
FourthandGoal01;14/10/2016 18:05;0;0;#Ravens WR Steve Smith Sr. (ankle) listed as doubtful. #Giants DE Jason Pierre-Paul (groin) listed as questionable. http:// bit.ly/2dhM67f;;;#Ravens #Giants;7,87037E+17;https://twitter.com/FourthandGoal01/status/787036692792406016
LAmobslugger;14/10/2016 17:26;0;0;Jason Pierre-Paul and Olivier Vernon are looking for Giants pressure https:// af11.wordpress.com/2016/10/14/jas on-pierre-paul-and-olivier-vernon-are-looking-for-giants-pressure …;;;;7,87027E+17;https://twitter.com/LAmobslugger/status/787026876183171072
kolaolayanju;14/10/2016 17:19;0;0;Jason Pierre-Paul Blows Off Other Hand After His Samsung Galaxy Note 7 Explodes http:// dailysnark.com/jason-pierre-p aul-blows-hand-samsung-galaxy-note-7-explodes/ … via @DailySnark;;@DailySnark;;7,87025E+17;https://twitter.com/kolaolayanju/status/787025099966783489
LuisDSung;14/10/2016 17:14;1;3;So much for Laremy Tunsil's accident...still doesn't beat Jason Pierre Paul though IMO. https:// twitter.com/NickCaminoWTAM /status/787008798733066240 …;;;;7,87024E+17;https://twitter.com/LuisDSung/status/787023746209083394
RavensViews;14/10/2016 17:10;0;0;#BaltimoreRavens #Ravens #RavensNation Rashad Jennings, Jason Pierre-Paul questionable for Giants http:// dld.bz/eZHrb;;;#BaltimoreRavens #Ravens #RavensNation;7,87023E+17;https://twitter.com/RavensViews/status/787022745645309952
Jets_Headlines;14/10/2016 17:03;0;0;Jets_Headlines. WATCH: Jason Pierre-Paul and Olivier Vernon are looking - Yardbarker http:// aggbot.com/New-York-Jets- News/article/29014372 …;;;;7,87021E+17;https://twitter.com/Jets_Headlines/status/787020971463086080
FollowNFLNews;14/10/2016 16:58;0;0;Rashad Jennings, Jason Pierre-Paul questionable for Giants http:// bit.ly/2dCwrA3 #NFL #News #Playoffs;;;#NFL #News #Playoffs;7,8702E+17;https://twitter.com/FollowNFLNews/status/787019750702354432
charleschauffe;14/10/2016 16:57;0;0;@nflnewzbot : Pro Football Talk - http:// newzbots.me/?7TSS5 - Rashad Jennings Jason Pierre-Paul questionable for Giants https:// twitter.com/nflnewzbot/sta tus/787017150196318208 …;;@nflnewzbot;;7,8702E+17;https://twitter.com/charleschauffe/status/787019519353090049
Giants_Newz;14/10/2016 16:57;1;0;WATCH: Jason Pierre-Paul and Olivier Vernon are looking for Giants pre - Yardbarker http:// aggbot.com/New-York-Giant s-News/article/29014366 …;;;;7,8702E+17;https://twitter.com/Giants_Newz/status/787019504765329412
fantasysportsso;14/10/2016 16:56;0;0;Rashad Jennings, Jason Pierre-Paul questionable for Giants http:// dlvr.it/MSHgd6 #fantasyfootball pic.twitter.com/fANNNpMVhH;;;#fantasyfootball;7,87019E+17;https://twitter.com/fantasysportsso/status/787019218709393408
TheSimGamer;14/10/2016 16:54;0;0;Rashad Jennings, #Jason _ Pierre_Paul questionable for Giants: Running back Rashad Jennings has missed the last three… http:// dlvr.it/MSHfSR;;;#Jason;7,87019E+17;https://twitter.com/TheSimGamer/status/787018680446033921
NFL_FanTeam_Ldr;14/10/2016 16:52;0;0;[NBC Sports: Pro Football Talk] - Rashad Jennings, Jason Pierre-Paul questionable for Giants http:// ift.tt/2e7Uurn;;;;7,87018E+17;https://twitter.com/NFL_FanTeam_Ldr/status/787018261158359040
tackled_de;14/10/2016 16:51;0;0;Rashad Jennings, Jason Pierre-Paul questionable for Giants http:// ift.tt/2dpSFrp;;;;7,87018E+17;https://twitter.com/tackled_de/status/787017922975858688
nflnewzbot;14/10/2016 16:48;0;0;Pro Football Talk - http:// newzbots.me/?7TSS5 - Rashad Jennings Jason Pierre-Paul questionable for Giants;;;;7,87017E+17;https://twitter.com/nflnewzbot/status/787017150196318208
NOSNNFL;14/10/2016 16:46;0;0;Rashad Jennings, Jason Pierre-Paul questionable for Giants http:// dlvr.it/MSHZN8 #NFL #NOSN;;;#NFL #NOSN;7,87017E+17;https://twitter.com/NOSNNFL/status/787016674411020288
giantsbuzztap;14/10/2016 16:45;0;0;nbcsports​.com >> Rashad Jennings, Jason Pierre-Paul questionable for Giants http:// buzztap.com/-Ud7S3C;;;;7,87016E+17;https://twitter.com/giantsbuzztap/status/787016445393711104
playerpress;14/10/2016 16:44;0;0;#NFL Wire: Rashad Jennings, Jason Pierre-Paul questionable for Giants http:// profootballtalk.nbcsports.com/2016/10/14/ras had-jennings-jason-pierre-paul-questionable-for-giants/ … http:// playerpress.com;;;#NFL;7,87016E+17;https://twitter.com/playerpress/status/787016322156683264
NFLSTATES;14/10/2016 16:44;0;0;Rashad Jennings, Jason Pierre-Paul questionable for Giants: Running back Rashad Jennings has m... http:// sh.st/3fs8K #nfl #football;;;#nfl #football;7,87016E+17;https://twitter.com/NFLSTATES/status/787016237834317824
tpsquadshow;14/10/2016 16:44;0;0;Rashad Jennings, Jason Pierre-Paul questionable for Giants: Running back Rashad Jennings has missed the last ... http:// bit.ly/2e09aua;;;;7,87016E+17;https://twitter.com/tpsquadshow/status/787016235418431489
NFL_News_Feed;14/10/2016 16:44;0;0;Rashad Jennings, Jason Pierre-Paul questionable for Giants http:// bit.ly/2e09aua #NFL #NEWS;;;#NFL #NEWS;7,87016E+17;https://twitter.com/NFL_News_Feed/status/787016231941353472
JOBOOZOSO;14/10/2016 16:44;0;0;PFT @ProFootballTalk Rashad Jennings, Jason Pierre-Paul questionable for Giants http:// bit.ly/2dTAcH3;;@ProFootballTalk;;7,87016E+17;https://twitter.com/JOBOOZOSO/status/787016231157063680
Football_Smarts;14/10/2016 16:44;0;0;Rashad Jennings, Jason Pierre-Paul questionable for Giants http:// ift.tt/2dpSFrp;;;;7,87016E+17;https://twitter.com/Football_Smarts/status/787016179705606145
411SportsDFW;14/10/2016 16:44;0;0;[ #411Sports ] Rashad Jennings, Jason Pierre-Paul questionable for Giants http:// ift.tt/2dpSFrp;;;#411Sports;7,87016E+17;https://twitter.com/411SportsDFW/status/787016170381701120
GmenFGSN;14/10/2016 16:42;0;1;Rashad Jennings, Jason Pierre-Paul questionable for Giants #Giants http:// app.fanly.me/article/uEV6k4 lZNx … pic.twitter.com/pOcRvj7QcL;;;#Giants;7,87016E+17;https://twitter.com/GmenFGSN/status/787015742617157633
SportDreams;14/10/2016 16:41;0;0;#NFL Rashad Jennings, Jason Pierre-Paul questionable for Giants http:// bit.ly/2eeGgEv;;;#NFL;7,87016E+17;https://twitter.com/SportDreams/status/787015589499957248
NFL_FanTeam_Ldr;14/10/2016 16:41;0;0;Rashad Jennings, Jason Pierre-Paul questionable for Giants http:// ift.tt/2dpSFrp;;;;7,87016E+17;https://twitter.com/NFL_FanTeam_Ldr/status/787015523720716288
FantasyPlus_;14/10/2016 16:37;1;0;Rashad Jennings, Jason Pierre-Paul questionable for Giants #nfl #giants #fantasyfootball #giantsnation #news #plus pic.twitter.com/mxVSX4pIs1;;;#nfl #giants #fantasyfootball #giantsnation #news #plus;7,87015E+17;https://twitter.com/FantasyPlus_/status/787014500578762754
ProFootballTalk;14/10/2016 16:37;8;10;Rashad Jennings, Jason Pierre-Paul questionable for Giants http:// bit.ly/2eeGgEv;;;;7,87014E+17;https://twitter.com/ProFootballTalk/status/787014487664685057
TUpgated;14/10/2016 16:18;0;0;Did Jason Pierre-Paul Blow-Up Hand After Samsung Galaxy Note 7 Exploded? Giants Player Is ... http:// julitech.co.ke/2016/10/14/did -jason-pierre-paul-blow-up-hand-after-samsung-galaxy-note-7-exploded-giants-player-is/ …;;;;7,8701E+17;https://twitter.com/TUpgated/status/787009586838528000
NewYorkGiantsRR;14/10/2016 16:13;0;0;Jason Pierre-Paul on pass rush: We just have to finish http://www. rightrelevance.com/search/article s/hero?article=90667a936bc9a9fd0875d564069be7030fddbcf3&query=new%20york%20giants&taccount=newyorkgiantsrr … pic.twitter.com/xVM1lR5MpC;;;;7,87009E+17;https://twitter.com/NewYorkGiantsRR/status/787008547779252224
valuerupee;14/10/2016 15:32;0;0;Did Jason Pierre-Paul Blow-Up Hand After Samsung Galaxy Note 7 Exploded? Giants Player Is Victim Of Viral Hoax http://www. valuerupee.com/2016/10/did-ja son-pierre-paul-blow-up-hand-after-samsung-galaxy-note-7-exploded-giants-player-is-victim-of-viral-hoax/ …;;;;7,86998E+17;https://twitter.com/valuerupee/status/786998075822776320
WhatADog9;14/10/2016 15:24;0;0;Giants: Rashad Jennings (thumb), Jason Pierre-Paul (groin), Eli Apple (groin) all questionable for Sunday vs. Raven… pic.twitter.com/m0AACCXUSK;;;;7,86996E+17;https://twitter.com/WhatADog9/status/786996132731822080
SocialRaceMedia;14/10/2016 15:22;0;0;Jason Pierre Paul Did Not Lose Hand To Exploding | https:// goo.gl/LFjHbG | #EndJasonPierrepaul pic.twitter.com/qe39ic63e3;;;#EndJasonPierrepaul;7,86996E+17;https://twitter.com/SocialRaceMedia/status/786995593465901056
davidp29112135;14/10/2016 15:20;0;0;Giants: Rashad Jennings (thumb), Jason Pierre-Paul (groin), Eli Apple (groin) all questionable for Sunday vs. Ravens (ESPN) …;;;;7,86995E+17;https://twitter.com/davidp29112135/status/786995175679725568
RapidReportNFL;14/10/2016 15:20;0;0;Giants: Rashad Jennings (thumb), Jason Pierre-Paul (groin), Eli Apple (groin) all questionable for Sunday vs. Rave… http:// espn.go.com/nfl/;;;;7,86995E+17;https://twitter.com/RapidReportNFL/status/786995161096155137
Iam_ALANWILKES;14/10/2016 15:20;0;0;Giants: Rashad Jennings (thumb), Jason Pierre-Paul (groin), Eli Apple (groin) all questionable for Sunday vs. Rave… http:// espn.go.com/nfl/;;;;7,86995E+17;https://twitter.com/Iam_ALANWILKES/status/786995116372267008
JenniferD8133;14/10/2016 15:20;0;0;Giants: Rashad Jennings (thumb), Jason Pierre-Paul (groin), Eli Apple (groin) all questionable for Sunday vs. Rave… http:// espn.go.com/nfl/;;;;7,86995E+17;https://twitter.com/JenniferD8133/status/786995069140209664
sportsatweb75;14/10/2016 15:20;0;0;Giants: Rashad Jennings (thumb), Jason Pierre-Paul (groin), Eli Apple (groin) all questionable for Sunday vs. Ravens (ESPN) …;;;;7,86995E+17;https://twitter.com/sportsatweb75/status/786995023359406080
RSSDealFeeds;14/10/2016 15:19;0;0;#NFL Giants: Rashad Jennings (thumb), Jason Pierre-Paul (groin), Eli Apple (groin) all questionable for Sunday vs.… http:// espn.go.com/nfl/;;;#NFL;7,86995E+17;https://twitter.com/RSSDealFeeds/status/786994900810207232
davidcamachoj;14/10/2016 15:19;0;0;Giants: Rashad Jennings (thumb), Jason Pierre-Paul (groin), Eli Apple (groin) all questionable for Sunday vs. Rave… http:// espn.go.com/nfl/;;;;7,86995E+17;https://twitter.com/davidcamachoj/status/786994891117256705
KrookedRadio;14/10/2016 15:19;0;0;Giants: Rashad Jennings (thumb), Jason Pierre-Paul (groin), Eli Apple (groin) all questionable for Sunday vs.... http:// fb.me/5YMLZhPkG;;;;7,86995E+17;https://twitter.com/KrookedRadio/status/786994836884885504
Thwalk;14/10/2016 15:19;0;0;Giants: Rashad Jennings (thumb), Jason Pierre-Paul (groin), Eli Apple (groin) all questionable for Sunday vs. Rave… http:// ln.is/espn.go.com/nf l/team/pXqde …;;;;7,86995E+17;https://twitter.com/Thwalk/status/786994803972112384
Jack_Holitza;14/10/2016 15:19;0;0;Giants: Rashad Jennings (thumb), Jason Pierre-Paul (groin), Eli Apple (groin) all questionable for Sunday vs. Rave… http:// espn.go.com/nfl/;;;;7,86995E+17;https://twitter.com/Jack_Holitza/status/786994800956407808
georgegallagher;14/10/2016 15:19;0;0;Giants: Rashad Jennings (thumb), Jason Pierre-Paul (groin), Eli Apple (groin) all questionable for Sunday vs. Rave… http:// espn.go.com/nfl/;;;;7,86995E+17;https://twitter.com/georgegallagher/status/786994800591527937
jonurbana1;14/10/2016 15:19;0;0;Giants: Rashad Jennings (thumb), Jason Pierre-Paul (groin), Eli Apple (groin) all questionable for Sunday vs. Raven… pic.twitter.com/pxSrFTCcHl;;;;7,86995E+17;https://twitter.com/jonurbana1/status/786994792416833537
McdougleSkip;14/10/2016 15:19;0;0;Giants: Rashad Jennings (thumb), Jason Pierre-Paul (groin), Eli Apple (groin) all questionable for Sunday vs. Rave… http:// espn.go.com/nfl/;;;;7,86995E+17;https://twitter.com/McdougleSkip/status/786994773097869314
BazookaBoh;14/10/2016 15:18;0;0;Giants: Rashad Jennings (thumb), Jason Pierre-Paul (groin), Eli Apple (groin) all questionable for Sunday vs. Rave… http:// espn.go.com/nfl/;;;;7,86995E+17;https://twitter.com/BazookaBoh/status/786994719117246464
RapidReportNFL;14/10/2016 15:18;0;0;Giants: Rashad Jennings (thumb), Jason Pierre-Paul (groin), Eli Apple (groin) all questionable for Sunday vs. Rave… http:// ift.tt/15TM27p;;;;7,86995E+17;https://twitter.com/RapidReportNFL/status/786994704344817664
REVLBMEEK;14/10/2016 15:18;0;0;Giants: Rashad Jennings (thumb), Jason Pierre-Paul (groin), Eli Apple (groin) all questionable for Sunday vs. Ravens (ESPN) …;;;;7,86995E+17;https://twitter.com/REVLBMEEK/status/786994695859822592
PAPICHULLO105;14/10/2016 15:18;0;0;Giants: Rashad Jennings (thumb), Jason Pierre-Paul (groin), Eli Apple (groin) all questionable for Sunday vs. Rave… http:// espn.go.com/nfl/;;;;7,86995E+17;https://twitter.com/PAPICHULLO105/status/786994665803350017
malikmakk;14/10/2016 15:18;0;0;Giants: Rashad Jennings (thumb), Jason Pierre-Paul (groin), Eli Apple (groin) all questionable for Sunday vs. Rave… http:// ift.tt/15TM27p;;;;7,86995E+17;https://twitter.com/malikmakk/status/786994642793467905
OriginalBhav;14/10/2016 15:18;0;0;Giants: Rashad Jennings (thumb), Jason Pierre-Paul (groin), Eli Apple (groin) all questionable for Sunday vs. Rave… http:// espn.go.com/nfl/;;;;7,86995E+17;https://twitter.com/OriginalBhav/status/786994640134238208
NYGNEWS1;14/10/2016 15:18;1;0;Giants: Rashad Jennings (thumb), Jason Pierre-Paul (groin), Eli Apple (groin) all questionable for Sunday vs. Rave… http:// ift.tt/15TM27p;;;;7,86995E+17;https://twitter.com/NYGNEWS1/status/786994638129340416
sdcohrs;14/10/2016 15:18;0;0;Giants: Rashad Jennings (thumb), Jason Pierre-Paul (groin), Eli Apple (groin) all questionable for Sunday vs. Rave… http:// ift.tt/15TM27p;;;;7,86995E+17;https://twitter.com/sdcohrs/status/786994638087397376
im_nerdy;14/10/2016 15:18;0;0;Giants: Rashad Jennings (thumb), Jason Pierre-Paul (groin), Eli Apple (groin) all questionable for Sunday vs. Rave… http:// espn.go.com/nfl/;;;;7,86995E+17;https://twitter.com/im_nerdy/status/786994512526708737
thejakjohn;14/10/2016 15:18;0;0;Giants: Rashad Jennings (thumb), Jason Pierre-Paul (groin), Eli Apple (groin) all questionable for Sunday vs. Rave… http:// espn.go.com/nfl/;;;;7,86994E+17;https://twitter.com/thejakjohn/status/786994492121513984
MariaThomasaa;14/10/2016 15:17;0;0;Giants: Rashad Jennings (thumb), Jason Pierre-Paul (groin), Eli Apple (groin) all questionable for Sunday vs. Rave… http:// espn.go.com/nfl/;;;;7,86994E+17;https://twitter.com/MariaThomasaa/status/786994406872195073
ridley_me_this;14/10/2016 15:17;0;0;Giants: Rashad Jennings (thumb), Jason Pierre-Paul (groin), Eli Apple (groin) all questionable for Sunday vs. Rave… http:// espn.go.com/nfl/;;;;7,86994E+17;https://twitter.com/ridley_me_this/status/786994341537517568
javitomontiel;14/10/2016 15:17;0;0;#NFL Giants: Rashad Jennings (thumb), Jason Pierre-Paul (groin), Eli Apple (groin) all questionable for Sunday vs.… http:// espn.go.com/nfl/;;;#NFL;7,86994E+17;https://twitter.com/javitomontiel/status/786994310050902016
aquilavida;14/10/2016 15:17;0;0;Giants: Rashad Jennings (thumb), Jason Pierre-Paul (groin), Eli Apple (groin) all questionable for Sunday vs. Rave… http:// espn.go.com/nfl/;;;;7,86994E+17;https://twitter.com/aquilavida/status/786994305374224384
Ms_Alyse32;14/10/2016 15:17;0;0;Giants: Rashad Jennings (thumb), Jason Pierre-Paul (groin), Eli Apple (groin) all questionable for Sunday vs. Rave… http:// espn.go.com/nfl/;;;;7,86994E+17;https://twitter.com/Ms_Alyse32/status/786994292950765570
SirGottie;14/10/2016 15:17;0;0;Giants: Rashad Jennings (thumb), Jason Pierre-Paul (groin), Eli Apple (groin) all questionable for Sunday vs. Ravens (ESPN) …;;;;7,86994E+17;https://twitter.com/SirGottie/status/786994286067941376
TalkSportTV;14/10/2016 15:17;0;0;Giants: Rashad Jennings (thumb), Jason Pierre-Paul (groin), Eli Apple (groin) all questionable for Sunday vs. Ravens (ESPN);;;;7,86994E+17;https://twitter.com/TalkSportTV/status/786994267390607360
DHBHConsulting;14/10/2016 15:17;0;0;Giants: Rashad Jennings (thumb), Jason Pierre-Paul (groin), Eli Apple (groin) all questionable for Sunday vs. Ravens (ESPN);;;;7,86994E+17;https://twitter.com/DHBHConsulting/status/786994256791699456
Un_Roughness;14/10/2016 15:17;0;0;Giants: Rashad Jennings (thumb), Jason Pierre-Paul (groin), Eli Apple (groin) all questionable for Sunday vs. Rave… http:// espn.go.com/nfl/;;;;7,86994E+17;https://twitter.com/Un_Roughness/status/786994237598498816
avi_weisfogel;14/10/2016 15:17;0;0;Giants: Rashad Jennings (thumb), Jason Pierre-Paul (groin), Eli Apple (groin) all questionable for Sunday vs. Ravens (ESPN) …;;;;7,86994E+17;https://twitter.com/avi_weisfogel/status/786994235811696641
Jay_taylor5662;14/10/2016 15:16;0;0;Giants: Rashad Jennings (thumb), Jason Pierre-Paul (groin), Eli Apple (groin) all questionable for Sunday vs. Rave… http:// espn.go.com/nfl/;;;;7,86994E+17;https://twitter.com/Jay_taylor5662/status/786994214659907584
NFLfootballFANN;14/10/2016 15:16;0;0;Giants: Rashad Jennings (thumb), Jason Pierre-Paul (groin), Eli Apple (groin) all questionable for Sunday vs.… https:// thenflfootballfan.wordpress.com/2016/10/14/gia nts-rashad-jennings-thumb-jason-pierre-paul-groin-eli-apple-groin-all-questionable-for-sunday-vs-ravens-espn …;;;;7,86994E+17;https://twitter.com/NFLfootballFANN/status/786994169776484352
Yoursportsnews1;14/10/2016 15:16;0;0;Giants: Rashad Jennings (thumb), Jason Pierre-Paul (groin), Eli Apple (groin) all questionable for Sunday vs. Rave… http:// espn.go.com/nfl/;;;;7,86994E+17;https://twitter.com/Yoursportsnews1/status/786994146498187264
ylagh;14/10/2016 15:16;0;0;Giants: Rashad Jennings (thumb), Jason Pierre-Paul (groin), Eli Apple (groin) all questionable for Sunday vs. Rave… http:// ift.tt/15TM27p;;;;7,86994E+17;https://twitter.com/ylagh/status/786994073936748544
Gav_Kumar;14/10/2016 15:16;0;0;Giants: Rashad Jennings (thumb), Jason Pierre-Paul (groin), Eli Apple (groin) all questionable for Sunday vs. Ravens (ESPN) …;;;;7,86994E+17;https://twitter.com/Gav_Kumar/status/786994036309651456
3qtrsamericano;14/10/2016 15:15;0;0;Giants: Rashad Jennings (thumb), Jason Pierre-Paul (groin), Eli Apple (groin) all questionable for Sunday vs. Ravens (ESPN) …;;;;7,86994E+17;https://twitter.com/3qtrsamericano/status/786993869745491968
Jamn957;14/10/2016 15:12;0;0;. @thepablosato : NY Giant Jason Pierre Paul Blows Up Other hand Due To SamSung Phone http:// buff.ly/2e3jbGm;;@thepablosato;;7,86993E+17;https://twitter.com/Jamn957/status/786992981261819904
AroundTheNFL;14/10/2016 15:00;7;9;Injury roundup: Giants DE Jason Pierre-Paul (groin) questionable for Sunday http://www. nfl.com/news/story/0ap 3000000720711/article/injuries-joel-bitonio-placed-on-injured-reserve?campaign=Twitter_atn … pic.twitter.com/nHl0f0HB7p;;;;7,8699E+17;https://twitter.com/AroundTheNFL/status/786989953909600256
Quarterback_USA;14/10/2016 14:53;0;0;Jason Pierre-Paul , Olivier Vernon vow to 'finish' games https:// goo.gl/Yrk716 #tech;;;#tech;7,86988E+17;https://twitter.com/Quarterback_USA/status/786988201089110018
OpineSOCIAL;14/10/2016 14:51;0;0;@OpineSOCIAL » Jason Pierre-Paul Did Not Lose Hand To Exploding Samsung Galaxy Note 7 http:// zpr.io/P6pZ6 #Opines on #SocialMedia;;@OpineSOCIAL;#Opines #SocialMedia;7,86988E+17;https://twitter.com/OpineSOCIAL/status/786987685240049664
consumer_etrns;14/10/2016 14:46;0;0;Jason Pierre-Paul Did Not Lose Hand To Exploding #Samsung Galaxy Note 7. Read more: http:// owler.us/abIyVo $005930;;;#Samsung;7,86986E+17;https://twitter.com/consumer_etrns/status/786986462176620544
OlaaCarey;14/10/2016 14:41;0;0;Jason Pierre-Paul Did Not Lose Hand To Exploding Samsung Galaxy Note 7 http:// ift.tt/2e7xNDH;;;;7,86985E+17;https://twitter.com/OlaaCarey/status/786985210588098560
B2C_Lifestyle;14/10/2016 14:38;0;0;Jason Pierre-Paul Did Not Lose Hand To Exploding Samsung Galaxy Note 7 http:// goo.gl/fb/zkGK63;;;;7,86984E+17;https://twitter.com/B2C_Lifestyle/status/786984461598593024
NYPost_Schwartz;14/10/2016 14:37;2;3;Six Giants listed as questionable: Eli Apple, Dwayne Harris, Rashad Jennings, Devon Kennard, Dominque Rodgers-Cromartie, Jason Pierre-Paul .;;;;7,86984E+17;https://twitter.com/NYPost_Schwartz/status/786984289678266368
IntrepidMarketr;14/10/2016 14:30;0;0;Jason Pierre-Paul Did Not Lose Hand To Exploding Samsung Galaxy Note 7 http:// feedproxy.google.com/~r/B2CMarketin gInsider/~3/W9jBUiKZq-Q/jason-pierre-paul-not-lose-hand-exploding-samsung-galaxy-note-7-01681176 … pic.twitter.com/MI3TOBr1xV;;;;7,86983E+17;https://twitter.com/IntrepidMarketr/status/786982635385987072
MercuryLeads;14/10/2016 14:24;0;0;Jason Pierre-Paul Did Not Lose Hand To Exploding Samsung Galaxy Note 7 - http:// zpr.io/P6pG2;;;;7,86981E+17;https://twitter.com/MercuryLeads/status/786981119635881984
SethWalder;14/10/2016 14:24;0;1;Questionable vs. Ravens: Eli Apple, Dwayne Harris, Rashad Jennings, Devon Kennard, Jason Pierre-Paul , Dominique Rodgers-Cromartie.;;;;7,86981E+17;https://twitter.com/SethWalder/status/786980986584195073
Jplvan;14/10/2016 14:24;0;1;Jason Pierre-Paul Did Not Lose Hand To Exploding Samsung Galaxy Note 7 - http:// zpr.io/P6pG2;;;;7,86981E+17;https://twitter.com/Jplvan/status/786980985808293888
jolitasocial;14/10/2016 14:24;0;0;Jason Pierre-Paul Did Not Lose Hand To Exploding Samsung Galaxy Note 7 http:// dlvr.it/MSFqFf pic.twitter.com/PiD3r9m5al;;;;7,86981E+17;https://twitter.com/jolitasocial/status/786980935703023617
art_stapleton;14/10/2016 14:22;9;7;Jason Pierre-Paul , DRC, Eli Apple, Rashad Jennings, Devon Kennard and Dwayne Harris are all listed as questionable for Sunday. #Giants;;;#Giants;7,8698E+17;https://twitter.com/art_stapleton/status/786980450438963200
arturo_lucero;14/10/2016 14:22;0;0;Jason Pierre-Paul Blows Off Other Hand After His Samsung Galaxy Note 7 Explodes : http:// snopes.com -… http:// dlvr.it/MSFnbL;;;;7,8698E+17;https://twitter.com/arturo_lucero/status/786980433162403840
Setting4Success;14/10/2016 14:22;0;0;#Setting4Success Jason Pierre-Paul Did Not Lose Hand To Exploding Samsung Galaxy Note 7 http:// ift.tt/2e7xNDH #SocialMedia #News;;;#Setting4Success #SocialMedia #News;7,8698E+17;https://twitter.com/Setting4Success/status/786980431191240706
psdwordpress;14/10/2016 14:21;0;0;Jason Pierre-Paul Did Not Lose Hand To Exploding Samsung Galaxy Note 7 https:// psdtoblog.wordpress.com/2016/10/14/jas on-pierre-paul-did-not-lose-hand-to-exploding-samsung-galaxy-note-7 … pic.twitter.com/2MvpY0kgDJ;;;;7,8698E+17;https://twitter.com/psdwordpress/status/786980252933197824
delegreat_me;14/10/2016 14:21;0;0;Jason Pierre-Paul Did Not Lose Hand To Exploding Samsung Galaxy Note 7 http:// ift.tt/2e7xNDH;;;;7,8698E+17;https://twitter.com/delegreat_me/status/786980194468978688
FabioSanges;14/10/2016 14:19;0;0;Jason Pierre-Paul Did Not Lose Hand To Exploding Samsung Galaxy Note 7 http:// ift.tt/2e7xNDH pic.twitter.com/BSSAAWzNiB;;;;7,8698E+17;https://twitter.com/FabioSanges/status/786979821628887041
ChrisBizEnglish;14/10/2016 14:19;0;0;Jason Pierre-Paul Did Not Lose Hand To Exploding Samsung Galaxy Note 7 http:// bit.ly/2dTbqqp #socialmedia #growthhacking strategyzers;;;#socialmedia #growthhacking;7,8698E+17;https://twitter.com/ChrisBizEnglish/status/786979681371295745
iamkevin;14/10/2016 14:18;0;1;Jason Pierre-Paul Did Not Lose Hand To Exploding Samsung Galaxy Note 7 http:// ift.tt/2e7xNDH #SocialMedia #DigitalMarketing;;;#SocialMedia #DigitalMarketing;7,86979E+17;https://twitter.com/iamkevin/status/786979461229080576
davidjcc_Zgz;14/10/2016 14:18;0;0;#SocialMedia - Jason Pierre-Paul Did Not Lose Hand To Exploding Samsung Galaxy Note 7 - http:// ift.tt/2e7xNDH - … pic.twitter.com/tvNzECctfd;;;#SocialMedia;7,86979E+17;https://twitter.com/davidjcc_Zgz/status/786979420988928000
PushpendraSEO;14/10/2016 14:17;0;0;Jason Pierre-Paul Did Not Lose Hand To Exploding Samsung Galaxy Note 7: While there is serious concern over ...... http:// fb.me/8cRQ2UEgU;;;;7,86979E+17;https://twitter.com/PushpendraSEO/status/786979236502343680
PushpendraSEO;14/10/2016 14:17;0;0;Jason Pierre-Paul Did Not Lose Hand To Exploding Samsung Galaxy Note 7: While there is serious concern over ...... http:// fb.me/7Xdw8Mls5;;;;7,86979E+17;https://twitter.com/PushpendraSEO/status/786979234526879744
opal_cloud;14/10/2016 14:17;0;0;Jason Pierre-Paul Did Not Lose Hand To Exploding Samsung Galaxy Note 7: While there is serious concern over ... http:// bit.ly/2dTdIFX;;;;7,86979E+17;https://twitter.com/opal_cloud/status/786979229564928000
PushpendraSEO;14/10/2016 14:17;0;0;Jason Pierre-Paul Did Not Lose Hand To Exploding Samsung Galaxy Note 7: While there is serious concern over ...... http:// fb.me/1xaMS5h7B;;;;7,86979E+17;https://twitter.com/PushpendraSEO/status/786979227883175940
PtoTecnologic;14/10/2016 14:17;0;0;Vía #strategyzers Jason Pierre-Paul Did Not Lose Hand To Exploding Samsung Galaxy Note 7: Whi... http:// bit.ly/2dTdIFX #PtoTecnologic;;;#strategyzers #PtoTecnologic;7,86979E+17;https://twitter.com/PtoTecnologic/status/786979225550987265
AlexNoirault;14/10/2016 14:17;0;0;Jason Pierre-Paul Did Not Lose Hand To Exploding Samsung Galaxy Note 7: While there is serious ... http:// bit.ly/2eg27wm @B2Community;;@B2Community;;7,86979E+17;https://twitter.com/AlexNoirault/status/786979221134413824
AlexNoirault;14/10/2016 14:17;0;0;Jason Pierre-Paul Did Not Lose Hand To Exploding Samsung Galaxy Note 7: While there is serious ... http:// bit.ly/2dTcHxt @B2Community;;@B2Community;;7,86979E+17;https://twitter.com/AlexNoirault/status/786979221109215232
PushpendraSEO;14/10/2016 14:17;0;0;Jason Pierre-Paul Did Not Lose Hand To Exploding Samsung Galaxy Note 7: While there is serious concern over ... http:// bit.ly/2dZMb2x;;;;7,86979E+17;https://twitter.com/PushpendraSEO/status/786979216533237760
PushpendraSEO;14/10/2016 14:17;0;0;Jason Pierre-Paul Did Not Lose Hand To Exploding Samsung Galaxy Note 7: While there is serious concern over ... http:// bit.ly/2eg1Nxv;;;;7,86979E+17;https://twitter.com/PushpendraSEO/status/786979216524845056
PushpendraSEO;14/10/2016 14:17;0;0;Jason Pierre-Paul Did Not Lose Hand To Exploding Samsung Galaxy Note 7: While there is serious concern over ... http:// bit.ly/2dTcJ8W;;;;7,86979E+17;https://twitter.com/PushpendraSEO/status/786979216491294720
heynerpacheco;14/10/2016 14:17;0;0;Jason Pierre-Paul Did Not Lose Hand To Exploding Samsung Galaxy Note 7: While there is serious concern over ... http:// bit.ly/2dTdIFX;;;;7,86979E+17;https://twitter.com/heynerpacheco/status/786979214125785088
Greg_Clev;14/10/2016 14:17;0;0;Jason Pierre-Paul Did Not Lose Hand To Exploding Samsung Galaxy Note 7: While there is ... http:// bit.ly/2dTdIFX #B2C #SEM #Marketing;;;#B2C #SEM #Marketing;7,86979E+17;https://twitter.com/Greg_Clev/status/786979212687093761
Easter_Roy_;14/10/2016 14:17;0;0;Jason Pierre-Paul Did Not Lose Hand To Exploding Samsung Galaxy Note 7: While there is serious concern over ... http:// bit.ly/2dTdIFX;;;;7,86979E+17;https://twitter.com/Easter_Roy_/status/786979205221191680
billdouglas;14/10/2016 14:17;2;1;Jason Pierre-Paul Did Not Lose Hand To Exploding Samsung Galaxy Note 7: While there is serious concern over ... http:// bit.ly/2dTdIFX;;;;7,86979E+17;https://twitter.com/billdouglas/status/786979198397140992
SignificantBiz;14/10/2016 14:17;0;0;Jason Pierre-Paul Did Not Lose Hand To Exploding Samsung Galaxy Note 7 http:// bit.ly/2dZOwdS;;;;7,86979E+17;https://twitter.com/SignificantBiz/status/786979196589400064
SignificantBiz;14/10/2016 14:17;0;0;Jason Pierre-Paul Did Not Lose Hand To Exploding Samsung Galaxy Note 7 http:// bit.ly/2dTbqqp;;;;7,86979E+17;https://twitter.com/SignificantBiz/status/786979196572536833
SignificantBiz;14/10/2016 14:17;0;0;Jason Pierre-Paul Did Not Lose Hand To Exploding Samsung Galaxy Note 7 http:// bit.ly/2dPZl2F;;;;7,86979E+17;https://twitter.com/SignificantBiz/status/786979196488683520
SocialMedMktg;14/10/2016 14:17;0;0;Jason Pierre-Paul Did Not Lose Hand To Exploding Samsung Galaxy Note 7 http:// bit.ly/2dTdIFX #marketing #sm;;;#marketing #sm;7,86979E+17;https://twitter.com/SocialMedMktg/status/786979194697768962
contmktg;14/10/2016 14:17;0;0;Jason Pierre-Paul Did Not Lose Hand To Exploding Samsung Galaxy Note 7 http:// bit.ly/2dTdIFX #marketing #sm;;;#marketing #sm;7,86979E+17;https://twitter.com/contmktg/status/786979193187741696
Market_Trending;14/10/2016 14:17;0;0;Jason Pierre-Paul Did Not Lose Hand To Exploding Samsung Galaxy Note 7: While there is serious concern over ... http:// bit.ly/2dTdQFn;;;;7,86979E+17;https://twitter.com/Market_Trending/status/786979191434518528
Yeremiix3;14/10/2016 14:17;0;0;( #Yeremiito21 ) Jason Pierre-Paul Did Not Lose Hand To Exploding Samsung Galaxy Note 7: While ... http:// bit.ly/2dTdIFX ( #Yeremiito21 );;;#Yeremiito21 #Yeremiito21;7,86979E+17;https://twitter.com/Yeremiix3/status/786979189391896576
fahadmrafiq;14/10/2016 14:17;0;0;Jason Pierre-Paul Did Not Lose Hand To Exploding Samsung Galaxy Note 7 http:// bit.ly/2dTdIFX #business;;;#business;7,86979E+17;https://twitter.com/fahadmrafiq/status/786979185533124608
dea_tabs;14/10/2016 14:17;0;0;Jason Pierre-Paul Did Not Lose Hand To Exploding Samsung Galaxy Note 7 via B2Community http:// bit.ly/2dpCCKb;;;;7,86979E+17;https://twitter.com/dea_tabs/status/786979183939420161
syndicator;14/10/2016 14:17;0;0;Jason Pierre-Paul Did Not Lose Hand To Exploding Samsung Galaxy Note 7: While there is serious concern over ... http:// bit.ly/2dTdQFn;;;;7,86979E+17;https://twitter.com/syndicator/status/786979180076425217
digital_labz;14/10/2016 14:17;0;0;Jason Pierre-Paul Did Not Lose Hand To Exploding Samsung Galaxy Note 7 http:// bit.ly/2dTdIFX;;;;7,86979E+17;https://twitter.com/digital_labz/status/786979177954017280
jenjonesdemello;14/10/2016 14:17;0;0;Jason Pierre-Paul Did Not Lose Hand To Exploding Samsung Galaxy Note 7 http:// ow.ly/dseu505rPZM;;;;7,86979E+17;https://twitter.com/jenjonesdemello/status/786979173332029445
AprendiendoSM;14/10/2016 14:16;0;0;Jason Pierre-Paul Did Not Lose Hand To Exploding Samsung Galaxy Note 7 http:// ift.tt/2e7xNDH #socialmedia;;;#socialmedia;7,86979E+17;https://twitter.com/AprendiendoSM/status/786979042901782528
Jasmine_Sandler;14/10/2016 14:16;0;0;#Digital #Marketing Jason Pierre-Paul Did Not Lose Hand To Exploding Samsung Galaxy Note 7 http:// ow.ly/p8rC505rPoR;;;#Digital #Marketing;7,86979E+17;https://twitter.com/Jasmine_Sandler/status/786978972848578564
bhumharit;14/10/2016 14:16;0;0;RT: Jason Pierre-Paul Did Not Lose Hand To Exploding Samsung Galaxy Note 7 http:// goo.gl/fb/pL5h3J;;;;7,86979E+17;https://twitter.com/bhumharit/status/786978952216776704
data_nerd;14/10/2016 14:16;0;1;Jason Pierre-Paul Did Not Lose Hand To Exploding Samsung Galaxy Note 7 http:// ow.ly/hrev505rPjl;;;;7,86979E+17;https://twitter.com/data_nerd/status/786978952120242177
UK_MYOB;14/10/2016 14:16;0;0;Jason Pierre-Paul Did Not Lose Hand To Exploding Samsung Galaxy Note 7: http:// ift.tt/2e7xNDH;;;;7,86979E+17;https://twitter.com/UK_MYOB/status/786978951012970497
ExcelVisibility;14/10/2016 14:15;0;0;Jason Pierre-Paul Did Not Lose Hand To Exploding Samsung Galaxy Note 7 - http:// excelvisibility.com/jason-pierre-p aul-did-not-lose-hand-to-exploding-samsung-galaxy-note-7/ … pic.twitter.com/xvPdC9klVl;;;;7,86979E+17;https://twitter.com/ExcelVisibility/status/786978843630379008
B2Community;14/10/2016 14:14;0;1;Jason Pierre-Paul Did Not Lose Hand To Exploding Samsung Galaxy Note 7 http:// goo.gl/fb/pL5h3J;;;;7,86979E+17;https://twitter.com/B2Community/status/786978515619045376
UFOParanormNews;14/10/2016 14:04;0;0;#Snopes Jason Pierre-Paul Blows Off Other Hand After His Samsung Galaxy Note 7 Explodes https:// goo.gl/F7mhtr;;;#Snopes;7,86976E+17;https://twitter.com/UFOParanormNews/status/786975960700743680
FollowNFLNews;14/10/2016 13:41;0;0;Jason Pierre-Paul on pass rush: We just have to finish http:// bit.ly/2e3KBxV #NFL #News #Playoffs;;;#NFL #News #Playoffs;7,8697E+17;https://twitter.com/FollowNFLNews/status/786970235265888257
ScorBoar;14/10/2016 13:36;0;0;Jason Pierre-Paul on pass rush: We just have to finish http:// trib.al/mLftehm #NFL;;;#NFL;7,86969E+17;https://twitter.com/ScorBoar/status/786968905159958528
efnetsent;14/10/2016 13:33;1;1;I can count how many people I trust on Jason Pierre Paul 's hands.;;;;7,86968E+17;https://twitter.com/efnetsent/status/786968273275478016
NOSNNFL;14/10/2016 13:26;0;0;Jason Pierre-Paul on pass rush: We just have to finish http:// dlvr.it/MSF1zS #NFL #NOSN;;;#NFL #NOSN;7,86967E+17;https://twitter.com/NOSNNFL/status/786966523453726721
giantsbuzztap;14/10/2016 13:12;0;0;nbcsports​.com >> Jason Pierre-Paul on pass rush: We just have to finish http:// buzztap.com/-F5J1OW;;;;7,86963E+17;https://twitter.com/giantsbuzztap/status/786963008324972544
GlobalSportsCtr;14/10/2016 13:12;0;0;Jason Pierre-Paul on pass rush: We just have to finish http://www. globalsportscentre.com/jason-pierre-p aul-on-pass-rush-we-just-have-to-finish/ …;;;;7,86963E+17;https://twitter.com/GlobalSportsCtr/status/786962878439968772
GmenFGSN;14/10/2016 13:07;0;3;Jason Pierre-Paul on pass rush: We just have to finish #Giants http:// app.fanly.me/article/JwnU27 RZ8L … pic.twitter.com/jYJSnyWbnL;;;#Giants;7,86962E+17;https://twitter.com/GmenFGSN/status/786961667951304705
playerpress;14/10/2016 13:06;0;0;#NFL Wire: Jason Pierre-Paul on pass rush: We just have to finish http:// profootballtalk.nbcsports.com/2016/10/14/jas on-pierre-paul-on-pass-rush-we-just-have-to-finish/ … http:// playerpress.com;;;#NFL;7,86961E+17;https://twitter.com/playerpress/status/786961334403424259
TheSimGamer;14/10/2016 13:06;0;0;#Jason _ Pierre_Paul on pass rush: We just have to finish: The Giants signed defensive end #Olivier_Vernon as a free… http:// dlvr.it/MSDhJM;;;#Jason #Olivier_Vernon;7,86961E+17;https://twitter.com/TheSimGamer/status/786961310110015488
Football_Smarts;14/10/2016 13:05;0;0;Jason Pierre-Paul on pass rush: We just have to finish http:// ift.tt/2e7lTJW;;;;7,86961E+17;https://twitter.com/Football_Smarts/status/786961126974164996
411SportsDFW;14/10/2016 13:04;0;0;[ #411Sports ] Jason Pierre-Paul on pass rush: We just have to finish http:// ift.tt/2e7lTJW;;;#411Sports;7,86961E+17;https://twitter.com/411SportsDFW/status/786961001891631104
fantasysportsso;14/10/2016 13:04;0;0;Jason Pierre-Paul on pass rush: We just have to finish http:// dlvr.it/MSDfJt #fantasyfootball pic.twitter.com/QJCbNgKS64;;;#fantasyfootball;7,86961E+17;https://twitter.com/fantasysportsso/status/786960810312511488
NFL_FanTeam_Ldr;14/10/2016 13:03;0;0;Jason Pierre-Paul on pass rush: We just have to finish http:// ift.tt/2e7lTJW;;;;7,86961E+17;https://twitter.com/NFL_FanTeam_Ldr/status/786960725315051521
tackled_de;14/10/2016 13:02;0;0;Jason Pierre-Paul on pass rush: We just have to finish http:// ift.tt/2e7lTJW;;;;7,8696E+17;https://twitter.com/tackled_de/status/786960319465844736
SportDreams;14/10/2016 13:01;0;0;#NFL Jason Pierre-Paul on pass rush: We just have to finish http:// bit.ly/2ee6Jlq;;;#NFL;7,8696E+17;https://twitter.com/SportDreams/status/786960083179700224
CapeTownFairy;14/10/2016 13:00;0;0;Jason Pierre-Paul Blows Off Other Hand After His Samsung Galaxy Note 7 Explodes http:// trib.al/kFoVMyH;;;;7,8696E+17;https://twitter.com/CapeTownFairy/status/786959835246002176
ProFootballTalk;14/10/2016 12:58;1;7;Jason Pierre-Paul on pass rush: We just have to finish http:// bit.ly/2ee6Jlq;;;;7,86959E+17;https://twitter.com/ProFootballTalk/status/786959430797656064
snopes;14/10/2016 12:56;6;11;Jason Pierre-Paul Blows Off Other Hand After His Samsung Galaxy Note 7 Explodes http:// trib.al/kFoVMyH;;;;7,86959E+17;https://twitter.com/snopes/status/786958888058970112
headlinepost;14/10/2016 12:50;0;0;Snopes- Jason Pierre-Paul Blows Off Other Hand After His Samsung Galaxy Note 7 Explodes http:// bit.ly/2dSUtfJ;;;;7,86957E+17;https://twitter.com/headlinepost/status/786957417892282368
UrbanLegends;14/10/2016 12:50;0;0;urban legend: A report that New York Giants defensive end Jason Pierre-Paul lost a hand when his cell phone e... http:// bit.ly/2dSUtfJ;;;;7,86957E+17;https://twitter.com/UrbanLegends/status/786957411982516224
SkepNet;14/10/2016 12:50;0;0;Snopes: Jason Pierre-Paul Blows Off Other Hand After His Samsung Galaxy Note 7 Explodes: A report that New Yo... http:// bit.ly/2ee24zQ;;;;7,86957E+17;https://twitter.com/SkepNet/status/786957406068547584
its_Telf;14/10/2016 12:38;0;0;Lmaoo -- Jason Pierre-Paul Blows Off Other Hand After His Samsung Galaxy Note 7 Explodes http:// dailysnark.com/jason-pierre-p aul-blows-hand-samsung-galaxy-note-7-explodes/ … via @DailySnark;;@DailySnark;;7,86954E+17;https://twitter.com/its_Telf/status/786954246868590592
InternetRumors;14/10/2016 12:35;0;0;Did Jason Pierre-Paul Blow-Up Hand After Samsung Galaxy Note 7 Exploded? Giants Player Is Victim Of Viral Hoax - I… http:// ift.tt/2e3wmqy;;;;7,86954E+17;https://twitter.com/InternetRumors/status/786953590627860480
zesty_ny_giants;14/10/2016 12:33;0;0;Jason Pierre-Paul , #OlivierVernon vow to finish games http://www. nfl.com/news/story/0ap 3000000720682/article/jason-pierrepaul-olivier-vernon-vow-to-finish-games … pic.twitter.com/kBouJl16B5;;;#OlivierVernon;7,86953E+17;https://twitter.com/zesty_ny_giants/status/786953130932051968
latest_ooyuz;14/10/2016 12:28;0;0;Did Jason Pierre-Paul Blow-Up Hand After Samsung Galaxy Note 7 Exploded? Giants .... Related Articles: http:// bit.ly/2e3qmjD;;;;7,86952E+17;https://twitter.com/latest_ooyuz/status/786951767028277248
vinnysgreen;14/10/2016 12:11;0;0;Jason Pierre-Paul Blows Off Other Hand After His Samsung Galaxy Note 7 Explodes http://www. snopes.com/jason-pierre-p aul-blows-off-other-hand-after-his-samsung-galaxy-note-7-explodes/ … pic.twitter.com/6izjlAqHgS;;;;7,86947E+17;https://twitter.com/vinnysgreen/status/786947438716215296
NFL_USA_News;14/10/2016 11:58;0;0;Jason Pierre-Paul , Olivier Vernon vow to 'finish' games #Nfl http://www. newslocker.com/en-us/sport/nf l/jason-pierre-paul-olivier-vernon-vow-to-finish-games/ …;;;#Nfl;7,86944E+17;https://twitter.com/NFL_USA_News/status/786944195705667586
banihafidz34;14/10/2016 11:57;0;0;Did Jason Pierre-Paul Blow-Up Hand After Samsung Galaxy Note 7 Exploded? Giants Player Is Victim Of Viral Hoa... http:// bit.ly/2dSMLT0;;;;7,86944E+17;https://twitter.com/banihafidz34/status/786944096539508737
JoeCamel_Sports;14/10/2016 11:41;0;0;Jason Pierre-Paul , Olivier Vernon vow to 'finish' games: Giants defensive ends Jason Pierre-Paul a... http:// bit.ly/2edwD90 #NFL #NYG;;;#NFL #NYG;7,8694E+17;https://twitter.com/JoeCamel_Sports/status/786939977863049216
ivictorya;14/10/2016 11:32;0;0;"LMAO ..his phone was more explosive than the Giants offense this season"" Jason Pierre-Paul Blows Off Other Hand http:// dailysnark.com/jason-pierre-p aul-blows-hand-samsung-galaxy-note-7-explodes/ …""";;;;7,86938E+17;https://twitter.com/ivictorya/status/786937724431396868
PigskinsnPedis;14/10/2016 11:22;0;0;Jason Pierre-Paul Blows Off Other Hand After His Samsung Galaxy Note 7 Explodes http:// dailysnark.com/jason-pierre-p aul-blows-hand-samsung-galaxy-note-7-explodes/ … via @DailySnark;;@DailySnark;;7,86935E+17;https://twitter.com/PigskinsnPedis/status/786935259111841792
giantseats;14/10/2016 11:22;0;0;Jason Pierre-Paul , Olivier Vernon vow to 'finish' games http:// bit.ly/2dPsrPQ;;;;7,86935E+17;https://twitter.com/giantseats/status/786935162688778240
IBES16;14/10/2016 11:20;0;1;Facebook - Jason Pierre-Paul blows off other hand with Galaxy Note 7 Twitter - Jason Pierre-Paul has a groin injury What's going on?;;;;7,86935E+17;https://twitter.com/IBES16/status/786934629240537088
ibrahimhomsi;14/10/2016 11:18;0;0;"Not news, but entertaining.  Jason Pierre-Paul Blows Off Other Hand After His Samsung Galaxy Note 7 Explodes"" http:// dailysnark.com/jason-pierre-p aul-blows-hand-samsung-galaxy-note-7-explodes/ …""";;;;7,86934E+17;https://twitter.com/ibrahimhomsi/status/786934148501942275
dlcalab;14/10/2016 11:14;0;4;Oh god @McLaughLiam ! Jason Pierre-Paul Blows Off Other Hand After His Samsung Galaxy Note 7 Explodes http:// dailysnark.com/jason-pierre-p aul-blows-hand-samsung-galaxy-note-7-explodes/ … #NYGiants;;@McLaughLiam;#NYGiants;7,86933E+17;https://twitter.com/dlcalab/status/786933210039128064
therofl;14/10/2016 11:13;0;0;Jason Pierre-Paul , Olivier Vernon vow to ‘finish’ games http://www. nfl.com/news/story/0ap 3000000720682/article/jason-pierrepaul-olivier-vernon-vow-to-finish-games …;;;;7,86933E+17;https://twitter.com/therofl/status/786933042073874432
tilledturf;14/10/2016 11:10;0;0;Jason Pierre-Paul , Olivier Vernon vow to 'finish' games http://www. tilledturf.com/detail.php?fid =342472 …;;;;7,86932E+17;https://twitter.com/tilledturf/status/786932077849550848
Gerick;14/10/2016 10:56;0;0;"To be fair, here are the non-personalized top Google results for  Jason Pierre Paul "" Not just a Facebook problem. pic.twitter.com/9WUCy6l8ws""";;;;7,86929E+17;https://twitter.com/Gerick/status/786928680589225984
Free2FiVe;14/10/2016 10:55;0;0;" Jason Pierre-Paul Blows Off Other Hand After His Samsung Galaxy Note 7 Explodes"" - that's fugged up lol""";;;;7,86928E+17;https://twitter.com/Free2FiVe/status/786928335892819968
larrys66diner;14/10/2016 10:54;0;1;Jason Pierre-Paul Blows Off Other Hand After His Samsung Galaxy Note 7 Explodes - Daily Snark http:// ow.ly/CCWu305bm7W;;;;7,86928E+17;https://twitter.com/larrys66diner/status/786928273611747328
Free2FiVe;14/10/2016 10:54;0;1;"I can't lie... that Jason Pierre-Paul hoax got me lmao.... I literally said out loud in my office THIS NIGGA.....""""";;;;7,86928E+17;https://twitter.com/Free2FiVe/status/786928272919506944
NinaPillard;14/10/2016 10:54;0;0;Jason Pierre-Paul , Olivier Vernon vow to 'finish' games http:// goo.gl/fb/8tuhGy #NFL #CFB #MLB #NBA #newyorkgiants;;;#NFL #CFB #MLB #NBA #newyorkgiants;7,86928E+17;https://twitter.com/NinaPillard/status/786928066920669184
rcaster;14/10/2016 10:52;0;0;Just had @facebook recommend in #TrendingNews a Daily Snark art. about Jason Pierre-Paul 's Galaxy Note blowing off his hand. Bad algorithm.;;@facebook;#TrendingNews;7,86928E+17;https://twitter.com/rcaster/status/786927738443730945
mariamzzarella;14/10/2016 10:52;0;0;Jason Pierre-Paul blew up right hand after Samsung Galaxy Note 7 exploded: Hoax or real? http:// ibtimes.com/did-jason-pier re-paul-blow-hand-after-samsung-galaxy-note-7-exploded-giants-player-2431708 … #JPP #JasonPierrePaul #NYG pic.twitter.com/VSrlnkt1Ji;;;#JPP #JasonPierrePaul #NYG;7,86928E+17;https://twitter.com/mariamzzarella/status/786927619933605888
Mister_Loving;14/10/2016 10:52;0;0;Jason Pierre-Paul Blows Off Other Hand After His Samsung Galaxy Note 7 Explodes http:// dailysnark.com/jason-pierre-p aul-blows-hand-samsung-galaxy-note-7-explodes/ … via @DailySnark LOL can't be real;;@DailySnark;;7,86928E+17;https://twitter.com/Mister_Loving/status/786927586437980160
pat1659374993;14/10/2016 10:49;0;0;Jason Pierre-Paul Blows Off Other Hand After His Samsung Galaxy Note 7 Explodes http:// dailysnark.com/jason-pierre-p aul-blows-hand-samsung-galaxy-note-7-explodes/ … via @DailySnark;;@DailySnark;;7,86927E+17;https://twitter.com/pat1659374993/status/786926997712740354
nfl_fan_gear;14/10/2016 10:46;0;0;Jason Pierre-Paul , Olivier Vernon vow to 'finish' games - Giants defensive ends Jason Pierre-Paul and Olivier V... http:// ow.ly/SMWo505rqYS;;;;7,86926E+17;https://twitter.com/nfl_fan_gear/status/786926267002155008
WishFeeder;14/10/2016 10:44;0;0;Jason Pierre-Paul , Olivier Vernon vow to 'finish' games http:// dlvr.it/MSBbtk #NFL;;;#NFL;7,86926E+17;https://twitter.com/WishFeeder/status/786925737836105729
FollowNFLNews;14/10/2016 10:44;0;0;Jason Pierre-Paul , Olivier Vernon vow to 'finish' games http:// bit.ly/2dBzU1N #NFL #News #Playoffs;;;#NFL #News #Playoffs;7,86926E+17;https://twitter.com/FollowNFLNews/status/786925688431403008
johnobeto;14/10/2016 10:43;0;0;#FunnyNotFunny -> Jason Pierre-Paul Blows Off Other Hand After His Samsung Galaxy Note 7 Explodes http:// dailysnark.com/jason-pierre-p aul-blows-hand-samsung-galaxy-note-7-explodes/ …;;;#FunnyNotFunny;7,86925E+17;https://twitter.com/johnobeto/status/786925317051015168
giantsbuzztap;14/10/2016 10:36;0;0;nfl​.com >> Jason Pierre-Paul , Olivier Vernon vow to 'finish' games http:// buzztap.com/-UZrubU;;;;7,86924E+17;https://twitter.com/giantsbuzztap/status/786923663182303232
Ramona_Rice;14/10/2016 10:35;0;0;Jason Pierre-Paul , Olivier Vernon vow to 'finish' games http:// buff.ly/2ezy31O;;;;7,86923E+17;https://twitter.com/Ramona_Rice/status/786923305643237376
iamjamesbaek;14/10/2016 10:29;0;0;Jason Pierre Paul blew off his other hand after his Samsung Galaxy Note 7 exploded. #RIP to his career;;;#RIP;7,86922E+17;https://twitter.com/iamjamesbaek/status/786921776341250048
TrillestNews;14/10/2016 10:25;0;0;Jason Pierre-Paul , Olivier Vernon vow to 'finish' games http:// j.mp/2e3bUIq;;;;7,86921E+17;https://twitter.com/TrillestNews/status/786920849710288896
Giants_Newz;14/10/2016 10:25;0;0;Giants_Newz. Jason Pierre-Paul , Olivier Vernon vow to 'finish' games - http:// NFL.com http:// aggbot.com/New-York-Giant s-News/article/29011569 …;;;;7,86921E+17;https://twitter.com/Giants_Newz/status/786920838520078336
NOSNetwork;14/10/2016 10:25;0;0;Jason Pierre-Paul , Olivier Vernon vow to 'finish' games http:// dlvr.it/MSBKCD #NFL #NOSN;;;#NFL #NOSN;7,86921E+17;https://twitter.com/NOSNetwork/status/786920827782434819
davidsonLj;14/10/2016 10:25;0;0;Jason Pierre-Paul , Olivier Vernon vow to 'finish' games http:// dlvr.it/MSBKD6 pic.twitter.com/fp5Fes5pwZ;;;;7,86921E+17;https://twitter.com/davidsonLj/status/786920826423562242
chris_bgreen;14/10/2016 10:25;0;0;Jason Pierre-Paul , Olivier Vernon vow to 'finish' games http:// dlvr.it/MSBKBy pic.twitter.com/8nSMj19tMA;;;;7,86921E+17;https://twitter.com/chris_bgreen/status/786920817682583552
NOSNNFL;14/10/2016 10:25;0;0;Jason Pierre-Paul , Olivier Vernon vow to 'finish' games http:// dlvr.it/MSBKDh #NFL #NOSN;;;#NFL #NOSN;7,86921E+17;https://twitter.com/NOSNNFL/status/786920798552363008
FOXNFLDESK;14/10/2016 10:25;0;1;Jason Pierre-Paul , Olivier Vernon vow to 'finish' games http:// dlvr.it/MSBK9t;;;;7,86921E+17;https://twitter.com/FOXNFLDESK/status/786920791329738752
FootballFanTwts;14/10/2016 10:21;0;0;#giants #nfl #dfs Jason Pierre-Paul , Olivier Vernon vow to 'finish' games http:// bit.ly/2edwD90 http:// bit.ly/1kxTnCW;;;#giants #nfl #dfs;7,8692E+17;https://twitter.com/FootballFanTwts/status/786919890858848257
jaimegracia;14/10/2016 10:21;0;0;Jason Pierre-Paul , Olivier Vernon vow to 'finish' games http:// bit.ly/2edwD90 #Giants;;;#Giants;7,8692E+17;https://twitter.com/jaimegracia/status/786919882742898688
giantshub;14/10/2016 10:21;0;0;Jason Pierre-Paul , Olivier Vernon vow to 'finish' games: Giants defensive ends ... http:// bit.ly/2edwD90 (per http:// NFL.com );;;;7,8692E+17;https://twitter.com/giantshub/status/786919880666652676
norge_nfl;14/10/2016 10:20;0;0;Jason Pierre-Paul , Olivier Vernon vow to 'finish' games http:// goo.gl/fb/s4JVYF #newyorkgiants;;;#newyorkgiants;7,8692E+17;https://twitter.com/norge_nfl/status/786919505335349248
footballfandom;14/10/2016 10:16;0;0;Jason Pierre-Paul , Olivier Vernon vow to 'finish' games - Giants defensive ends Jason Pierre-Paul and Olivier V... http:// ow.ly/tyIm505rnyz;;;;7,86919E+17;https://twitter.com/footballfandom/status/786918715786919937
Insider_Sports;14/10/2016 10:14;0;0;Jason Pierre-Paul , Olivier Vernon vow to 'finish' games http:// dlvr.it/MSB7Vm;;;;7,86918E+17;https://twitter.com/Insider_Sports/status/786918178374889472
YourFavNewsPage;14/10/2016 10:14;0;0;Jason Pierre-Paul , Olivier Vernon vow to 'finish' games http:// dlvr.it/MSB7PP;;;;7,86918E+17;https://twitter.com/YourFavNewsPage/status/786918165347311617
footballclubnfl;14/10/2016 10:14;0;0;Jason Pierre-Paul , Olivier Vernon vow to 'finish' games http:// dlvr.it/MSB79P;;;;7,86918E+17;https://twitter.com/footballclubnfl/status/786918134284378112
tackled_de;14/10/2016 10:14;0;0;Jason Pierre-Paul , Olivier Vernon vow to 'finish' games http:// ift.tt/2eatQml;;;;7,86918E+17;https://twitter.com/tackled_de/status/786918079792119808
ISportsForumI;14/10/2016 10:13;0;0;Jason Pierre-Paul , Olivier Vernon vow to 'finish' games: Giants defensive ends Jason Pierre-Paul and Olivier ... http:// bit.ly/2edwD90;;;;7,86918E+17;https://twitter.com/ISportsForumI/status/786917852070543361
albert2729;14/10/2016 10:13;0;0;new Jason Pierre-Paul , Olivier Vernon vow to 'finish' games: Giants defensive ends Jason Pierre-Paul and Oliv... http:// bit.ly/2edwD90;;;;7,86918E+17;https://twitter.com/albert2729/status/786917833909243905
Wudson_;14/10/2016 10:13;0;0;[NFL] Jason Pierre-Paul , Olivier Vernon vow to 'finish' games http:// bit.ly/2edwD90 #tudopelaNFL;;;#tudopelaNFL;7,86918E+17;https://twitter.com/Wudson_/status/786917824245620737
EuCobro;14/10/2016 10:13;0;0;[NFL] Jason Pierre-Paul , Olivier Vernon vow to 'finish' games http:// bit.ly/2edwD90 #tudopelaNFL;;;#tudopelaNFL;7,86918E+17;https://twitter.com/EuCobro/status/786917822672756737
GlobalSportsCtr;14/10/2016 10:13;0;0;#nfl #espn #gameday Jason Pierre-Paul , Olivier Vernon vow to 'finish' games: Gi... http:// bit.ly/2edwD90 VISIT http:// bit.ly/28ZnSfW;;;#nfl #espn #gameday;7,86918E+17;https://twitter.com/GlobalSportsCtr/status/786917819761893376
ATJr_Yankees;14/10/2016 10:13;0;0;Jason Pierre-Paul , Olivier Vernon vow to 'finish' games: Giants defensive ends Jason Pierre-Paul and Oli... http:// bit.ly/2edwD90 @NFL;;@NFL;;7,86918E+17;https://twitter.com/ATJr_Yankees/status/786917811712987136
Cargon83;14/10/2016 10:13;0;0;NFL Jason Pierre-Paul , Olivier Vernon vow to 'finish' games http:// bit.ly/2edwD90;;;;7,86918E+17;https://twitter.com/Cargon83/status/786917809079005186
NFL_Mecca;14/10/2016 10:13;0;0;Jason Pierre-Paul , Olivier Vernon vow to 'finish' games: Giants defensive ends Jason Pierre-Paul and Olivier ... http:// bit.ly/2edwD90;;;;7,86918E+17;https://twitter.com/NFL_Mecca/status/786917804079316992
thegridirontime;14/10/2016 10:13;0;0;New: Jason Pierre-Paul , Olivier Vernon vow to 'finish' games http:// bit.ly/2edwD90 #nflnews;;;#nflnews;7,86918E+17;https://twitter.com/thegridirontime/status/786917800635830272
tpsquadshow;14/10/2016 10:13;0;0;Jason Pierre-Paul , Olivier Vernon vow to 'finish' games: Giants defensive ends Jason Pierre-Paul and Olivier ... http:// bit.ly/2edwD90;;;;7,86918E+17;https://twitter.com/tpsquadshow/status/786917789663567872
torrea40;14/10/2016 10:13;0;0;Jason Pierre-Paul , Olivier Vernon vow to 'finish' games http:// ln.is/www.nfl.com/ne ws/sto/uXLVJ … #NFL;;;#NFL;7,86918E+17;https://twitter.com/torrea40/status/786917785179918337
IzanusWillo;14/10/2016 10:13;0;0;Jason Pierre-Paul , Olivier Vernon vow to 'finish' games: Giants defensive ends Jason Pierre-Paul and Olivier ... http:// bit.ly/2edwD90;;;;7,86918E+17;https://twitter.com/IzanusWillo/status/786917774236852224
MrSportsJerseys;14/10/2016 10:13;0;0;Jason Pierre-Paul , Olivier Vernon vow to 'finish' games http:// fb.me/6tgk9niJp;;;;7,86918E+17;https://twitter.com/MrSportsJerseys/status/786917770898182146
JollyIronFist;14/10/2016 10:13;0;0;Jason Pierre-Paul , Olivier Vernon vow to 'finish' games: Giants defensive ends Jason Pierre-Paul and Olivier ... http:// bit.ly/2edwD90;;;;7,86918E+17;https://twitter.com/JollyIronFist/status/786917770730450944
MrSportsJerseys;14/10/2016 10:13;0;0;Jason Pierre-Paul , Olivier Vernon vow to 'finish' games http:// fb.me/1DenhgowM;;;;7,86918E+17;https://twitter.com/MrSportsJerseys/status/786917764992819200
FootballFanTwts;14/10/2016 10:13;0;0;#nfl #football #DFS Jason Pierre-Paul , Olivier Vernon vow to 'finish' games http:// bit.ly/2edwD90 http:// bit.ly/1kxTnCW;;;#nfl #football #DFS;7,86918E+17;https://twitter.com/FootballFanTwts/status/786917764556468224
DraftBomb;14/10/2016 10:13;0;0;Jason Pierre-Paul , Olivier Vernon vow to 'finish' games: Giants defensive ends Jason Pierr... http:// bit.ly/2edwD90 #DraftBombNFL #NFL;;;#DraftBombNFL #NFL;7,86918E+17;https://twitter.com/DraftBomb/status/786917763411423233
davemasters;14/10/2016 10:13;0;0;Jason Pierre-Paul , Olivier Vernon vow to 'finish' games http:// bit.ly/2edwD90 #NFL;;;#NFL;7,86918E+17;https://twitter.com/davemasters/status/786917762555719680
_thatisawkari;14/10/2016 10:13;0;0;Jason Pierre-Paul , Olivier Vernon vow to 'finish' games: Giants defensive ends Jason Pierre-Paul and Olivier ... http:// bit.ly/2edwD90;;;;7,86918E+17;https://twitter.com/_thatisawkari/status/786917755190595585
UnderReviewShow;14/10/2016 10:13;0;0;#NFLNews Jason Pierre-Paul , Olivier Vernon vow to 'finish' games: Giants defensive ends Jaso... http:// bit.ly/2edwD90 #UnderReviewShow;;;#NFLNews #UnderReviewShow;7,86918E+17;https://twitter.com/UnderReviewShow/status/786917751130435584
MrSportsJerseys;14/10/2016 10:13;0;0;Jason Pierre-Paul , Olivier Vernon vow to 'finish' games: Giants defensive ends Jason Pierre-Pa... http:// bit.ly/2efmOsc #nfl #football;;;#nfl #football;7,86918E+17;https://twitter.com/MrSportsJerseys/status/786917746323795968
49ersterritory;14/10/2016 10:13;0;0;Jason Pierre-Paul , Olivier Vernon vow to 'finish' games: Giants defensive ends Jason Pierre-Paul and Olivier ... http:// bit.ly/2edypHa;;;;7,86918E+17;https://twitter.com/49ersterritory/status/786917744557985792
NFL_News_Feed;14/10/2016 10:13;0;0;Jason Pierre-Paul , Olivier Vernon vow to 'finish' games http:// bit.ly/2edwD90 #NFL #NEWS;;;#NFL #NEWS;7,86918E+17;https://twitter.com/NFL_News_Feed/status/786917728346963969
GeekBasin;14/10/2016 10:13;0;0;Jason Pierre-Paul , Olivier Vernon vow to 'finish' games: Giants defensive ends Jason Pierre-Paul and Olivier ... http:// bit.ly/2edxary;;;;7,86918E+17;https://twitter.com/GeekBasin/status/786917724706320384
GeekBasin;14/10/2016 10:13;0;0;Jason Pierre-Paul , Olivier Vernon vow to 'finish' games: Giants defensive ends Jason Pierre-Paul and Olivier ... http:// bit.ly/2dPgslc;;;;7,86918E+17;https://twitter.com/GeekBasin/status/786917724303654913
Danalytics13;14/10/2016 10:12;0;0;Jason Pierre-Paul Blows Off Other Hand After His Samsung Galaxy Note 7 Explodes http:// dailysnark.com/jason-pierre-p aul-blows-hand-samsung-galaxy-note-7-explodes/ … via @DailySnark;;@DailySnark;;7,86918E+17;https://twitter.com/Danalytics13/status/786917721086627840
CoachCarson;14/10/2016 10:12;0;0;#NFL Jason Pierre-Paul , Olivier Vernon vow to 'finish' games: Giants defensive ends Jason Pierre-Paul and Oli... http:// bit.ly/2edwD90;;;#NFL;7,86918E+17;https://twitter.com/CoachCarson/status/786917715998937088
FantasyBroApp;14/10/2016 10:12;0;0;Jason Pierre-Paul , Olivier Vernon vow to 'finish' games: Giants defensive ends Jason Pierre-... http:// bit.ly/2edwD90 #FantasyFootball;;;#FantasyFootball;7,86918E+17;https://twitter.com/FantasyBroApp/status/786917711565631489
ngrumps;14/10/2016 10:12;0;0;Jason Pierre-Paul , Olivier Vernon vow to 'finish' games http:// bit.ly/2edwD90 #NFL;;;#NFL;7,86918E+17;https://twitter.com/ngrumps/status/786917699536375812
KingBearSports;14/10/2016 10:12;0;0;Jason Pierre-Paul , Olivier Vernon vow to 'finish' games: Giants defensive ends Jason Pierre-Paul and Olivier ... http:// bit.ly/2dPj8iT;;;;7,86918E+17;https://twitter.com/KingBearSports/status/786917691688820736
KingBearSports;14/10/2016 10:12;0;0;Jason Pierre-Paul , Olivier Vernon vow to 'finish' games: Giants defensive ends Jason Pierre-Paul and Olivier ... http:// bit.ly/2edx9np;;;;7,86918E+17;https://twitter.com/KingBearSports/status/786917691676237824
SportsPage365;14/10/2016 10:12;0;0;Jason Pierre-Paul , Olivier Vernon vow to 'finish' games http:// fb.me/1r6FKT3FE;;;;7,86918E+17;https://twitter.com/SportsPage365/status/786917687532347393
SportsPage365;14/10/2016 10:12;0;0;Jason Pierre-Paul , Olivier Vernon vow to 'finish' games http:// fb.me/2AMZLG1eL;;;;7,86918E+17;https://twitter.com/SportsPage365/status/786917687435878400
SportsPage365;14/10/2016 10:12;0;0;Jason Pierre-Paul , Olivier Vernon vow to 'finish' games: Giants defensive ends Jason Pierre-Paul and Olivier ... http:// bit.ly/2edwD90;;;;7,86918E+17;https://twitter.com/SportsPage365/status/786917666850168832
SenoAldinata;14/10/2016 10:12;0;0;Jason Pierre-Paul , Olivier Vernon vow to 'finish' games: Giants defensive ends Jason Pierre-Paul and Olivier ... http:// bit.ly/2edwD90;;;;7,86918E+17;https://twitter.com/SenoAldinata/status/786917659619110912
NFLFandom;14/10/2016 10:12;0;0;Jason Pierre-Paul , Olivier Vernon vow to 'finish' games: Giants defensive ends Jason Pierre-P... http:// bit.ly/2edwD90 #NFL #NFLFandom;;;#NFL #NFLFandom;7,86918E+17;https://twitter.com/NFLFandom/status/786917652899913728
nflpicksweek8;14/10/2016 10:12;0;0;#nfl Jason Pierre-Paul , Olivier Vernon vow to 'finish' games: Giants defensive ends Jason Pierre... http:// bit.ly/2edwD90 #nflfootball;;;#nfl #nflfootball;7,86918E+17;https://twitter.com/nflpicksweek8/status/786917643991158784
nflpicksweek7;14/10/2016 10:12;0;0;#nfl Jason Pierre-Paul , Olivier Vernon vow to 'finish' games: Giants defensive ends Jason Pierre... http:// bit.ly/2edwD90 #nflfootball;;;#nfl #nflfootball;7,86918E+17;https://twitter.com/nflpicksweek7/status/786917639482335234
nflpicksweek6;14/10/2016 10:12;0;0;#nfl Jason Pierre-Paul , Olivier Vernon vow to 'finish' games: Giants defensive ends Jason Pierre... http:// bit.ly/2edwD90 #nflfootball;;;#nfl #nflfootball;7,86918E+17;https://twitter.com/nflpicksweek6/status/786917636625969152
nflpicksweek5;14/10/2016 10:12;0;0;#nfl Jason Pierre-Paul , Olivier Vernon vow to 'finish' games: Giants defensive ends Jason Pierre... http:// bit.ly/2edwD90 #nflfootball;;;#nfl #nflfootball;7,86918E+17;https://twitter.com/nflpicksweek5/status/786917632431620096
nflpicksweek4;14/10/2016 10:12;0;0;#nfl Jason Pierre-Paul , Olivier Vernon vow to 'finish' games: Giants defensive ends Jason Pierre... http:// bit.ly/2edwD90 #nflfootball;;;#nfl #nflfootball;7,86918E+17;https://twitter.com/nflpicksweek4/status/786917629596307456
week8nflpicks;14/10/2016 10:12;0;0;#nfl Jason Pierre-Paul , Olivier Vernon vow to 'finish' games: Giants defensive ends Jason Pierre... http:// bit.ly/2edwD90 #nflfootball;;;#nfl #nflfootball;7,86918E+17;https://twitter.com/week8nflpicks/status/786917623434842114
week5nflpicks;14/10/2016 10:12;0;0;#nfl Jason Pierre-Paul , Olivier Vernon vow to 'finish' games: Giants defensive ends Jason Pierre... http:// bit.ly/2edwD90 #nflfootball;;;#nfl #nflfootball;7,86918E+17;https://twitter.com/week5nflpicks/status/786917618703753218
week4nflpicks;14/10/2016 10:12;0;0;#nfl Jason Pierre-Paul , Olivier Vernon vow to 'finish' games: Giants defensive ends Jason Pierre... http:// bit.ly/2edwD90 #nflfootball;;;#nfl #nflfootball;7,86918E+17;https://twitter.com/week4nflpicks/status/786917613951590400
mobilesports;14/10/2016 10:12;0;0;#nfl Jason Pierre-Paul , Olivier Vernon vow to 'finish' games: Giants defensive ends Jason Pierre... http:// bit.ly/2edwD90 #nflfootball;;;#nfl #nflfootball;7,86918E+17;https://twitter.com/mobilesports/status/786917607580413952
week3nflpicks;14/10/2016 10:12;0;0;#nfl Jason Pierre-Paul , Olivier Vernon vow to 'finish' games: Giants defensive ends Jason Pierre... http:// bit.ly/2edwD90 #nflfootball;;;#nfl #nflfootball;7,86918E+17;https://twitter.com/week3nflpicks/status/786917602710855680
week2nflpicks;14/10/2016 10:12;0;0;#nfl Jason Pierre-Paul , Olivier Vernon vow to 'finish' games: Giants defensive ends Jason Pierre... http:// bit.ly/2edwD90 #nflfootball;;;#nfl #nflfootball;7,86918E+17;https://twitter.com/week2nflpicks/status/786917594519318528
week1nflpicks;14/10/2016 10:12;0;0;#nfl Jason Pierre-Paul , Olivier Vernon vow to 'finish' games: Giants defensive ends Jason Pierre... http:// bit.ly/2edwD90 #nflfootball;;;#nfl #nflfootball;7,86918E+17;https://twitter.com/week1nflpicks/status/786917590396313600
nflpicksweek3;14/10/2016 10:12;0;0;#nfl Jason Pierre-Paul , Olivier Vernon vow to 'finish' games: Giants defensive ends Jason Pierre... http:// bit.ly/2edwD90 #nflfootball;;;#nfl #nflfootball;7,86918E+17;https://twitter.com/nflpicksweek3/status/786917587317772288
nflpicksweek1;14/10/2016 10:12;0;0;#nfl Jason Pierre-Paul , Olivier Vernon vow to 'finish' games: Giants defensive ends Jason Pierre... http:// bit.ly/2edwD90 #nflfootball;;;#nfl #nflfootball;7,86918E+17;https://twitter.com/nflpicksweek1/status/786917581609283584
nflbettingodds;14/10/2016 10:12;0;0;#nfl Jason Pierre-Paul , Olivier Vernon vow to 'finish' games: Giants defensive ends Jason Pierre... http:// bit.ly/2edwD90 #nflfootball;;;#nfl #nflfootball;7,86918E+17;https://twitter.com/nflbettingodds/status/786917577687568385
nflpicksfree;14/10/2016 10:12;0;0;#nfl Jason Pierre-Paul , Olivier Vernon vow to 'finish' games: Giants defensive ends Jason Pierre... http:// bit.ly/2edwD90 #nflfootball;;;#nfl #nflfootball;7,86918E+17;https://twitter.com/nflpicksfree/status/786917574332194816
comparenflodds;14/10/2016 10:12;0;0;#nfl Jason Pierre-Paul , Olivier Vernon vow to 'finish' games: Giants defensive ends Jason Pierre... http:// bit.ly/2edwD90 #nflfootball;;;#nfl #nflfootball;7,86918E+17;https://twitter.com/comparenflodds/status/786917569760342017
Crazedoutsports;14/10/2016 10:12;0;0;Jason Pierre-Paul , Olivier Vernon vow to 'finish' games: Giants defensive ends Jason Pierre-Paul and Olivier ... http:// bit.ly/2edwD90;;;;7,86918E+17;https://twitter.com/Crazedoutsports/status/786917565758971904
DemJacksonBoyz;14/10/2016 10:12;0;0;Jason Pierre-Paul , Olivier Vernon vow to 'finish' games: Giants defensive ends Jason Pierre-Paul and Olivier ... http:// tinyurl.com/zqnljvh;;;;7,86918E+17;https://twitter.com/DemJacksonBoyz/status/786917564479713280
DemJacksonBoyz;14/10/2016 10:12;0;0;Jason Pierre-Paul , Olivier Vernon vow to 'finish' games: Giants defensive ends Jason Pierre-Paul and Olivier ... http:// bit.ly/2edwD90;;;;7,86918E+17;https://twitter.com/DemJacksonBoyz/status/786917561614995456
fourthandshort;14/10/2016 10:12;0;0;Jason Pierre-Paul , Olivier Vernon vow to 'finish' games: Giants defensive ends Jason Pierre-Paul and Olivier ... http:// bit.ly/2edwD90;;;;7,86918E+17;https://twitter.com/fourthandshort/status/786917556695072769
TOPBETSA;14/10/2016 10:12;0;0;[NFL] Jason Pierre-Paul , Olivier Vernon vow to 'finish' games: Giants defensive ends ... http:// bit.ly/2edwD90 http:// topbet.co.za;;;;7,86918E+17;https://twitter.com/TOPBETSA/status/786917540471513088
nflscore;14/10/2016 10:12;0;0;Jason Pierre-Paul , Olivier Vernon vow to 'finish' games: Giants defensive ends Jason Pierre-Paul and Olivier ... http:// bit.ly/2dSvZ6r;;;;7,86918E+17;https://twitter.com/nflscore/status/786917530073915394
SportsCast365;14/10/2016 10:12;0;0;Jason Pierre-Paul , Olivier Vernon vow to 'finish' games: Giants defensive ends Jason Pierre-Paul and Olivier ... http:// bit.ly/2edwD90;;;;7,86918E+17;https://twitter.com/SportsCast365/status/786917527913832449
NFL_Honey;14/10/2016 10:12;0;0;Jason Pierre-Paul , Olivier Vernon vow to 'finish' games: Giants defensive ends Jason Pierre-Paul and Olivier ... http:// bit.ly/2edxPJF;;;;7,86918E+17;https://twitter.com/NFL_Honey/status/786917525938331648
nflchina;14/10/2016 10:12;0;0;#最新消息 #NFL Jason Pierre-Paul , Olivier Vernon vow to 'finish' games: Giants defensive ends Jason Pierre-Paul a... http:// bit.ly/2edwi6a;;;# #NFL;7,86918E+17;https://twitter.com/nflchina/status/786917523446870017
TeamCarvon;14/10/2016 10:12;0;0;A Football Tweet: Jason Pierre-Paul , Olivier Vernon vow to 'finish' games http:// bit.ly/2edwD90;;;;7,86918E+17;https://twitter.com/TeamCarvon/status/786917521605562372
PhillyHugh;14/10/2016 10:12;0;0;Jason Pierre-Paul , Olivier Vernon vow to 'finish' games: Giants defensive ends Jason Pierre-Paul and Oli... http:// bit.ly/2edx1o0 #NFL;;;#NFL;7,86918E+17;https://twitter.com/PhillyHugh/status/786917517415460865
FanDuelFootball;14/10/2016 10:12;0;0;Jason Pierre-Paul , Olivier Vernon vow to 'finish' games: Giants defensive ends ... http:// bit.ly/2dSxEJ6 (per http:// NFL.com );;;;7,86918E+17;https://twitter.com/FanDuelFootball/status/786917511287623680
JoeCamel_Sports;14/10/2016 10:12;0;0;Jason Pierre-Paul , Olivier Vernon vow to 'finish' games: Giants defensive ends Jason Pierre-Paul and Oli... http:// bit.ly/2edwe6f #NFL;;;#NFL;7,86918E+17;https://twitter.com/JoeCamel_Sports/status/786917504589271040
GmenFGSN;14/10/2016 10:11;0;2;Jason Pierre-Paul , Olivier Vernon vow to 'finish' games #NYGiants http:// app.fanly.me/article/a8DgnI 9eEq …;;;#NYGiants;7,86917E+17;https://twitter.com/GmenFGSN/status/786917364503838720
NFL_FanTeam_Ldr;14/10/2016 10:11;0;0;Jason Pierre-Paul , Olivier Vernon vow to 'finish' games http:// ift.tt/2eatQml;;;;7,86917E+17;https://twitter.com/NFL_FanTeam_Ldr/status/786917309608824833
cyrusmileyrwer2;14/10/2016 10:11;0;0;Jason Pierre-Paul , Olivier Vernon vow to 'finish' games http:// calenderschedule.com;;;;7,86917E+17;https://twitter.com/cyrusmileyrwer2/status/786917307675209728
IamAbortion;14/10/2016 10:10;0;0;Jason Pierre-Paul , Olivier Vernon vow to 'finish' games http:// calenderschedule.com #nfl;;;#nfl;7,86917E+17;https://twitter.com/IamAbortion/status/786917086866137090
GamecockYouthFB;14/10/2016 10:10;0;0;Jason Pierre-Paul , Olivier Vernon vow to 'finish' games http:// ift.tt/2eatQml;;;;7,86917E+17;https://twitter.com/GamecockYouthFB/status/786917076023771136
krakkerz;14/10/2016 10:10;0;0;#krakkerzNFL Jason Pierre-Paul , Olivier Vernon vow to 'finish' games http:// ift.tt/2eatQml;;;#krakkerzNFL;7,86917E+17;https://twitter.com/krakkerz/status/786916982675402756
cedrictillman;14/10/2016 10:09;0;0;Jason Pierre-Paul Blows Off Other Hand After His Samsung Galaxy Note 7 Explodes http:// dailysnark.com/jason-pierre-p aul-blows-hand-samsung-galaxy-note-7-explodes/ … via @DailySnark #yallwrong;;@DailySnark;#yallwrong;7,86917E+17;https://twitter.com/cedrictillman/status/786916955445796864
lipglosstofu;14/10/2016 10:09;0;0;#NFL http:// ift.tt/2eatQml Jason Pierre-Paul , Olivier Vernon vow to 'finish' games;;;#NFL;7,86917E+17;https://twitter.com/lipglosstofu/status/786916806086762496
NFL_FootballFan;14/10/2016 10:08;0;0;Jason Pierre-Paul , Olivier Vernon vow to 'finish' games http:// dlvr.it/MSB3dT #NewYorkGiants #DominiqueRodgersCromartie #JasonPierrePaul;;;#NewYorkGiants #DominiqueRodgersCromartie #JasonPierrePaul;7,86917E+17;https://twitter.com/NFL_FootballFan/status/786916691552854020
giantsnflbnn;14/10/2016 10:08;0;0;Jason Pierre-Paul , Olivier Vernon vow to 'finish' games: Giants defensive ends Jason Pierre-Paul and Olivier Vernon… http:// m.tbnn.it/MSB37t;;;;7,86917E+17;https://twitter.com/giantsnflbnn/status/786916613442244610
bearspress;14/10/2016 10:07;0;0;#NFL Wire: Jason Pierre-Paul , Olivier Vernon vow to 'finish' games http://www. nfl.com/news/story/0ap 3000000720682/article/jason-pierrepaul-olivier-vernon-vow-to-finish-games … http:// playerpress.com;;;#NFL;7,86916E+17;https://twitter.com/bearspress/status/786916378187968512
GlobalSportsCtr;14/10/2016 10:06;0;0;Jason Pierre-Paul , Olivier Vernon vow to ‘finish’ games http://www. globalsportscentre.com/jason-pierre-p aul-olivier-vernon-vow-to-finish-games/ …;;;;7,86916E+17;https://twitter.com/GlobalSportsCtr/status/786916070267297794
GmenFGSN;14/10/2016 10:06;0;0;Jason Pierre-Paul , Olivier Vernon vow to 'finish' games #NewYorkGiants http:// app.fanly.me/article/ZESPhm liIX …;;;#NewYorkGiants;7,86916E+17;https://twitter.com/GmenFGSN/status/786916051137261573
JackieGualtieri;14/10/2016 10:05;0;0;There are people that actually think the Jason Pierre-Paul story is true...it's from a website called the Daily Snark folks.;;;;7,86916E+17;https://twitter.com/JackieGualtieri/status/786915875374919680
AroundTheNFL;14/10/2016 09:54;6;18;Jason Pierre-Paul , Olivier Vernon take the blame for Giants' lack of sacks, but is it really an issue? http://www. nfl.com/news/story/0ap 3000000720682/article/pierrepaul-vernon-taking-the-blame-but-are-sacks-giants-issue?campaign=Twitter_atn … pic.twitter.com/pzjXmDfTsH;;;;7,86913E+17;https://twitter.com/AroundTheNFL/status/786913056190193666
TheCoachGator;14/10/2016 09:45;1;2;Jason Pierre-Paul is trending on FB because people think this story is real lol http:// dailysnark.com/jason-pierre-p aul-blows-hand-samsung-galaxy-note-7-explodes/ …;;;;7,86911E+17;https://twitter.com/TheCoachGator/status/786910864565760000
yungtatersalad;14/10/2016 09:33;0;0;damn man, it must fucking suck to be jason pierre paul man;;;;7,86908E+17;https://twitter.com/yungtatersalad/status/786907751330951168
jasonsweigart24;14/10/2016 09:19;0;0;Jason Pierre-Paul Blows Off Other Hand After His Samsung Galaxy Note 7 Explodes http:// dailysnark.com/jason-pierre-p aul-blows-hand-samsung-galaxy-note-7-explodes/ … via @DailySnark;;@DailySnark;;7,86904E+17;https://twitter.com/jasonsweigart24/status/786904249913450496
jerzygirl45;14/10/2016 09:15;0;0;Jason Pierre-Paul Blows Off Other Hand After His Samsung Galaxy Note 7 Explodes | Daily Snark http:// dailysnark.com/jason-pierre-p aul-blows-hand-samsung-galaxy-note-7-explodes/ …;;;;7,86903E+17;https://twitter.com/jerzygirl45/status/786903235030376448
ThChalupaBatman;14/10/2016 07:37;0;0;REPORT: Jason Pierre-Paul Blows Off Other Hand After His Samsung Galaxy Note 7 Explodes http:// fb.me/FPYvB164;;;;7,86879E+17;https://twitter.com/ThChalupaBatman/status/786878626927038464
HsTx82;14/10/2016 00:10;1;0;Jason Pierre-Paul Blows Off Other Hand After His Samsung Galaxy Note 7 Explodes http:// dailysnark.com/jason-pierre-p aul-blows-hand-samsung-galaxy-note-7-explodes/ … via @DailySnark;;@DailySnark;;7,86766E+17;https://twitter.com/HsTx82/status/786766141226033153
reptardeathl0ck;14/10/2016 00:04;0;0;REPORT: Jason Pierre-Paul Blows Off Other Hand After His Samsung Galaxy Note 7 Explodes http:// fb.me/8dnU0vmdt;;;;7,86765E+17;https://twitter.com/reptardeathl0ck/status/786764690663862272
LarryOG14;13/10/2016 23:52;2;2;Trump wouldn't grab that pussy with Jason Pierre Paul 's hand pic.twitter.com/kJCytZfNun;;;;7,86762E+17;https://twitter.com/LarryOG14/status/786761654667124736
TomRock_Newsday;13/10/2016 22:59;3;4;Warning to both teams: Be on the lookout for tacklin' Jason Pierre-Paul ! http:// nwsdy.li/2dNWfMH via @newsday;;@newsday;;7,86748E+17;https://twitter.com/TomRock_Newsday/status/786748224472309760
NFL_FanTeam_Ldr;13/10/2016 21:29;0;0;[Newsday] - Warning to both teams: Be on the lookout for Jason Pierre-Paul http:// ift.tt/2dnX26v;;;;7,86726E+17;https://twitter.com/NFL_FanTeam_Ldr/status/786725550106742785
giantsbuzztap;13/10/2016 21:22;0;0;newsday​.com >> Warning to both teams: Be on the lookout for Jason Pierre-Paul http:// buzztap.com/-3sQ0cH;;;;7,86724E+17;https://twitter.com/giantsbuzztap/status/786723731099889664
darylwill3;13/10/2016 20:07;0;0;Linemates JPP & Vernon set high goals for Sunday: Giants DEs Jason Pierre-Paul and Olivier Vernon have high e... http:// bit.ly/2ebJaKb;;;;7,86705E+17;https://twitter.com/darylwill3/status/786704967222648834
NFL_FanTeam_Ldr;13/10/2016 20:04;0;0;[Metro News] - Giants' Jason Pierre-Paul will play against Ravens this Sunday http:// ift.tt/2dNCMLV;;;;7,86704E+17;https://twitter.com/NFL_FanTeam_Ldr/status/786704286575128576
BosMetroBugle;13/10/2016 20:04;0;0;Giants’ Jason Pierre-Paul will play against Ravens this Sunday http:// boston.metrobugle.com/2016/10/13/gia nts-jason-pierre-paul-will-play-against-ravens-this-sunday/ … pic.twitter.com/TR6GpBPaNr;;;;7,86704E+17;https://twitter.com/BosMetroBugle/status/786704258687131648
ATJr_Yankees;13/10/2016 19:22;0;0;Giants DEs Jason Pierre-Paul and Olivier Vernon have high expectations for the D-Line Sunday:  EAST ... http:// bit.ly/2ebJaKb @Giants;;@Giants;;7,86694E+17;https://twitter.com/ATJr_Yankees/status/786693606887264256
NFL_Giants247;13/10/2016 19:22;0;0;Linemates JPP & Vernon set high goals for Sunday: Giants DEs Jason Pierre-Paul and Olivier Vernon have high e... http:// bit.ly/2ebJaKb;;;;7,86694E+17;https://twitter.com/NFL_Giants247/status/786693605037633536
JT_NY_Sports;13/10/2016 19:22;0;0;Linemates JPP & Vernon set high goals for Sunday: Giants DEs Jason Pierre-Paul and Olivier Vernon have high e... http:// bit.ly/2ebI80G;;;;7,86694E+17;https://twitter.com/JT_NY_Sports/status/786693600893689857
TomRock_Newsday;13/10/2016 19:02;9;15;Jason Pierre-Paul offers in-game pointers to Bobby Hart - http:// nwsdy.li/2edqeMm via @Newsday;;@Newsday;;7,86689E+17;https://twitter.com/TomRock_Newsday/status/786688509658664960
FLGM_NFC_news;13/10/2016 18:25;0;0;NYG Newsday: Jason Pierre-Paul offers Bobby Hart useful in-game pointers http:// nwsdy.li/2elBNoj;;;;7,86679E+17;https://twitter.com/FLGM_NFC_news/status/786679275239989248
NewsdaySports;13/10/2016 18:19;0;0;Jason Pierre-Paul offered Bobby Hart some in-game pointers on how to stop tougher edge rushers: http:// nwsdy.li/2dNOMMB via @TomRock_Newsday pic.twitter.com/OixVmi0T0H;;@TomRock_Newsday;;7,86678E+17;https://twitter.com/NewsdaySports/status/786677647376089088
NFL_FanTeam_Ldr;13/10/2016 17:57;0;0;[ http:// NJ.com ] - Do Giants' Rashad Jennings, Jason Pierre-Paul think they'll play vs. Ravens? http:// ift.tt/2dNjQwS;;;;7,86672E+17;https://twitter.com/NFL_FanTeam_Ldr/status/786672338444034048
marco091090;13/10/2016 17:48;0;0;RB Rashad Jennings, DE Jason Pierre-Paul expect to play vs. Ravens via the @ESPNFantasy App #NYG http://www. espn.com/nfl/story/_/id /17786749/new-york-giants-rb-rashad-jennings-de-jason-pierre-paul-expect-play-vs-baltimore-ravens …;;@ESPNFantasy;#NYG;7,8667E+17;https://twitter.com/marco091090/status/786670004506861569
SandraC_FCB;13/10/2016 17:44;0;0;Do Giants' Rashad Jennings, Jason Pierre-Paul think they'll play vs. Ravens? pic.twitter.com/vRddFFYRJo;;;;7,86669E+17;https://twitter.com/SandraC_FCB/status/786669042681741312
giantsbuzztap;13/10/2016 17:41;0;0;nj​.com >> Giants' Rashad Jennings, Jason Pierre-Paul discuss chances to play vs. Ravens http:// buzztap.com/-SiKtHD;;;;7,86668E+17;https://twitter.com/giantsbuzztap/status/786668247122706432
giantsbuzztap;13/10/2016 17:39;0;0;newsday​.com >> Jason Pierre-Paul offers Bobby Hart useful in-game pointers http:// buzztap.com/-ZO8D18;;;;7,86668E+17;https://twitter.com/giantsbuzztap/status/786667644187402241
tunotimundo;13/10/2016 17:34;0;0;Giants' Rashad Jennings, Jason Pierre-Paul discuss chances to play vs. Ravens http:// dlvr.it/MRy7ym pic.twitter.com/DeFcbFp5md;;;;7,86666E+17;https://twitter.com/tunotimundo/status/786666403956948992
Alida_gzlo;13/10/2016 17:31;0;0;Giants' Rashad Jennings, Jason Pierre-Paul discuss chances to play vs. Ravens: Wideout Dwayne Harris misses p... http:// bit.ly/2ebttSX;;;;7,86666E+17;https://twitter.com/Alida_gzlo/status/786665720943812609
FLGM_NFC_news;13/10/2016 17:31;0;0;NYG Star Ledger: Giants' Rashad Jennings, Jason Pierre-Paul discuss chances to play vs. Ravens http:// bit.ly/2ebttSX;;;;7,86666E+17;https://twitter.com/FLGM_NFC_news/status/786665718326583297
Sports_cReep;13/10/2016 17:22;0;0;RB Rashad Jennings, DE Jason Pierre-Paul expect to play vs. Ravens http:// dlvr.it/MRy0MR #sports #NFL;;;#sports #NFL;7,86663E+17;https://twitter.com/Sports_cReep/status/786663340298731520
TheRedzoneorg;13/10/2016 17:16;1;0;RB Rashad Jennings, DE Jason Pierre-Paul expect to play vs. Ravens http:// bit.ly/2dNMCws #NFL #Giants;;;#NFL #Giants;7,86662E+17;https://twitter.com/TheRedzoneorg/status/786661796887207936
BigBlueInteract;13/10/2016 16:41;0;1;Thursday Media Transcript: #Giants defensive end Jason Pierre-Paul http:// corner.bigblueinteractive.com/index.php?mode =2&thread=542877 …;;;#Giants;7,86653E+17;https://twitter.com/BigBlueInteract/status/786653013427519488
GmenFGSN;13/10/2016 16:36;0;2;Jason Pierre-Paul plans to play through groin injury in Week 6 #NYGiants http:// app.fanly.me/article/f0qcuC vjxh … pic.twitter.com/fUBJN2tN4n;;;#NYGiants;7,86652E+17;https://twitter.com/GmenFGSN/status/786651899265224704
NYGNEWS1;13/10/2016 16:00;0;1;Giants_101: Via TheGiantsWire: Giants injury report: Jason Pierre-Paul , several others return to practice #nyg #gi … http:// giantswire.usatoday.com/2016/10/13/new -york-giants-jason-pierre-paul-others-return-practice/ …;;;#nyg #gi;7,86643E+17;https://twitter.com/NYGNEWS1/status/786642787903168512
Giants_101;13/10/2016 15:58;0;1;Via @TheGiantsWire : Giants injury report: Jason Pierre-Paul , several others return to practice #nyg #giants #NFL http:// giantswire.usatoday.com/2016/10/13/new -york-giants-jason-pierre-paul-others-return-practice/ …;;@TheGiantsWire;#nyg #giants #NFL;7,86642E+17;https://twitter.com/Giants_101/status/786642179070525444
DanBenton83;13/10/2016 15:57;0;0;Giants injury report: Jason Pierre-Paul , several others return to practice #nyg #giants #NFL http:// giantswire.usatoday.com/2016/10/13/new -york-giants-jason-pierre-paul-others-return-practice/ …;;;#nyg #giants #NFL;7,86642E+17;https://twitter.com/DanBenton83/status/786642050636713984
TheGiantsWire;13/10/2016 15:56;1;1;Giants injury report: Jason Pierre-Paul , several others return to practice #nyg #giants #NFL http:// wp.me/p7aERV-2r8I;;;#nyg #giants #NFL;7,86642E+17;https://twitter.com/TheGiantsWire/status/786641761724608512
N_Russ0;13/10/2016 15:16;0;0;#Giants DE Jason Pierre-Paul (groin injury) limited in practice. However he plans to play vs #Ravens;;;#Giants #Ravens;7,86632E+17;https://twitter.com/N_Russ0/status/786631823396835331
BobGlauber;13/10/2016 15:14;1;2;"Giants DE Jason Pierre-Paul has been limited by a groin injury, but plans on playing Sunday vs. Ravens. No question I'll be out there.""""";;;;7,86631E+17;https://twitter.com/BobGlauber/status/786631160524931072
art_stapleton;13/10/2016 15:13;10;23;"Jason Pierre-Paul : No question I'll be out there"" Sunday vs Ravens. #Giants #NYG""";;;#Giants #NYG;7,86631E+17;https://twitter.com/art_stapleton/status/786630858342076416
IAmADaveeeed;13/10/2016 14:24;0;0;no kidding, It's like watching Jason Pierre Paul post accident trying to dribble a basketball;;;;7,86619E+17;https://twitter.com/IAmADaveeeed/status/786618729312374784
art_stapleton;13/10/2016 13:18;7;19;Jason Pierre-Paul (groin) + DRC (groin) participating in #Giants practice Eli Apple (groin) again working on side with trainer.;;;#Giants;7,86602E+17;https://twitter.com/art_stapleton/status/786602079792013312
FantasyAlarmNFL;13/10/2016 13:08;0;0;#NFL Recommendation by @Miller_RotoDad : Jason #Pierre -Paul Pierre-Paul sat out ... #FANation http:// bit.ly/2d9PfuB pic.twitter.com/uUfUlJYFfE;;@Miller_RotoDad;#NFL #Pierre #FANation;7,866E+17;https://twitter.com/FantasyAlarmNFL/status/786599572017713152
FantasyAlarmNFL;13/10/2016 12:54;0;0;#Giants - Jason Pierre-Paul - DE : Practice In/Out News #FANation http:// bit.ly/2d9PfuB pic.twitter.com/kS9C0T00uA;;;#Giants #FANation;7,86596E+17;https://twitter.com/FantasyAlarmNFL/status/786596008872570880
NYPost_Brazille;13/10/2016 12:50;3;2;Larry Donnell (concussion) and Jason Pierre-Paul (groin) were also practicing. Eli Apple (groin) was working on the side. #giants;;;#giants;7,86595E+17;https://twitter.com/NYPost_Brazille/status/786595008975544322
laredosportsmed;13/10/2016 12:10;0;0;Putting a Giant back together: How Jason Pierre-Paul got back to football http:// buff.ly/2eaFGHO #PAweek #lsmc #getbackinthegame pic.twitter.com/jgRO3nouP3;;;#PAweek #lsmc #getbackinthegame;7,86585E+17;https://twitter.com/laredosportsmed/status/786585006391103488
NYPost_Schwartz;13/10/2016 10:04;0;2;Hurting Jason Pierre-Paul may open revolving door at DE via @NYPost http:// nyp.st/2dlyH15;;@NYPost;;7,86553E+17;https://twitter.com/NYPost_Schwartz/status/786553125587017728
BigTimeFootball;13/10/2016 09:32;0;0;Giants’ injury report, 10/12: Jason Pierre-Paul (groin) joins the list http://www. bigblueview.com/2016/10/12/132 58968/ny-giants-injury-report-10-12-jason-pierre-paul-groin-injury-devon-kennard-concussion?utm_campaign=bigblueview&utm_content=entry&utm_medium=social&utm_source=twitter … via @bigblueview;;@bigblueview;;7,86545E+17;https://twitter.com/BigTimeFootball/status/786545146108096512
JordanRaanan;13/10/2016 09:31;2;5;Jason Pierre-Paul among injured players #Giants are monitoring http:// es.pn/2dKs74R;;;#Giants;7,86545E+17;https://twitter.com/JordanRaanan/status/786544857573654528
sasotirovy;13/10/2016 05:24;0;0;Giants - http:// cebigo.com/15606 Jason Pierre-Paul among the injured New York Giants are monitoring;;;;7,86483E+17;https://twitter.com/sasotirovy/status/786482801088483328
DylanADeSimone;13/10/2016 03:46;14;20;Notable FAs: Alshon Jeffery, Eric Berry, Jason Pierre-Paul , DeSean Jackson, Trumaine Johnson, Chandler Jones, Dontari Poe, Martellus Bennett https:// twitter.com/Rob_Lowder/sta tus/786361059858788352 …;;;;7,86458E+17;https://twitter.com/DylanADeSimone/status/786458129726705664
NFL_FanTeam_Ldr;13/10/2016 02:35;0;0;[North Jersey] - Giants: Jason Pierre-Paul held out of practice - Football http:// ift.tt/2eu463k;;;;7,8644E+17;https://twitter.com/NFL_FanTeam_Ldr/status/786440211320406016
NYGiantsNews91;13/10/2016 01:49;0;0;Hurting Jason Pierre-Paul may open revolving door at DE http:// nyp.st/2dlyH15 via @nypostsports;;@nypostsports;;7,86429E+17;https://twitter.com/NYGiantsNews91/status/786428689340780544
zesty_ny_giants;13/10/2016 01:29;0;0;Giants’ injury report, 10/12: Jason Pierre-Paul groin joins the list http://www. bigblueview.com/2016/10/12/132 58968/ny-giants-injury-report-10-12-jason-pierre-paul-groin-injury-devon-kennard-concussion … pic.twitter.com/V47BjSdJV8;;;;7,86423E+17;https://twitter.com/zesty_ny_giants/status/786423493101514752
Oltymehockey;12/10/2016 23:45;0;0;Jason Pierre-Paul held out of Giants practice with groin injury http:// nydn.us/2etKLix pic.twitter.com/yXzuPYJ5wo;;;;7,86398E+17;https://twitter.com/Oltymehockey/status/786397504812310528
JonBaker;12/10/2016 22:33;2;3;Jason Pierre-Paul has 1.5 hands, and ODB has been largely disappointing this season so far #ProblemsGiantsFace;;;#ProblemsGiantsFace;7,86379E+17;https://twitter.com/JonBaker/status/786379407246127105
FantasySmarts;12/10/2016 22:01;0;0;Giants DE Jason Pierre-Paul missed practice Wednesday with a groin injury. There's no indication yet how serious t… http:// ift.tt/2ddzRIy;;;;7,86371E+17;https://twitter.com/FantasySmarts/status/786371160015572992
LakersGrrrrl;12/10/2016 21:51;0;0;Hurting Jason Pierre-Paul may open revolving door at DE http:// nypost.com/2016/10/12/hur ting-jason-pierre-paul-may-open-revolving-door-at-de/?utm_source=dlvr.it&utm_medium=twitter … #sports pic.twitter.com/BMWanuKzHK;;;#sports;7,86369E+17;https://twitter.com/LakersGrrrrl/status/786368737616207872
WhazzupCAVS;12/10/2016 21:47;0;1;Hurting Jason Pierre-Paul may open revolving door at DE http:// nypost.com/2016/10/12/hur ting-jason-pierre-paul-may-open-revolving-door-at-de/?utm_source=dlvr.it&utm_medium=twitter … #sports pic.twitter.com/9roJRHCkwN;;;#sports;7,86368E+17;https://twitter.com/WhazzupCAVS/status/786367645448806404
NYPost_Schwartz;12/10/2016 21:45;6;3;Hurting Jason Pierre-Paul may open revolving door at DE | New York Post http:// nyp.st/2dYEVoM;;;;7,86367E+17;https://twitter.com/NYPost_Schwartz/status/786367328204255232
BestNBAbabe;12/10/2016 21:43;0;1;Hurting Jason Pierre-Paul may open revolving door at DE http:// nypost.com/2016/10/12/hur ting-jason-pierre-paul-may-open-revolving-door-at-de/?utm_source=dlvr.it&utm_medium=twitter … #sports pic.twitter.com/S8GuRiUX5T;;;#sports;7,86367E+17;https://twitter.com/BestNBAbabe/status/786366825588068352
Giants_Newz;12/10/2016 21:40;0;0;Giants_Newz. Hurting Jason Pierre-Paul may open revolving door at DE - Yardbarker http:// aggbot.com/New-York-Giant s-News/article/29000713 …;;;;7,86366E+17;https://twitter.com/Giants_Newz/status/786365952430575617
Jets_Headlines;12/10/2016 21:39;0;0;Jets_Headlines. Hurting Jason Pierre-Paul may open revolving door at DE - Yardbarker http:// aggbot.com/New-York-Jets- News/article/29000729 …;;;;7,86366E+17;https://twitter.com/Jets_Headlines/status/786365781126811649
EugeneHegerty;12/10/2016 21:36;0;0;Hurting Jason Pierre-Paul may open revolving door at DE http:// dlvr.it/MRfZqq pic.twitter.com/4hqSMCfYiz;;;;7,86365E+17;https://twitter.com/EugeneHegerty/status/786364910808608768
DavidHa51596823;12/10/2016 21:22;0;0;Hurting Jason Pierre-Paul may open revolving door at DE http:// ift.tt/2dxijrK;;;;7,86361E+17;https://twitter.com/DavidHa51596823/status/786361351933399040
GmenFGSN;12/10/2016 21:21;0;1;Hurting Jason Pierre-Paul may open revolving door at DE #GMEN http:// app.fanly.me/article/JGve9r AjBK … pic.twitter.com/2oqksmlvm0;;;#GMEN;7,86361E+17;https://twitter.com/GmenFGSN/status/786361131090735104
giantsbuzztap;12/10/2016 21:15;0;1;nypost​.com >> Hurting Jason Pierre-Paul may open revolving door at DE http:// buzztap.com/-4kdvVU;;;;7,8636E+17;https://twitter.com/giantsbuzztap/status/786359634671960064
