username;date;retweets;favorites;text;geo;mentions;hashtags;id;permalink
drawnlikemoths;24/10/2017 21:59;0;0;Announce Casillas @LFC https:// twitter.com/MARCAinENGLISH /status/922958519699103745 …;;@LFC;;9,22976E+17;https://twitter.com/drawnlikemoths/status/922975888882495488
AlexScully17;24/10/2017 21:58;0;0;This deffo either Britni or Veronica coming back not cara or anesaa;;;;9,22976E+17;https://twitter.com/AlexScully17/status/922975598968008704
starnote13;24/10/2017 21:57;0;0;"Both of you:  @MTVCoryWharton is naked again!!"" #TheChallengeXXX""";;@MTVCoryWharton;#TheChallengeXXX;9,22975E+17;https://twitter.com/starnote13/status/922975406613041152
Casillas_Beo;24/10/2017 21:57;0;0;I'm live right now! come check me out over on twitch. https://www. twitch.tv/mrkhubkayks@tw itchTVGaming … @PLAYERUNKNOWN;;@tw @PLAYERUNKNOWN;;9,22975E+17;https://twitter.com/Casillas_Beo/status/922975291575644160
JanicexLydia;24/10/2017 21:57;0;0;This looks SO GOOD... Can't WAIT to see why they look like this!;;;;9,22975E+17;https://twitter.com/JanicexLydia/status/922975256897310722
daggomit_t;24/10/2017 21:54;0;8;"Oh my God, Becky. Look at her butt.""""";;;;9,22975E+17;https://twitter.com/daggomit_t/status/922974735989903361
emily_hartlaub;24/10/2017 21:54;0;3;wait, i’m actually playing for how much money?!;;;;9,22974E+17;https://twitter.com/emily_hartlaub/status/922974494502936576
al_pac_23;24/10/2017 21:53;0;7;STOP! Nobody's scared of you, Camila!;;;;9,22974E+17;https://twitter.com/al_pac_23/status/922974321999536128
FratTasticTeddy;24/10/2017 21:49;0;0;"Do i look like yo daddy b**** !"" - vine""";;;;9,22973E+17;https://twitter.com/FratTasticTeddy/status/922973418395394048
Emily20047;24/10/2017 21:49;0;0;When I don't see @kailah_ casillas in a challenge episode;;@kailah_;;9,22973E+17;https://twitter.com/Emily20047/status/922973316884942848
JennaCompono;24/10/2017 21:45;33;477;Caption @kailah_ casillas face #thechallengexxx #mtv pic.twitter.com/Dpm89pbj3F;;@kailah_;#thechallengexxx #mtv;9,22972E+17;https://twitter.com/JennaCompono/status/922972367395151872
DQ_the_Man;24/10/2017 21:39;0;0;Best of luck tonight. Praying your still in after this Redemption Challenge. #TheChallengeXXX;;;#TheChallengeXXX;9,22971E+17;https://twitter.com/DQ_the_Man/status/922970903511818243
Bossahogg82;24/10/2017 21:34;0;0;Looks like you girls are gonna play whack a mole on the redemption girls! Bet you are wishing Camila was one of them!;;;;9,2297E+17;https://twitter.com/Bossahogg82/status/922969529164034048
joel_casillas;24/10/2017 21:27;0;0;#ThisTeam will win it all! Go #Dodgers . https:// cards.twitter.com/cards/b02vt/4x w3i …;;;#ThisTeam #Dodgers;9,22968E+17;https://twitter.com/joel_casillas/status/922967706294296576
TrillSmith;24/10/2017 21:04;0;0;Casillas dropped by Porto because of Financial Fair Play http://www. marca.com/en/football/in ternational-football/2017/10/24/59ef4c24ca4741f72d8b45a9.html … via @marca;;@marca;;9,22962E+17;https://twitter.com/TrillSmith/status/922962110707007491
alecs_casillas;24/10/2017 21:02;0;1;Dont get me wrong i still respect and love ur vids Evan as an OGTCboi but this one was a bit of a low blow to that guy who might not have $$;;;;9,22961E+17;https://twitter.com/alecs_casillas/status/922961405308837889
alecs_casillas;24/10/2017 20:59;0;0;I mean Evans always kinda been about shits and giggles,but i completely understand and agree with you Danny.Definitely got my respect andsub;;;;9,22961E+17;https://twitter.com/alecs_casillas/status/922960888444870657
heyjazminnn;24/10/2017 20:58;0;0;your freckles are soo cute!;;;;9,2296E+17;https://twitter.com/heyjazminnn/status/922960472005054464
MARCAinENGLISH;24/10/2017 20:50;4;6;Casillas could be on his way out of Porto. He's been dropped due to Financial Fair Play. DETAILS https:// buff.ly/2y2mj1O pic.twitter.com/Ntxvb26igw;;;;9,22959E+17;https://twitter.com/MARCAinENGLISH/status/922958519699103745
Artifact_Man;24/10/2017 20:18;0;0;Can't wait gl;;;;9,2295E+17;https://twitter.com/Artifact_Man/status/922950415653761024
J_Casillas;24/10/2017 20:06;0;0;"Love all the support for the dodgers here at Disneyland. Everytime we see someone with dodger gear we say woohoo go dodgers""""";;;;9,22947E+17;https://twitter.com/J_Casillas/status/922947339563577344
footyfav;24/10/2017 20:04;0;0;Iker Casillas will forever be a legend in football, but maybe the time to retire has come.. This is getting sad http:// fb.me/POWtZOvd;;;;9,22947E+17;https://twitter.com/footyfav/status/922947041042374656
Aixa_Magaly;24/10/2017 20:03;0;0;Kailah hope you go home and Cara is the one send you . Cara I hope you are the one to get that big pile of money;;;;9,22947E+17;https://twitter.com/Aixa_Magaly/status/922946570831761409
djwild666;24/10/2017 19:45;0;0;new line of clothing kailahs rok-a-booty;;;;9,22942E+17;https://twitter.com/djwild666/status/922942225440493570
kartikr99;24/10/2017 19:41;0;1;Wolves making Claudio Bravo look like Prime Iker Casillas;;;;9,22941E+17;https://twitter.com/kartikr99/status/922941222091673600
King_Wizard33;24/10/2017 19:40;0;0;greatest goalie next to Casillas https:// twitter.com/soccertweetshq /status/922932981261508608 …;;;;9,22941E+17;https://twitter.com/King_Wizard33/status/922940986405392384
TechTeacher1381;24/10/2017 19:32;0;2;Aracely Casillas is @codeorg student who wants to change the world using technology. http:// youtu.be/rqU8eNJ-SS0 #code #SharylandISD;;@codeorg;#code #SharylandISD;9,22939E+17;https://twitter.com/TechTeacher1381/status/922938866536873984
henrymacasiano;24/10/2017 19:31;1;1;Time for @realmadrid to bring home their captain Iker Casillas and give him a fitting ending to a legendary career https://www. 101greatgoals.com/news/iker-casi llas-suffering-badly-fc-porto/ …;;@realmadrid;;9,22939E+17;https://twitter.com/henrymacasiano/status/922938739713650689
AddyBenjamin;24/10/2017 19:30;0;2;Buffon has never won the ucl so i will go for casillas;;;;9,22938E+17;https://twitter.com/AddyBenjamin/status/922938457143562240
joel_casillas;24/10/2017 19:10;1;2;Enjoy the little things in life;;;;9,22933E+17;https://twitter.com/joel_casillas/status/922933339119484928
anna12345marko;24/10/2017 19:09;0;0;People should chill out. Kailah is right, CM is the strongest. Hell, even if she didn't backstab her, she's right for not wanting her back.;;;;9,22933E+17;https://twitter.com/anna12345marko/status/922933134664130562
OliverChesses;24/10/2017 19:07;0;0;According to Spanish papers casillas on his way out in January. Should Liverpool dare...;;;;9,22933E+17;https://twitter.com/OliverChesses/status/922932672866942976
Emily20047;24/10/2017 19:04;0;0;I'm wishing you luck!!;;;;9,22932E+17;https://twitter.com/Emily20047/status/922931824002846722
_AGKennedy_;24/10/2017 18:56;0;2;the merry Casillas should've used @_marisol1216 pic.twitter.com/ClWwwGiNRR;;@_marisol1216;;9,2293E+17;https://twitter.com/_AGKennedy_/status/922929876281249792
Franksantin_23;24/10/2017 18:55;0;0;What a babe.;;;;9,22929E+17;https://twitter.com/Franksantin_23/status/922929460978114560
efra_casillas;24/10/2017 18:54;0;0;It ain’t good being a caring person;;;;9,22929E+17;https://twitter.com/efra_casillas/status/922929227120472064
TechTeacher1381;24/10/2017 18:46;1;2;Aracely Casillas is @codeorg student who wants to change the world using technology. https:// youtu.be/rqU8eNJ-SS0 #code #SharylandISD;;@codeorg;#code #SharylandISD;9,22927E+17;https://twitter.com/TechTeacher1381/status/922927381765074945
SharylandEdTech;24/10/2017 18:45;0;4;Aracely Casillas is @codeorg student who wants to change the world using technology. https:// youtu.be/rqU8eNJ-SS0 #code #SharylandISD;;@codeorg;#code #SharylandISD;9,22927E+17;https://twitter.com/SharylandEdTech/status/922926992365965314
Maddy_casillas;24/10/2017 18:41;0;0;one person followed me // automatically checked by http:// fllwrs.com;;;;9,22926E+17;https://twitter.com/Maddy_casillas/status/922926000203186176
alisonkath83;24/10/2017 18:40;0;0;Miss you on snap!;;;;9,22926E+17;https://twitter.com/alisonkath83/status/922925795151982592
see1naija;24/10/2017 18:38;0;0;Porto forcing Iker Casillas out of club http:// see-naija.com/sports/porto-f orcing-iker-casillas-out-of-club/ …;;;;9,22925E+17;https://twitter.com/see1naija/status/922925376967344128
desiraesantanaa;24/10/2017 18:35;0;0;I cannot wait you guys are both great athletes i love everything about you guys;;;;9,22924E+17;https://twitter.com/desiraesantanaa/status/922924423631454209
Jessibaby_67;24/10/2017 18:30;0;9;If you and @JennaCompono don't make it to the finals I'm not gonna be able to deal. I'm too invested;;@JennaCompono;;9,22923E+17;https://twitter.com/Jessibaby_67/status/922923202577231872
casillas_ginger;24/10/2017 18:26;0;0;So happy david got what he wanted for Gwen just a few months will have 50/50! Yay!!!!!;;;;9,22922E+17;https://twitter.com/casillas_ginger/status/922922291935133697
SheenaJd22;24/10/2017 18:14;0;0;I wish I could move to Vegas and get workout lessons from @kailah_ casillas !!!;;@kailah_;;9,22919E+17;https://twitter.com/SheenaJd22/status/922919326167871488
kailah_casillas;24/10/2017 18:13;69;577;Waiting for tonight’s new episode like.... #TheChallenge30 pic.twitter.com/UKkjeSdnpG;;;#TheChallenge30;9,22919E+17;https://twitter.com/kailah_casillas/status/922919016699535362
IanofIreland;24/10/2017 18:12;0;0;Well, there goes the best goalie of the last 14 years at least! Outlasted Casillas in to older age too! R.I.P. to that sport too. Shambles! https:// twitter.com/8TrollFootball /status/922913617292419073 …;;;;9,22919E+17;https://twitter.com/IanofIreland/status/922918839909617664
Aahan_Botadkar;24/10/2017 18:08;0;1;Him and Casillas for me. Modern day titans.;;;;9,22918E+17;https://twitter.com/Aahan_Botadkar/status/922917836049096705
gmkelly1979;24/10/2017 18:06;0;0;As a comparison - Casillas would make mistakes every season but played in great team, Buffon - so consistent year after year.;;;;9,22917E+17;https://twitter.com/gmkelly1979/status/922917274608009216
gmkelly1979;24/10/2017 18:04;0;0;All those years Casillas has been in team of year etc, no fit to Velcro Buffon’s gloves!;;;;9,22917E+17;https://twitter.com/gmkelly1979/status/922916662143197184
Legendary1897;24/10/2017 17:49;0;0;Wtf are you talking about? You completely changed the topic. Buffon is without a doubt the greatest goalkeeper alongiside Casillas , Kahn, Cech, Neuer, Van Der Sar. There is nothing else to discuss about. You are just an ignorant jealous dumbass. Grande!;;;;9,22913E+17;https://twitter.com/Legendary1897/status/922912868022079489
kyle_casillas;24/10/2017 17:46;0;0;Ain't you suppose to be working or some thing @jmstewart_72;;@jmstewart_72;;9,22912E+17;https://twitter.com/kyle_casillas/status/922912089848668160
SublimeMorata;24/10/2017 17:39;0;0;Heard it months ago that he was to retire after WC. Would be a shame if Italy don’t make it, and I believe Casillas will also retire.;;;;9,2291E+17;https://twitter.com/SublimeMorata/status/922910343059427328
Fco_Casillas;24/10/2017 17:35;0;0;I'm at Santo Domingo Residencial https://www. swarmapp.com/c/aNJXwDOCPF0;;;;9,22909E+17;https://twitter.com/Fco_Casillas/status/922909390260273152
KingOyitso;24/10/2017 17:13;0;0;Casillas especially;;;;9,22904E+17;https://twitter.com/KingOyitso/status/922903894832943104
madu_victor;24/10/2017 17:13;0;0;He and casillas need to go, for their own sake;;;;9,22904E+17;https://twitter.com/madu_victor/status/922903787295080448
whateddie;24/10/2017 17:06;0;0;Prime Casillas > any other gk;;;;9,22902E+17;https://twitter.com/whateddie/status/922902147259396096
MagicMoutinho;24/10/2017 16:53;0;2;Casillas is better. See ya later https:// twitter.com/EPLBible/statu s/922898084211908609 …;;;;9,22899E+17;https://twitter.com/MagicMoutinho/status/922898949916315650
Bubba586;24/10/2017 16:53;0;0;Everyone argued over Casillas vs Buffon and ignored Cech Now everyone argues Neuer vs De Gea and ignores Courtois Both criminally underrated;;;;9,22899E+17;https://twitter.com/Bubba586/status/922898827241312257
POR_soccer;24/10/2017 16:51;0;0;I wanted to see Vana play amongst others. Still a good squad. Maybe José Sa will be relegated to the bench next match and Casillas returns.;;;;9,22898E+17;https://twitter.com/POR_soccer/status/922898316714799105
_Killmonger;24/10/2017 16:46;0;0;Niggas out here saving hoes, might as well put a cape on.;;;;9,22897E+17;https://twitter.com/_Killmonger/status/922897065629249536
DinosaurDeryck;24/10/2017 16:39;1;4;Iker Casillas deserves better;;;;9,22895E+17;https://twitter.com/DinosaurDeryck/status/922895356114997248
efra_casillas;24/10/2017 16:33;0;0;Lowkey want to go to horror nights or six flags this weekend;;;;9,22894E+17;https://twitter.com/efra_casillas/status/922893921956511744
SunSport;24/10/2017 16:10;2;3;Iker Casillas set for dramatic January transfer for a crazy reason http:// thesun.uk/60188Cy86 pic.twitter.com/sNKOs2u01Z;;;;9,22888E+17;https://twitter.com/SunSport/status/922887919722999808
RR_Casillas;24/10/2017 16:07;0;1;Actually, not only girl's crush, also was mine!! https:// twitter.com/Childhood/stat us/918104396357095424 …;;;;9,22887E+17;https://twitter.com/RR_Casillas/status/922887169508646912
chaffey_msoccer;24/10/2017 15:48;0;0;On Friday, our men beat LA Harbor 3-0. Goals from Christian Fernandez, Oscar Casillas and Jared Padilla. Jafet Chaves recorded the shutout;;;;9,22882E+17;https://twitter.com/chaffey_msoccer/status/922882469237575680
mon_casillas;24/10/2017 15:23;0;0;I have never related to a tweet more https:// twitter.com/tbhadulting/st atus/921892651540078593 …;;;;9,22876E+17;https://twitter.com/mon_casillas/status/922876322204078080
rubi_casillas;24/10/2017 15:23;0;0;Foreal dude. I’m dying lol;;;;9,22876E+17;https://twitter.com/rubi_casillas/status/922876226510786560
ZEROChillArmy;24/10/2017 15:14;0;0;Follow me though @kailah_ casillas;;@kailah_;;9,22874E+17;https://twitter.com/ZEROChillArmy/status/922873833018839040
kayodebuky;24/10/2017 15:01;0;0;Financial Fair Play forces Casillas out of Porto - FCNaija https:// goo.gl/fb/9N9wWM;;;;9,22871E+17;https://twitter.com/kayodebuky/status/922870695771729920
MARCAinENGLISH;24/10/2017 15:00;7;20;Casillas has been dropped by Porto. It's due to Financial Fair Play. DETAILS https:// buff.ly/2laUazy pic.twitter.com/oL5sS2F3ck;;;;9,2287E+17;https://twitter.com/MARCAinENGLISH/status/922870451520659456
Nickolah84;24/10/2017 14:47;1;0;Haven't faced PRob or Corey. Casillas has 9 tackles in 3 games. John Jenkins out the league. Anthony inactive, Stills 3-13-0, Cooks 2-37-0.;;;;9,22867E+17;https://twitter.com/Nickolah84/status/922867050036506624
MonteroSenor;24/10/2017 14:29;0;0;Casillas dropped by Porto because of salary http:// dlvr.it/PxMSN2 pic.twitter.com/bmhndpg4hZ;;;;9,22863E+17;https://twitter.com/MonteroSenor/status/922862516883021825
mvvvnnvhmvrie__;24/10/2017 14:26;0;1;So when can I move in;;;;9,22862E+17;https://twitter.com/mvvvnnvhmvrie__/status/922861932222341121
kyle_casillas;24/10/2017 14:09;0;0;I'm going to be somebody..... One day;;;;9,22858E+17;https://twitter.com/kyle_casillas/status/922857682691854337
MFcka_Lou;24/10/2017 14:07;0;2;Tough.;;;;9,22857E+17;https://twitter.com/MFcka_Lou/status/922857018880352256
Uh_hara;24/10/2017 14:06;0;14;He got you triggered lmao;;;;9,22857E+17;https://twitter.com/Uh_hara/status/922856872478064640
al5gallon;24/10/2017 14:03;0;0;Iker casillas on Real Madrid was pure class never another goalkeeper like him;;;;9,22856E+17;https://twitter.com/al5gallon/status/922855990562820097
CliffTheKid;24/10/2017 13:59;0;1;Yeah I see brownish smoke not to far from here. They seriously need to chill, this ashes falling from the sky shit is getting old.;;;;9,22855E+17;https://twitter.com/CliffTheKid/status/922855098832658432
mon_casillas;24/10/2017 13:58;0;0;Customer services line: *rings* Me: *looks and recognizes number* My mind: *in @RaeLynn 's voice* let it ring, let it ring all night long pic.twitter.com/cRjlhu0ct0;;@RaeLynn;;9,22855E+17;https://twitter.com/mon_casillas/status/922854884147367937
rubi_casillas;24/10/2017 13:53;0;0;Okay but why am I so sentimental lately? Everything has been making me cry!;;;;9,22854E+17;https://twitter.com/rubi_casillas/status/922853508734377984
rubi_casillas;24/10/2017 13:49;0;0;Dude there’s fires everywhere lowkey. Supposedly an arsonist is lighting up everywhere.;;;;9,22853E+17;https://twitter.com/rubi_casillas/status/922852504051752961
isaiah_casillas;24/10/2017 13:46;0;4;This donkey mother fucker is so annoying he wouldn’t be shut without Steph and Durant.;;;;9,22852E+17;https://twitter.com/isaiah_casillas/status/922851913548275714
mon_casillas;24/10/2017 13:46;0;0;Can't relate;;;;9,22852E+17;https://twitter.com/mon_casillas/status/922851849358729217
allfootballapp;24/10/2017 13:43;2;10;#Casillas dropped by #Porto because of Financial Fair Play? check out at: https:// goo.gl/pPZ6T7 pic.twitter.com/osG39JtghN;;;#Casillas #Porto;9,22851E+17;https://twitter.com/allfootballapp/status/922851106421534720
jfar014;24/10/2017 13:41;0;0;Lmao;;;;9,22851E+17;https://twitter.com/jfar014/status/922850543206146048
CliffTheKid;24/10/2017 13:39;0;1;Out here looking like death since whatever is in the air is fucking me up too. Wonder if there’s a fire close by pic.twitter.com/ueIvK6q3cg;;;;9,2285E+17;https://twitter.com/CliffTheKid/status/922850103215374336
giornalistispo1;24/10/2017 13:35;0;0;"RT topcalcionews New: Porto, Casillas in uscita http:// ift.tt/2h6Rcbc """"";;;;9,22849E+17;https://twitter.com/giornalistispo1/status/922849058191966209
rubi_casillas;24/10/2017 13:34;0;1;That is me. Except I got blue on.;;;;9,22849E+17;https://twitter.com/rubi_casillas/status/922848699289497600
rubi_casillas;24/10/2017 13:33;0;1;My allergies got me dying. It’s so bad. My car was covered in dust.;;;;9,22849E+17;https://twitter.com/rubi_casillas/status/922848593760829441
J_Casillas;24/10/2017 13:31;0;0;While reading this I remembered how just alike we were. We even had the same birthday pic.twitter.com/EdhRY2ubwn;;;;9,22848E+17;https://twitter.com/J_Casillas/status/922848064007692288
TheSunFootball;24/10/2017 13:30;1;3;Iker Casillas set for dramatic January transfer for a crazy reason http:// thesun.uk/60158CHHL pic.twitter.com/y8lGG3WHte;;;;9,22848E+17;https://twitter.com/TheSunFootball/status/922847656942153728
GuessDiasrori;24/10/2017 13:29;0;0;here what are you looking for : http:// bit.ly/FutFIFA18Hack FIFA 18 - SBC Iker Casillas Review pic.twitter.com/IBSss4tPeL;;;;9,22848E+17;https://twitter.com/GuessDiasrori/status/922847642761211904
J_Casillas;24/10/2017 13:23;0;0;Update: a guy sat next to me and started asking questions and there I am trying to be a normal student;;;;9,22846E+17;https://twitter.com/J_Casillas/status/922846054382411778
J_Casillas;24/10/2017 13:21;0;0;And to make it seem like im part of her class I brought my pharmacy book;;;;9,22846E+17;https://twitter.com/J_Casillas/status/922845556891725826
J_Casillas;24/10/2017 13:18;0;0;So I came to class with liz today and she made me sit next to her in class;;;;9,22845E+17;https://twitter.com/J_Casillas/status/922844849610440704
joaoGomes0609;24/10/2017 13:14;0;0;casillas * reyes * aboubakar *;;;;9,22844E+17;https://twitter.com/joaoGomes0609/status/922843858081165313
jfar014;24/10/2017 13:14;0;2;I had too lol.....You lol pic.twitter.com/u3mTEZURWM;;;;9,22844E+17;https://twitter.com/jfar014/status/922843761515753473
bravo_casillas;24/10/2017 13:14;0;0;@FCBarcelona the link given is not working as claimed;;@FCBarcelona;;9,22844E+17;https://twitter.com/bravo_casillas/status/922843665160122368
rubi_casillas;24/10/2017 13:09;0;1;I said don’t talk to me im focused.;;;;9,22843E+17;https://twitter.com/rubi_casillas/status/922842574431313920
rubi_casillas;24/10/2017 13:09;1;3;Me right now with the high winds and dust and being sick. pic.twitter.com/rTLQb82hHf;;;;9,22843E+17;https://twitter.com/rubi_casillas/status/922842510031953922
The2PortuKids;24/10/2017 13:07;0;3;The big question regarding tonight's game is who will be starting in net: former starter Casillas or newest signing Vana!? #FCPorto pic.twitter.com/CO5pmR3Iqg;;;#FCPorto;9,22842E+17;https://twitter.com/The2PortuKids/status/922842105747263490
MarilynHezkay;24/10/2017 13:00;0;0;Why? RT @BATTLETIDE : It's very insulting to compare De Gea to Buffon or Casillas .;;@BATTLETIDE;;9,2284E+17;https://twitter.com/MarilynHezkay/status/922840178049236992
BATTLETIDE;24/10/2017 12:59;0;0;It's very insulting to compare De Gea to Buffon or Casillas .;;;;9,2284E+17;https://twitter.com/BATTLETIDE/status/922839969630171138
cforrest58;24/10/2017 12:48;0;0;"Remember Casillas (or his agent) saying that Perez rates Benzema because he finds him attractive"". Weird man. https:// twitter.com/coral/status/9 22816282814287872 …""";;;;9,22837E+17;https://twitter.com/cforrest58/status/922837212407975936
jsutherland01;24/10/2017 12:42;1;2;And it's redemption day so I don't have to worry about my girls tonight. @tori_deal @JennaCompono @kailah_ casillas;;@tori_deal @JennaCompono @kailah_;;9,22836E+17;https://twitter.com/jsutherland01/status/922835740815478784
elbish_sanchez;24/10/2017 12:39;0;1;A Weeeeeeb.............. @da_ casillas https:// twitter.com/goliveros/stat us/922830377563185153 …;;@da_;;9,22835E+17;https://twitter.com/elbish_sanchez/status/922834984263700480
rubi_casillas;24/10/2017 12:39;0;4;Today is the first game of the #WorldSeries2017 , NOBODY TALK TO ME.;;;#WorldSeries2017;9,22835E+17;https://twitter.com/rubi_casillas/status/922834855653654528
buffaloccp;24/10/2017 12:30;0;0;Weddings, Engagements, and More Christian Casillas … https://www. instagram.com/p/BaolhnKBuQx/;;;;9,22833E+17;https://twitter.com/buffaloccp/status/922832578255687681
MilltoniousHD;24/10/2017 12:22;0;0;Was there a mix up with the manager? I can't see why Casillas is not first choice any more.;;;;9,22831E+17;https://twitter.com/MilltoniousHD/status/922830647525330944
key_maf86;24/10/2017 12:04;0;0;New post: Porto forcing Iker Casillas out of club as they look to sell Real Madrid legend and avoid Financial Fair http://www. 2hintsdisplay.com/porto-forcing- iker-casillas-out-of-club-as-they-look-to-sell-real-madrid-legend-and-avoid-financial-fair-play-penalties/ …;;;;9,22826E+17;https://twitter.com/key_maf86/status/922826241647898624
Whoeppdotcom;24/10/2017 11:47;0;0;I've just posted a new blog: Iker Casillas is suffering badly at FC Porto http:// ift.tt/2h5vlAA http:// fb.me/zqK0AKRf;;;;9,22822E+17;https://twitter.com/Whoeppdotcom/status/922821952951033856
BReesaul08;24/10/2017 11:12;0;0;We could have get Casillas for free. A LEADER;;;;9,22813E+17;https://twitter.com/BReesaul08/status/922813041569275904
Maddy_casillas;24/10/2017 11:09;0;6;I got 9 hours of sleep last night god bless;;;;9,22812E+17;https://twitter.com/Maddy_casillas/status/922812310350991361
dejazimako007;24/10/2017 11:08;0;0;FIFA must have heard when United fans dared to compare De Gea with Casillas . Now decided to humble them by not including him their list pic.twitter.com/vTsYYwzurf;;;;9,22812E+17;https://twitter.com/dejazimako007/status/922811989654720512
Sportxclusive1;24/10/2017 11:05;0;0;Iker Casillas to be offloaded by Porto in January. http:// sportxclusive.com/2017/10/24/ike r-casillas-offloaded-porto-january/ …;;;;9,22811E+17;https://twitter.com/Sportxclusive1/status/922811305341440001
Cabocoach;24/10/2017 10:47;0;0;Amazing Penalty Saves ● Buffon, Casillas , Hart, Kahn, Romero, ect. - YouTube https:// m.youtube.com/watch?v=iaqgcc Lt6NE …;;;;9,22807E+17;https://twitter.com/Cabocoach/status/922806711425159168
Odimz_;24/10/2017 10:29;1;0;Casillas is the G.O.A.T keeper when it comes to the UCL;;;;9,22802E+17;https://twitter.com/Odimz_/status/922802187192987648
CraigPodevin;24/10/2017 10:18;0;0;Have a laugh... he ain't as good as peak Casillas or Buffon;;;;9,228E+17;https://twitter.com/CraigPodevin/status/922799528419516416
102greatgoals;24/10/2017 10:16;0;1;Iker Casillas is suffering badly at FC Porto https://www. 101greatgoals.com/news/iker-casi llas-suffering-badly-fc-porto/ … pic.twitter.com/AwWYmhNQBH;;;;9,22799E+17;https://twitter.com/102greatgoals/status/922798959898386432
successogbeveo2;24/10/2017 10:13;0;0;iker Casillas 3 ucl #respect #legends;;;#respect #legends;9,22798E+17;https://twitter.com/successogbeveo2/status/922798163337076736
AChimuto;24/10/2017 10:03;0;0;Manuel Nuer is the G.O.A.T although Casillas is good also;;;;9,22796E+17;https://twitter.com/AChimuto/status/922795754409943040
footballespana_;24/10/2017 10:03;2;4;#FCPorto will 'push out' former Spain and #RMCF goalkeeper Iker Casillas in January, according to El Pais http://www. football-espana.net/68009/porto-pu sh-out-casillas-report … pic.twitter.com/bEnlnwTHRk;;;#FCPorto #RMCF;9,22796E+17;https://twitter.com/footballespana_/status/922795589800259585
harveyrlgb;24/10/2017 09:47;0;0;Casillas probably, although Van der Sar was also great;;;;9,22792E+17;https://twitter.com/harveyrlgb/status/922791604037005312
G_Casillas;24/10/2017 09:42;1;3;US earnings reports today: 3M, AT&T, Caterpillar, General Motors, McDonald’s & Texas Instruments. In Mexico: Amx, Azteca, Gentera & Mega;;;;9,22791E+17;https://twitter.com/G_Casillas/status/922790522447638529
G_Casillas;24/10/2017 09:42;0;0;Mkts(+) amid optimism on global growth after Xi Jimping was named President for a 2nd five-year term & awaiting solid earnings rep;;;;9,2279E+17;https://twitter.com/G_Casillas/status/922790480680837120
giraffeman4110;24/10/2017 09:40;0;0;Iker Casillas or Oliver Kahn;;;;9,2279E+17;https://twitter.com/giraffeman4110/status/922789989963976706
kiki_casillas;24/10/2017 08:37;0;0;Its beautiful https:// twitter.com/planetepics/st atus/922598682347925514 …;;;;9,22774E+17;https://twitter.com/kiki_casillas/status/922774114179334144
8liveVN;24/10/2017 08:18;0;0;That time fake Messi surprised Casillas during an interview How much does he: http:// youtu.be/j9Mg-fLFZWI?a via @YouTube;;@YouTube;;9,22769E+17;https://twitter.com/8liveVN/status/922769377715466240
Dozi_e30;24/10/2017 08:10;0;0;Which inner peace? Bcz he tried removing so much power from Cr7, Ramos n Casillas ? Nah it wld have worked she but y'all are impatient;;;;9,22767E+17;https://twitter.com/Dozi_e30/status/922767222233280513
NewsHandle_News;24/10/2017 07:51;0;0;Porto coach Conceicao wants Real Madrid legend Casillas sold http:// newshandle.com/porto-coach-co nceicao-wants-real-madrid-legend-casillas-sold/ …;;;;9,22763E+17;https://twitter.com/NewsHandle_News/status/922762569508687872
Jonnyytheillest;24/10/2017 07:39;0;0;@AntiPinkRose that was meant for @CaraMariaTea;;@AntiPinkRose @CaraMariaTea;;9,22759E+17;https://twitter.com/Jonnyytheillest/status/922759427903586304
OmotoyosiCFC;24/10/2017 07:38;0;0;"DeGea would make d World11 DeGea best keeper in d World DeGea is better than Casillas FIFA top10 keepers: No DeGea https:// twitter.com/i/web/status/9 22548862103048192 … "";;;;922759266355896320""";https://twitter.com/OmotoyosiCFC/status/922759266355896320;;;;
__tunde;24/10/2017 07:31;61;8;Cech saved 2 penalties in a Champions League final. Your fraud has to reach half of Cech first before being compared to Buffon and Casillas;;;;9,22757E+17;https://twitter.com/__tunde/status/922757320421060608
Pxlvmi_A;24/10/2017 07:29;0;0;Casillas at his worst >> Mignolet/Karius.. https:// twitter.com/demilade_og/st atus/922756047663755264 …;;;;9,22757E+17;https://twitter.com/Pxlvmi_A/status/922757047707488256
darialdo79;24/10/2017 07:29;0;1;Casillas need to retire. Or move to China.;;;;9,22757E+17;https://twitter.com/darialdo79/status/922757042431053824
tancredipalmeri;24/10/2017 07:24;25;53;Porto trying to sell Casillas on January. Any need for Liverpool?;;;;9,22756E+17;https://twitter.com/tancredipalmeri/status/922755667059978241
English_AS;24/10/2017 07:08;6;12;Iker Casillas to be pushed out of Porto in January - El País reveals new reasons for recent benching https:// en.as.com/en/2017/10/24/ football/1508834233_446558.html … pic.twitter.com/rm6JiavxSz;;;;9,22752E+17;https://twitter.com/English_AS/status/922751754642522114
Nosablaq;24/10/2017 07:08;0;0;Ehn ehn. Casillas was also making that world XI even after he was dead & gone as a keeper.;;;;9,22752E+17;https://twitter.com/Nosablaq/status/922751731905245184
CaraMariaHive;24/10/2017 05:22;0;0;Where did I tell what to do? Cant wait until Cara is back cuz u know she will be https:// twitter.com/AntiPinkRose/s tatus/922633845891125248 …;;;;9,22725E+17;https://twitter.com/CaraMariaHive/status/922724865274245120
Casillas_Beo;24/10/2017 03:26;0;1;Love the support from this man;;;;9,22696E+17;https://twitter.com/Casillas_Beo/status/922695822634110976
JSilvs28;24/10/2017 03:16;0;0;If casillas starts in this cup game he's officially not playing in the league or cl anymore just saying;;;;9,22693E+17;https://twitter.com/JSilvs28/status/922693377899995136
footierumorbot;24/10/2017 03:11;0;0;Atletico Madrid snubbed! Iker Casillas will not sign this season.;;;;9,22692E+17;https://twitter.com/footierumorbot/status/922691940931563521
J_Casillas;24/10/2017 03:10;0;0;I have the worst headache.;;;;9,22692E+17;https://twitter.com/J_Casillas/status/922691644255715328
J_Casillas;24/10/2017 03:08;0;0;Why did I agree to the closing shift at the pharmacy.;;;;9,22691E+17;https://twitter.com/J_Casillas/status/922691144693305344
Jonnyytheillest;24/10/2017 03:05;0;0;I don’t need to do shit. I’m allowed to have whatever fucking opinion I want. Thanks bye;;;;9,22691E+17;https://twitter.com/Jonnyytheillest/status/922690531175620608
joel_casillas;24/10/2017 02:59;1;0;Being sick is the worst;;;;9,22689E+17;https://twitter.com/joel_casillas/status/922689036073836545
Kevdog1977andon;24/10/2017 02:47;0;0;Begovich, hart, ruffier, sbc casillas;;;;9,22686E+17;https://twitter.com/Kevdog1977andon/status/922685904422129664
caden_casillas;24/10/2017 02:35;0;6;This womannnn ohh my lawddd pic.twitter.com/g7Zc2iykSx;;;;9,22683E+17;https://twitter.com/caden_casillas/status/922682976428625920
haziq_casillas;24/10/2017 02:35;0;0;1 weekly follower. 0 unfollowers. Crowdfire doesn't miss a trick -via http://www. crowdfireapp.com/?r=tw;;;;9,22683E+17;https://twitter.com/haziq_casillas/status/922682958070407168
kaylyn_casillas;24/10/2017 02:17;0;1;Having fun pic.twitter.com/4Nn3xbUMjU;;;;9,22678E+17;https://twitter.com/kaylyn_casillas/status/922678432076406785
casillas_mia;24/10/2017 02:15;0;0;Go get the Ariana Grande app now #love ari pic.twitter.com/EF5GVO01b1;;;#love;9,22678E+17;https://twitter.com/casillas_mia/status/922677961068646401
_Killmonger;24/10/2017 02:10;1;2;Let us elaborate on that “THE FUCK OUT OF MY SCREEN” https:// twitter.com/_hunnter19/sta tus/922673133588430849 …;;;;9,22677E+17;https://twitter.com/_Killmonger/status/922676545684062209
dalia_casillas;24/10/2017 02:02;5;19;What do you like to do for fun? Me: talk about conspiracy theories and take bubble baths.;;;;9,22675E+17;https://twitter.com/dalia_casillas/status/922674696578940928
Justafanof22;24/10/2017 01:42;0;1;It's a a shame @kailah_ casillas & @CaraMariaMTV are enemies but I guess K had to play her game cuz Cara has become the mother of dragons;;@kailah_ @CaraMariaMTV;;9,2267E+17;https://twitter.com/Justafanof22/status/922669641993936896
casillas_cobian;24/10/2017 01:31;0;2;I’m annoyed... like seriously;;;;9,22667E+17;https://twitter.com/casillas_cobian/status/922666861057130496
whsforensics_;24/10/2017 01:29;1;5;Students who placed top 10 for speaks were: Ann Snelgrove, Forrest Derr, Nathan Noble, Jesus Casillas;;;;9,22666E+17;https://twitter.com/whsforensics_/status/922666326694309888
whsforensics_;24/10/2017 01:27;1;5;And jesus casillas manzano and nathan noble placed 2nd in novice PF!!;;;;9,22666E+17;https://twitter.com/whsforensics_/status/922665712232964096
janet_casillas;24/10/2017 01:24;3;2;big mood https:// twitter.com/talia_yasmeen/ status/922243250764869632 …;;;;9,22665E+17;https://twitter.com/janet_casillas/status/922664958495563777
DaveyGravyBot;24/10/2017 01:20;0;0;Card Casillas for time wasting by Wilmington.;;;;9,22664E+17;https://twitter.com/DaveyGravyBot/status/922663952982589440
TSharaP;24/10/2017 01:17;0;1;We kicked off Red Ribbon Week at Casillas with some help from our friends @ChulaVistaPD #cvesd #cvpd #redribbonweek #casillas #saynotodrugs pic.twitter.com/JTKtW0yPGa;;@ChulaVistaPD;#cvesd #cvpd #redribbonweek #casillas #saynotodrugs;9,22663E+17;https://twitter.com/TSharaP/status/922663374030192640
bri__lo;24/10/2017 01:08;2;3;either way i need my Aurelio Casillas lmaooo;;;;9,22661E+17;https://twitter.com/bri__lo/status/922661101145350144
NISGUA_Guate;24/10/2017 01:06;3;3;The #Casillas occupation has been attacked by police on multiple occasions to force passage for mining companies trucks.;;;#Casillas;9,22661E+17;https://twitter.com/NISGUA_Guate/status/922660504841076737
NISGUA_Guate;24/10/2017 01:05;4;4;Community members maintain a peaceful roadblock occupation in the town of #Casillas in protest against #TahoeResources mining impacts.;;;#Casillas #TahoeResources;9,2266E+17;https://twitter.com/NISGUA_Guate/status/922660193049100288
trippiejayyy;24/10/2017 00:19;0;0;ok we just have to get our parents to agree lol;;;;9,22649E+17;https://twitter.com/trippiejayyy/status/922648791735513090
trippiejayyy;24/10/2017 00:13;0;1;tell everyone i miss them especially Eddie;;;;9,22647E+17;https://twitter.com/trippiejayyy/status/922647192103473152
trippiejayyy;24/10/2017 00:08;0;1;i miss you, when are you coming back down???;;;;9,22646E+17;https://twitter.com/trippiejayyy/status/922645981245603840
vianca044;24/10/2017 00:08;0;1;You know she's the strongest #TeamCaraMaria;;;#TeamCaraMaria;9,22646E+17;https://twitter.com/vianca044/status/922645829822943232
PsoccerCOM;23/10/2017 23:43;2;0;Futre admits Real Madrid legend Casillas struggling at #FCPorto http://www. tribalfootball.com/articles/futre -admits-real-madrid-legend-casillas-struggling-at-porto-4204808 … via @tribalfootball;;@tribalfootball;#FCPorto;9,2264E+17;https://twitter.com/PsoccerCOM/status/922639690351763456
marria_casillas;23/10/2017 23:40;0;11;cheater cheater pumpkin eater;;;;9,22639E+17;https://twitter.com/marria_casillas/status/922638780712083456
RKatKpr22;23/10/2017 23:27;0;1;She's so annoying;;;;9,22636E+17;https://twitter.com/RKatKpr22/status/922635689388253184
BeardedLumby;23/10/2017 23:26;0;0;He wasn’t starting over Casillas or Kennard. Even though he better than Kennard,Spagz wouldnt take his job;;;;9,22635E+17;https://twitter.com/BeardedLumby/status/922635407820455936
tvblogger_;23/10/2017 23:23;1;5;Eww she’s trash ... anyways queen Cara is coming back!!! She’s a beast;;;;9,22635E+17;https://twitter.com/tvblogger_/status/922634653604782080
CaraMariaHive;23/10/2017 23:20;2;7;Dreaming. The only trash is the girl in the video and she'll be handled accordingly;;;;9,22634E+17;https://twitter.com/CaraMariaHive/status/922633845891125248
Maddy_casillas;23/10/2017 23:17;0;1;So funny;;;;9,22633E+17;https://twitter.com/Maddy_casillas/status/922633160722132993
CaraMariaHive;23/10/2017 23:17;0;2;So cocky;;;;9,22633E+17;https://twitter.com/CaraMariaHive/status/922633090828251136
Fco_Casillas;23/10/2017 22:40;0;0;Caferomanow fiesta yeahh https://www. facebook.com/events/1564075 81617994??ti=ia …;;;;9,22624E+17;https://twitter.com/Fco_Casillas/status/922623727518584832
kenzanite;23/10/2017 22:15;0;1;My friend @Casillas _Beo is doing a $20 giveaway at 100 followers and $50 at 10 subs! #Overwatch @TwitchTVGaming https://www. twitch.tv/mrkhubkayks;;@Casillas @TwitchTVGaming;#Overwatch;9,22618E+17;https://twitter.com/kenzanite/status/922617569042935808
sammigbo;23/10/2017 22:01;0;0;Even last year Courtois had more clean sheets than De Gea, but because ur man is diving like Casillas we won't hear word;;;;9,22614E+17;https://twitter.com/sammigbo/status/922614085149188096
Jonnyytheillest;23/10/2017 21:50;0;1;I hope Cara fucks up royally...and then retires. Straight trash.;;;;9,22611E+17;https://twitter.com/Jonnyytheillest/status/922611298390675456
casillas_andr;23/10/2017 21:39;0;1;Goey, va 50-50...;;;;9,22608E+17;https://twitter.com/casillas_andr/status/922608413518921728
ankurwavespot;23/10/2017 21:05;0;0;Jaqueline Casillas @Wavespot;;@Wavespot;;9,226E+17;https://twitter.com/ankurwavespot/status/922599957810565125
mercedes3596;23/10/2017 20:58;0;0;@kailah_ casillas @JennaCompono rules that whole house completely turned that house upside down;;@kailah_ @JennaCompono;;9,22598E+17;https://twitter.com/mercedes3596/status/922598231959318528
7DarrenAnderson;23/10/2017 20:47;0;0;How’s Casillas ?;;;;9,22595E+17;https://twitter.com/7DarrenAnderson/status/922595427786149889
itszeeeeee_;23/10/2017 20:42;0;3;I like kailah but I LOVE cara;;;;9,22594E+17;https://twitter.com/itszeeeeee_/status/922594128004820992
JSilvs28;23/10/2017 20:42;0;0;If casillas plays tomorrow you can almost guarantee he's gone in January. If sà plays iker plays league and cl imo if vana plays who knows;;;;9,22594E+17;https://twitter.com/JSilvs28/status/922594124963790848
mon_casillas;23/10/2017 20:38;0;1;For real tho https:// twitter.com/SoReIatable/st atus/922591716066168832 …;;;;9,22593E+17;https://twitter.com/mon_casillas/status/922593141294641152
goddessof87;23/10/2017 20:32;0;1;Ready for her to go..hopefully;;;;9,22592E+17;https://twitter.com/goddessof87/status/922591626370920448
ChallengeRewind;23/10/2017 20:30;1;6;beat Aneesa, voted in Cara, voted in Jemmye, and her alliance voted in Veronica and Britni... yeah Kailah, issa not looking good.;;;;9,22591E+17;https://twitter.com/ChallengeRewind/status/922591165471391744
OMGitzGemini;23/10/2017 20:29;0;0;@krvb0s boiiiii. Lol. You ready for thiiis?;;@krvb0s;;9,22591E+17;https://twitter.com/OMGitzGemini/status/922590768753025024
jfar014;23/10/2017 20:22;0;0;Brother sister bonding time, I get it lol;;;;9,22589E+17;https://twitter.com/jfar014/status/922589124199976960
fieldysgrl98;23/10/2017 20:19;0;6;Gee I wonder why.;;;;9,22588E+17;https://twitter.com/fieldysgrl98/status/922588314154102784
rubi_casillas;23/10/2017 20:16;0;0;Story of my life. I watch all the games with my brother for that reason;;;;9,22587E+17;https://twitter.com/rubi_casillas/status/922587478644555779
VibeWithRebecca;23/10/2017 20:01;0;2;Yeah cause she's a biiiiiitch;;;;9,22584E+17;https://twitter.com/VibeWithRebecca/status/922583884285599749
ChallengeMTV;23/10/2017 20:00;17;182;. @kailah_ casillas has more than a few enemies in the Redemption House. Watch #TheChallengeXXX TOMORROW @10/9c! http:// on.mtv.com/2xZcvFS pic.twitter.com/9cucO7meAL;;@kailah_ @10;#TheChallengeXXX;9,22583E+17;https://twitter.com/ChallengeMTV/status/922583424409489408
jfar014;23/10/2017 19:51;0;1;Not a lot of people I know are fans of baseball lmao;;;;9,22581E+17;https://twitter.com/jfar014/status/922581279744258048
rubi_casillas;23/10/2017 19:49;0;0;Go to a friends house!;;;;9,22581E+17;https://twitter.com/rubi_casillas/status/922580811458551808
jfar014;23/10/2017 19:48;0;1;My home is boring lol;;;;9,22581E+17;https://twitter.com/jfar014/status/922580515391021056
rubi_casillas;23/10/2017 19:48;0;0;Dude from home is better. Less stress. Lol;;;;9,2258E+17;https://twitter.com/rubi_casillas/status/922580397216505856
jfar014;23/10/2017 19:46;0;0;I’m just mad at the World right now lmao!;;;;9,2258E+17;https://twitter.com/jfar014/status/922580059268923392
rubi_casillas;23/10/2017 19:45;0;0;Hell nah. Ima enjoy myself. Watch it on my big ass tv. No kids. No ratchet girls yelling.;;;;9,2258E+17;https://twitter.com/rubi_casillas/status/922579644141801472
jfar014;23/10/2017 19:43;0;1;Weak Lol;;;;9,22579E+17;https://twitter.com/jfar014/status/922579147494375424
rubi_casillas;23/10/2017 19:40;0;2;Gonna go buy my favorite beer and snacks to get ready for the World Series tomorrow.;;;;9,22578E+17;https://twitter.com/rubi_casillas/status/922578440422801408
sprinkspark;23/10/2017 19:34;0;0;The folks saying Navas shoulda beat out Gigi should go sulk in the corner next to the folks who said Casillas was better than Gigi. #thebest;;;#thebest;9,22577E+17;https://twitter.com/sprinkspark/status/922577100615364608
NickM_Casillas;23/10/2017 19:30;0;5;i’m going to open up a Moscow Mule shop.;;;;9,22576E+17;https://twitter.com/NickM_Casillas/status/922576062596427776
polarbear9008;23/10/2017 19:21;1;1;Buffon vs Kahn, vs Casillas , vs van der Sar, vs Cech, vs Neuer, vs de Gea, vs anyone and he always wins #dealwithit #G1G1 #TheBest https:// twitter.com/omomani/status /922553723599106049 …;;;#dealwithit #G1G1 #TheBest;9,22574E+17;https://twitter.com/polarbear9008/status/922573844698845184
SS_Abusee;23/10/2017 19:19;1;0;so, it's 5-5 now? what else you wanna bring up to defend Casillas ?;;;;9,22573E+17;https://twitter.com/SS_Abusee/status/922573112864137216
CarlosJMarmol;23/10/2017 18:58;0;0;2017 NFL Trade Deadline Candidates | http://www. spotrac.com/blog/2017-nfl- trade-deadline-candidates … Eric Ebron, Aaron Lynch y Jonathan Casillas are interesting names for Pats...;;;;9,22568E+17;https://twitter.com/CarlosJMarmol/status/922567909196546048
FCPortoGlobal;23/10/2017 18:48;1;11;Probably Vana. These competitions are for the reserves and bench players to play. Not players like Casillas . https:// twitter.com/MilltoniousHD/ status/922565053211074560 …;;;;9,22565E+17;https://twitter.com/FCPortoGlobal/status/922565316902711296
MilltoniousHD;23/10/2017 18:47;0;0;Is Casillas gonna play? Or Vana?;;;;9,22565E+17;https://twitter.com/MilltoniousHD/status/922565053211074560
sanilbobhate9;23/10/2017 18:39;0;0;Casillas was booed. Their own players were booed. What shit fanbase and no courtesy towards someone who spend his entire life for rmfc.;;;;9,22563E+17;https://twitter.com/sanilbobhate9/status/922563138859307008
efra_casillas;23/10/2017 18:31;0;0;I know you are you don’t even take me out;;;;9,22561E+17;https://twitter.com/efra_casillas/status/922561100213661696
53savage;23/10/2017 18:21;0;1;I’m cold hearted papi;;;;9,22559E+17;https://twitter.com/53savage/status/922558680419115008
efra_casillas;23/10/2017 18:20;1;0;Nah nigga I thought it was cold https:// twitter.com/53savage/statu s/922558080587415552 …;;;;9,22558E+17;https://twitter.com/efra_casillas/status/922558482733133824
datcooon;23/10/2017 18:18;0;1;a brain?;;;;9,22558E+17;https://twitter.com/datcooon/status/922557959003164673
karel_tweets;23/10/2017 18:17;0;0;Casillas won 5 in a row https:// twitter.com/Squawka/status /922545078102523904 …;;;;9,22558E+17;https://twitter.com/karel_tweets/status/922557623039418368
efra_casillas;23/10/2017 18:11;0;0;I’ll end up on top trust;;;;9,22556E+17;https://twitter.com/efra_casillas/status/922556011935862785
efra_casillas;23/10/2017 18:10;0;0;Don’t play a game you’re destined to lose;;;;9,22556E+17;https://twitter.com/efra_casillas/status/922555965798604801
BAsacCALI;23/10/2017 18:09;0;0;@TheTalkCBS im Angelo Casillas racism is ugly can't stop Hollywood form making racial movies but Theatres show them why movieMarshall racist;;@TheTalkCBS;;9,22556E+17;https://twitter.com/BAsacCALI/status/922555639339077632
JEEVES_omot;23/10/2017 18:07;0;0;Still trying to overcome casillas shadow;;;;9,22555E+17;https://twitter.com/JEEVES_omot/status/922554982863376388
mariana_maz94;23/10/2017 18:04;3;16;Wait... wasn't Casillas better than Buffon? https:// twitter.com/futebol_minuto /status/922553647770296320 …;;;;9,22554E+17;https://twitter.com/mariana_maz94/status/922554286818709504
AbueInasr;23/10/2017 17:43;2;1;Put them in the blender and you get Casillas ’ left glove pic.twitter.com/8JX0W9VcZD;;;;9,22549E+17;https://twitter.com/AbueInasr/status/922549031431213056
Casillas_31;23/10/2017 17:41;0;0;#Cristiano will win #thebest;;;#Cristiano #thebest;9,22548E+17;https://twitter.com/Casillas_31/status/922548473727193090
am_jaido;23/10/2017 17:41;0;0;Xavi,puyol and casillas should be among the FIFA best 11 since iniesta is there again;;;;9,22548E+17;https://twitter.com/am_jaido/status/922548447126999041
Casillas_hdez;23/10/2017 17:39;0;0;Abort yourself then lol;;;;9,22548E+17;https://twitter.com/Casillas_hdez/status/922547970985287680
CaraMariaHive;23/10/2017 17:37;0;1;I'm weak;;;;9,22548E+17;https://twitter.com/CaraMariaHive/status/922547526905073664
Danny_Raff;23/10/2017 17:30;0;0;But De Gea is the best keeper of the last 10 years/rivalling Casillas !;;;;9,22546E+17;https://twitter.com/Danny_Raff/status/922545819789733888
KristynaMonroe;23/10/2017 17:25;0;0;My bday?;;;;9,22545E+17;https://twitter.com/KristynaMonroe/status/922544618226335744
_tayo__;23/10/2017 17:11;0;0;Sir Buffon e don do. Retire respectfully now before you start seeing what Casillas is seeing.;;;;9,22541E+17;https://twitter.com/_tayo__/status/922540916493242370
karim_shuqayr;23/10/2017 17:10;0;0;Remember when #buffon was at his best and #casillas would still win #thebest goalkeeper #scam;;;#buffon #casillas #thebest #scam;9,22541E+17;https://twitter.com/karim_shuqayr/status/922540785458929664
__Note2Self;23/10/2017 17:04;0;0;Gianluigi totally dominated football man. Competed against Dida for the best, then Casillas , then Courtois and Neuer, 20+ years on Top. The commun denominator, Greatest of All Time!;;;;9,22539E+17;https://twitter.com/__Note2Self/status/922539349585080325
plungeinto;23/10/2017 17:01;0;0;According to O Jogo Casillas was benched because he uses the smartphone on hotel before games http:// ift.tt/2zxxig9;;;;9,22539E+17;https://twitter.com/plungeinto/status/922538569876627458
ese_richy;23/10/2017 16:55;0;0;Idk who's ripping you off but i found some for 1k;;;;9,22537E+17;https://twitter.com/ese_richy/status/922537079669583872
_YoAnaaah;23/10/2017 16:52;0;0;I’m down;;;;9,22536E+17;https://twitter.com/_YoAnaaah/status/922536327567904768
life0fJuan;23/10/2017 16:50;0;1;Lol if they get his ass ain’t no stitches going to fix him lol .;;;;9,22536E+17;https://twitter.com/life0fJuan/status/922535816047378432
efra_casillas;23/10/2017 16:49;0;0;You got 3 k for an alright seat ?;;;;9,22535E+17;https://twitter.com/efra_casillas/status/922535433526951937
ese_richy;23/10/2017 16:43;1;0;I think its finally time to pull to a game;;;;9,22534E+17;https://twitter.com/ese_richy/status/922533848847548416
IslamHassanM;23/10/2017 16:34;0;0;Iker Casillas Real Madrid Vs Liverpool 0-4. Miss this Legend. (2008) pic.twitter.com/XZ7zNg0K44;;;;9,22532E+17;https://twitter.com/IslamHassanM/status/922531721387626497
casillas_79;23/10/2017 16:32;0;1;Ruthless.;;;;9,22531E+17;https://twitter.com/casillas_79/status/922531239197802502
A7_casillas;23/10/2017 16:31;0;0;one person followed me // automatically checked by http:// fllwrs.com;;;;9,22531E+17;https://twitter.com/A7_casillas/status/922530875216158720
J_Casillas;23/10/2017 16:19;0;0;TBH I'm only looking forward to my days off this week. I actually have good plans;;;;9,22528E+17;https://twitter.com/J_Casillas/status/922528040210505728
casillas_john;23/10/2017 16:04;0;1;I'll love you girl;;;;9,22524E+17;https://twitter.com/casillas_john/status/922524082880634880
casillas_cobian;23/10/2017 15:54;0;0;I’m done with this week!!! Can’t wait to go home on Friday!;;;;9,22522E+17;https://twitter.com/casillas_cobian/status/922521576590909440
JoelErrington;23/10/2017 15:47;0;1;Casillas - rubbish.;;;;9,2252E+17;https://twitter.com/JoelErrington/status/922519887704219650
mon_casillas;23/10/2017 15:44;0;0;I'm basically Joey Tribbiani https:// twitter.com/FriendsComedy/ status/922515596301959169 …;;;;9,22519E+17;https://twitter.com/mon_casillas/status/922519069458358272
Casillas_hdez;23/10/2017 15:38;0;1;Abort it then;;;;9,22518E+17;https://twitter.com/Casillas_hdez/status/922517523429392384
UCLArcmarchime;23/10/2017 14:51;1;0;#RCMAR - UCLA CHIME Scientific Retreat - Dr Alejandra Casillas presenting disparities in aging cognitive decline @UCLA_GIMHSR pic.twitter.com/vv3DMDtI79;;@UCLA_GIMHSR;#RCMAR;9,22506E+17;https://twitter.com/UCLArcmarchime/status/922505815596003333
kmk13313;23/10/2017 14:43;0;0;seeing at @JennaCompono @kailah_ casillas @t_raines33 @tori_deal and @hbarfield13 all safe...holy... @TheChallengeMTV;;@JennaCompono @kailah_ @t_raines33 @tori_deal @hbarfield13 @TheChallengeMTV;;9,22504E+17;https://twitter.com/kmk13313/status/922503751788834817
Casillas_POGS;23/10/2017 14:20;3;2;I hate being nice, someone always makes me regret it lol;;;;9,22498E+17;https://twitter.com/Casillas_POGS/status/922497882116280321
AM_Casillas;23/10/2017 14:19;0;6;Sell the stadium lights, looks like we will never have another night game again. https:// twitter.com/cowboyfb/statu s/922489044940021760 …;;;;9,22498E+17;https://twitter.com/AM_Casillas/status/922497786494545920
ftbllrswanimals;23/10/2017 14:02;17;36;Iker Casillas enjoying a day out at the park with his dog pic.twitter.com/1jbtpqzJfL;;;;9,22493E+17;https://twitter.com/ftbllrswanimals/status/922493493016252417
yovaniL19;23/10/2017 13:44;0;0;Happy birthday casillas @C_Sundayguez love you bro;;@C_Sundayguez;;9,22489E+17;https://twitter.com/yovaniL19/status/922488900936970240
mon_casillas;23/10/2017 13:41;0;1;Someone said @Spotify is the mix tape of the modern day, so I guess it's romantic? pic.twitter.com/C7gI7oust7;;@Spotify;;9,22488E+17;https://twitter.com/mon_casillas/status/922488148600545280
rubi_casillas;23/10/2017 13:37;0;0;Being sick is so tight. Especially with this heat wave.;;;;9,22487E+17;https://twitter.com/rubi_casillas/status/922487234254663682
rubi_casillas;23/10/2017 12:43;0;1;Snitches get stitches. Lmao;;;;9,22474E+17;https://twitter.com/rubi_casillas/status/922473564757831680
Chrsteinbakken;23/10/2017 12:01;0;0;Buffon, Casillas ,Neuer,De Gea,Lloris, Donnarumma,Zoet,Schezny,Trapp,Alves,Leno,Pickford,Forster,Handonovic,Oblak,Cortouis. Lista er lang;;;;9,22463E+17;https://twitter.com/Chrsteinbakken/status/922463044025946113
cassiexooo;23/10/2017 11:16;0;0;so come home;;;;9,22452E+17;https://twitter.com/cassiexooo/status/922451558205288448
G_Casillas;23/10/2017 11:08;0;0;This week, mkts focused on earnings rep of IT & other relevant companies, @ecb & BCB mon pol meetings, US 3Q17 GDP & inflation in Mexico pic.twitter.com/ea11oTgcrj;;@ecb;;9,2245E+17;https://twitter.com/G_Casillas/status/922449740469432320
Kelyon8;23/10/2017 10:36;0;0;Casilla's punishment is a lesson - Porto: Paulo Futre aired his thoughts on Iker Casillas … https:// goo.gl/fb/43BkS2;;;;9,22442E+17;https://twitter.com/Kelyon8/status/922441690052513793
fuxkreus;23/10/2017 09:39;0;0;Still can’t believe how Casillas left Madrid smh;;;;9,22427E+17;https://twitter.com/fuxkreus/status/922427308421476352
heissenbergerIV;23/10/2017 09:33;0;0;But why did Casillas get SBC player for Liga nos?;;;;9,22426E+17;https://twitter.com/heissenbergerIV/status/922425654548758528
KarimB92;23/10/2017 09:16;8;7;Casillas dropped by Porto manager for disciplinary issues. Since Mourinho, he's had issues with every coach. Even Del Bosque complained.;;;;9,22421E+17;https://twitter.com/KarimB92/status/922421351885008896
allfootballapp;23/10/2017 09:03;0;5;#PauloFutre : It'll be difficult for the #Casillas issue to be resolved check out at: https:// goo.gl/pPZ6T7 pic.twitter.com/vv9S730uf6;;;#PauloFutre #Casillas;9,22418E+17;https://twitter.com/allfootballapp/status/922418171990106112
G_Casillas;23/10/2017 08:38;0;1;Stk Mkts(+) amid Abe’s strong victory in Japan elections and awaiting of earnings rep. Mkts in Spain(-) as Catalonia tensions escalate;;;;9,22412E+17;https://twitter.com/G_Casillas/status/922411909709627392
English_AS;23/10/2017 08:06;0;9;"Casillas ' situation will be difficult to resolve quickly"" warns Futre https:// en.as.com/en/2017/10/23/ football/1508751210_288801.html … pic.twitter.com/bol9FH0wNs""";;;;9,22404E+17;https://twitter.com/English_AS/status/922403742925848576
krowdster;23/10/2017 06:40;0;0;Check out Sueño (Sleepy/Dream) by Ashley de la Montaña Casillas on @Kickstarter http:// kck.st/2gnVOc9;;@Kickstarter;;9,22382E+17;https://twitter.com/krowdster/status/922382191404892160
Casillas_POGS;23/10/2017 05:38;0;2;Seeing a painted fastball for the backwards K https:// twitter.com/queenkimbaby/s tatus/921811392512102403 …;;;;9,22367E+17;https://twitter.com/Casillas_POGS/status/922366529508962304
Casillas_POGS;23/10/2017 05:34;3;1;KK sounds fire rn;;;;9,22366E+17;https://twitter.com/Casillas_POGS/status/922365536880734209
casillas_per;23/10/2017 04:23;0;0;one person followed me and one person unfollowed me // automatically checked by http:// fllwrs.com;;;;9,22348E+17;https://twitter.com/casillas_per/status/922347622093946880
life0fJuan;23/10/2017 03:58;0;1;Yo it’s intense I didn’t even know all that happened I agree Sean penn should be worried. They just exposed him.;;;;9,22341E+17;https://twitter.com/life0fJuan/status/922341490528890880
CaraMariaHive;23/10/2017 03:53;0;0;Dead. Were you dropped as a baby or are you just that dumb;;;;9,2234E+17;https://twitter.com/CaraMariaHive/status/922340205893472256
_Killmonger;23/10/2017 03:37;0;2;I have something for my best friend, but I honestly don’t know how I’m going to give it to her punk ass!!;;;;9,22336E+17;https://twitter.com/_Killmonger/status/922336058829717504
GoldJerry_GOLD;23/10/2017 03:33;0;0;@kailah_ casillas will prob win. Her breakdown of why she picked Cara, 100 100.;;@kailah_;;9,22335E+17;https://twitter.com/GoldJerry_GOLD/status/922335236645679104
rowan_casillas;23/10/2017 03:11;0;4;I love when I spend 2563 min ranting to someone about the use of “I’m sorry “ and they still don’t understand the value of it;;;;9,2233E+17;https://twitter.com/rowan_casillas/status/922329724701036544
rubi_casillas;23/10/2017 02:15;0;1;I wonder how Sean penn is feeling after the El Chapo series on Netflix. I’d be hiding if I was him.;;;;9,22316E+17;https://twitter.com/rubi_casillas/status/922315562134335488
rubi_casillas;23/10/2017 02:07;0;0;I hate when im arguing and auto correct don’t got my back. BITCH WE’RE A TEAM!;;;;9,22314E+17;https://twitter.com/rubi_casillas/status/922313591818133505
casillas_jakob;23/10/2017 02:06;0;0;My dad baby I’m sry;;;;9,22313E+17;https://twitter.com/casillas_jakob/status/922313294114934784
todaycoupon;23/10/2017 02:05;0;0;2013-14 Real Madrid Player Issue GK Home Shirt I. Casillas #1 *w/Tags* XL https://www. awin1.com/pclick.php?p=3 675769297&a=166720&m=6716 …;;;#1;9,22313E+17;https://twitter.com/todaycoupon/status/922312971526819840
casillas_jakob;23/10/2017 02:04;0;0;Baby get some sleep I love you;;;;9,22313E+17;https://twitter.com/casillas_jakob/status/922312868015505408
J_Casillas;23/10/2017 01:30;0;0;I've been craving cheesecake for the longest!;;;;9,22304E+17;https://twitter.com/J_Casillas/status/922304220077817856
MagicMoutinho;23/10/2017 01:14;0;1;So Vana is playing Taça matches now? Casillas is actually over. He's literally our third keeper now;;;;9,223E+17;https://twitter.com/MagicMoutinho/status/922300194678558720
cecicasillas14;23/10/2017 00:50;0;0;add me on sc !!! ceci_ casillas;;;;9,22294E+17;https://twitter.com/cecicasillas14/status/922294126061735936
DinaElHakim4;23/10/2017 00:28;1;1;DOLORES INES CASILLAS BROUGHT DOOOOOOOWN BY ME SINGLE HANDEDLY LOL #ALEXSHURA KOTLERMAN WHAT A CUNT :) 10 @UCLHEP pic.twitter.com/7Kp0ydi5Hy;;@UCLHEP;#ALEXSHURA;9,22288E+17;https://twitter.com/DinaElHakim4/status/922288481459515392
stanley_4_;22/10/2017 23:36;0;0;Actually, yes;;;;9,22275E+17;https://twitter.com/stanley_4_/status/922275404316119040
stanley_4_;22/10/2017 23:32;0;2;I do you nerd, but I wasn’t included in that tweet;;;;9,22274E+17;https://twitter.com/stanley_4_/status/922274442079809541
stanley_4_;22/10/2017 23:30;0;1;No no, I don’t wanna hear it;;;;9,22274E+17;https://twitter.com/stanley_4_/status/922274102685192193
stanley_4_;22/10/2017 23:29;0;1;You really just gonna do me like that huh.....it’s cool I don’t miss you either;;;;9,22274E+17;https://twitter.com/stanley_4_/status/922273720747651072
casillas_79;22/10/2017 23:16;1;4;@pubal1 Hope you have a good start to your week. pic.twitter.com/Ot5iLTG3XG;;@pubal1;;9,2227E+17;https://twitter.com/casillas_79/status/922270499689910273
AmburrChavez;22/10/2017 23:11;0;0;Oooookay;;;;9,22269E+17;https://twitter.com/AmburrChavez/status/922269228404748291
AmburrChavez;22/10/2017 23:09;0;0;Yeah and there is a reason Camila is hated. I’m just saying the majority of the cast members don’t like her, same on invasion.;;;;9,22269E+17;https://twitter.com/AmburrChavez/status/922268674110697472
casillas_andr;22/10/2017 22:55;0;2;"Does somebody else cried watching The perks of being a wallflower "" or was just me? I'm so sensitive""";;;;9,22265E+17;https://twitter.com/casillas_andr/status/922265092829233152
mvvvnnvhmvrie__;22/10/2017 22:32;0;0;He really is a whole husband. Trying not to get attached with moving in 2 months tho;;;;9,22259E+17;https://twitter.com/mvvvnnvhmvrie__/status/922259394611511296
