username;date;retweets;favorites;text;geo;mentions;hashtags;id;permalink
cubaescobar;18/10/2017 20:52;0;0;What’s the chances of Demarcus cousins signing in Houston next year , he is an unrestricted free agent in 2018;;;;9,208E+17;https://twitter.com/cubaescobar/status/920799860634161152
BoomerTJ3;18/10/2017 20:43;0;0;I added a video to a @YouTube playlist http:// youtu.be/84AKrZ1Fy1E?a Only Rudy Gay can SLAP DeMarcus Cousins ' head, & get away with it!;;@YouTube;;9,20797E+17;https://twitter.com/BoomerTJ3/status/920797470396780544
Thanks_Givens_;18/10/2017 20:41;0;0;Demarcus Cousins died;;;;9,20797E+17;https://twitter.com/Thanks_Givens_/status/920797108399095808
NOPelsBrasil;18/10/2017 20:36;1;4;STARTERS DO OPENING GAME: PG: Jrue Holiday SG: E'Twaun Moore SF: Dante Cunningham PF: Anthony Davis C: DeMarcus Cousins;;;;9,20796E+17;https://twitter.com/NOPelsBrasil/status/920795840528097280
FamilyHealthTod;18/10/2017 20:28;0;0;Pelicans center DeMarcus Cousins : 'The image they're pushing [of… http:// dlvr.it/PwQjqP http:// bit.ly/2MMMAF http://www. fhfusa.us;;;;9,20794E+17;https://twitter.com/FamilyHealthTod/status/920793770680913920
BasketBlog_com;18/10/2017 20:28;0;0;http:// BasketBlog.com : DeMarcus Cousins is selling his home, in case you want to see what the… http:// dlvr.it/PwQjLt #NBA #Basketball pic.twitter.com/OzaX8BTrZH;;;#NBA #Basketball;9,20794E+17;https://twitter.com/BasketBlog_com/status/920793654234570753
anniemsullivan;18/10/2017 20:26;0;0;Pelicans center DeMarcus Cousins : 'The image they're pushing [of… http:// dlvr.it/PwQj0j http:// bit.ly/2MMMAF http://www. fhfusa.us;;;;9,20793E+17;https://twitter.com/anniemsullivan/status/920793168072679424
amazonpromos1;18/10/2017 20:26;0;0;Pelicans center DeMarcus Cousins : 'The image they're pushing [of… http:// dlvr.it/PwQhxv http:// bit.ly/2MMMAF http://www. fhfusa.us;;;;9,20793E+17;https://twitter.com/amazonpromos1/status/920793154369892353
almaepreston;18/10/2017 20:26;0;0;Pelicans center DeMarcus Cousins : 'The image they're pushing [of… http:// dlvr.it/PwQhwP http:// bit.ly/2MMMAF http://www. fhfusa.us;;;;9,20793E+17;https://twitter.com/almaepreston/status/920793149353598978
pelicansengland;18/10/2017 20:13;0;0;Pelicans Starting 5 vs Grizzlies: PG: Jrue Holiday SG: E'Twaun Moore SF: Dante Cunningham PF: Anthony Davis C: DeMarcus Cousins;;;;9,2079E+17;https://twitter.com/pelicansengland/status/920789863703736320
PrimaScriptura;18/10/2017 20:07;0;0;Jrue Holiday, E'Twaun Moore, Dante Cunningham, Anthony Davis and DeMarcus Cousins will start Wednesday vs. Memphis.;;;;9,20788E+17;https://twitter.com/PrimaScriptura/status/920788449678036992
DailyNBALineups;18/10/2017 20:02;0;0;#Pelicans Jrue Holiday, E'Twaun Moore, Dante Cunningham, Anthony Davis and DeMarcus Cousins will start Wednesd... http:// nbastartingfive.com/playerProfile. jsp?player=E'Twaun%20Moore …;;;#Pelicans;9,20787E+17;https://twitter.com/DailyNBALineups/status/920787222839914496
thebirdwrites;18/10/2017 20:00;2;3;Anthony Davis and DeMarcus Cousins seeking to start the season with a win! https://www. thebirdwrites.com/2017/10/18/165 00766/pelicans-at-grizzlies-game-thread-anthony-davis-and-demarcus-cousins?utm_campaign=thebirdwrites&utm_content=chorus&utm_medium=social&utm_source=twitter … pic.twitter.com/FurIrKC71n;;;;9,20787E+17;https://twitter.com/thebirdwrites/status/920786593065197570
OlehKosel;18/10/2017 20:00;3;3;Can Anthony Davis and DeMarcus Cousins lead the Pelicans to an opening-day victory? https://www. thebirdwrites.com/2017/10/18/165 00766/pelicans-at-grizzlies-game-thread-anthony-davis-and-demarcus-cousins?utm_campaign=olehkosel&utm_content=chorus&utm_medium=social&utm_source=twitter … pic.twitter.com/UcfXoZMDyd;;;;9,20787E+17;https://twitter.com/OlehKosel/status/920786588602437632
DailyNBALineups;18/10/2017 19:56;1;1;#NBA #Lineup #Pelicans Jrue Holiday PG,E'Twaun Moore SG,Dante Cunningham SF,Anthony Davis PF, DeMarcus Cousins C http:// bit.ly/PsMI9f;;;#NBA #Lineup #Pelicans;9,20786E+17;https://twitter.com/DailyNBALineups/status/920785575530991621
kingdavid_03;18/10/2017 19:44;0;0;Is Demarcus cousins coming back home one day?;;;;9,20783E+17;https://twitter.com/kingdavid_03/status/920782646950555648
MavChemCotton;18/10/2017 19:44;0;0;@FantasyCruncher Demarcus Cousins #WinFreeFC;;@FantasyCruncher;#WinFreeFC;9,20783E+17;https://twitter.com/MavChemCotton/status/920782588469497856
nbariver;18/10/2017 19:37;0;0;Pelicans center DeMarcus Cousins : ‘The image they’re pushing [of me] doesn’t fit’. https:// sports.yahoo.com/pelicans-cente r-demarcus-cousins-image-theyre-pushing-doesnt-fit-222336300.html?src=rss …;;;;9,20781E+17;https://twitter.com/nbariver/status/920780786550411266
NBANewzBot;18/10/2017 19:32;0;0;Yahoo! Sports - http:// newzbots.me/?156G9GF - Pelicans center DeMarcus Cousins âThe image theyâre pushing [of me] doesnât fitâ;;;;9,2078E+17;https://twitter.com/NBANewzBot/status/920779537314713600
Donieeeb;18/10/2017 19:29;1;1;I might go Demarcus cousins out in public;;;;9,20779E+17;https://twitter.com/Donieeeb/status/920778912560492544
verticaljump3;18/10/2017 19:26;0;0;Pelicans center DeMarcus Cousins : ‘The image they’re pushing [of me] doesn’t fit’ http:// ift.tt/2yxYjSR;;;;9,20778E+17;https://twitter.com/verticaljump3/status/920778063415271424
sportmetweets;18/10/2017 19:24;0;0;Pelicans center DeMarcus Cousins : ‘The image they’re pushing [of me] doesn’t fit’ http:// ift.tt/2yxYjSR http:// ift.tt/KYVR4n;;;;9,20778E+17;https://twitter.com/sportmetweets/status/920777617405546496
bettingtips101;18/10/2017 19:01;0;0;Top Power Forwards: 1. Anthony Davis 2. Nikola Jokic 3. Lamarcus Aldridge 4. Demarcus Cousins 5. Greg Monroe #NBA #DFS;;;#NBA #DFS;9,20772E+17;https://twitter.com/bettingtips101/status/920771899713519620
BuzzzTeller;18/10/2017 18:50;0;0;NBA star DeMarcus Cousins puts his Granite Bay mansion in play at $5.4 million CLICK BELOW FOR FULL STORY... http:// buzzteller.com/nba-star-demar cus-cousins-puts-his-granite-bay-mansion-in-play-at-5-4-million/ …;;;;9,20769E+17;https://twitter.com/BuzzzTeller/status/920769032625651712
CandlestickWill;18/10/2017 17:49;0;0;16. Joel Embiid 17. Jimmy Butler 18. Nikola Jokic 19. DeMarcus Cousins 20. Chris Paul;;;;9,20754E+17;https://twitter.com/CandlestickWill/status/920753848863428608
joannepoesch;18/10/2017 17:49;0;0;NBA star DeMarcus Cousins puts his Granite Bay mansion in play at $5.4 million http:// dlvr.it/PwPhsK pic.twitter.com/2UXFknfSI1;;;;9,20754E+17;https://twitter.com/joannepoesch/status/920753621339324416
PelicansChat;18/10/2017 17:33;0;0;#TakeFlight #GeauxPels #Pels NBA star DeMarcus Cousins puts his Granite Bay mansion in play at $5.4 million http:// dld.bz/gnudb;;;#TakeFlight #GeauxPels #Pels;9,2075E+17;https://twitter.com/PelicansChat/status/920749770980974595
_BWD_;18/10/2017 17:15;0;0;It's stuffed with the kind of incisive cultural commentary you'd expect from any drawn-out analogy between Roy Moore and DeMarcus Cousins pic.twitter.com/KMNl99SwFA;;;;9,20745E+17;https://twitter.com/_BWD_/status/920745151693238272
Derrick_73;18/10/2017 17:14;0;0;DeMarcus Cousins on his excitement to begin the season http://www. youtube.com/watch?v=b0iXte t48HY … https:// adroed.com/demarcus-cousi ns-on-his-excitement-to-begin-the-season/ …;;;;9,20745E+17;https://twitter.com/Derrick_73/status/920745019627266048
dcousins_live;18/10/2017 16:56;0;0;2nite DeMarcus Cousins vs the #Grizzlies Fanduel $10200 Draft: http:// bit.ly/20xIIvW Draftkings $10000 Draft: http:// bit.ly/2gVC0PI;;;#Grizzlies;9,2074E+17;https://twitter.com/dcousins_live/status/920740483911077888
HAAL;18/10/2017 16:38;0;0;NBA star DeMarcus Cousins puts his Granite Bay mansion in play at $5.4 million by Neal J. Leitereg via latimes… http:// ift.tt/2gQWFT4;;;;9,20736E+17;https://twitter.com/HAAL/status/920735740354588672
CollectedN;18/10/2017 16:24;0;0;NBA star DeMarcus Cousins puts his Granite Bay mansion in play at $5.4 million http:// ift.tt/2x5yczy;;;;9,20732E+17;https://twitter.com/CollectedN/status/920732232335216640
atanbabball;18/10/2017 16:21;0;0;dannythompson Is This The Year The Pelicans Can Fly Back Into The http:// aroundtheassociation.com/is-this-the-ye ar-the-pelicans-can-fly-back-into-the-playoffs-pelicans-season-preview/ … #AnthonyDavis #DeMarcusCousins #JrueHoliday;;;#AnthonyDavis #DeMarcusCousins #JrueHoliday;9,20732E+17;https://twitter.com/atanbabball/status/920731648634867718
WilliamMungall;18/10/2017 16:18;0;0;NBA star DeMarcus Cousins puts his Granite Bay mansion in play at $5.4 million http:// ift.tt/2x5yczy;;;;9,20731E+17;https://twitter.com/WilliamMungall/status/920730905844559872
HotChkNewsTweet;18/10/2017 16:15;0;0;NBA star DeMarcus Cousins puts his Granite Bay mansion in play at $5.4 million (LA Times) http:// ift.tt/2x5yczy;;;;9,2073E+17;https://twitter.com/HotChkNewsTweet/status/920730172457963522
MrDjentlemen;18/10/2017 16:15;0;0;If I didn't tweet about how I miss DeMarcus Cousins then was I even on Twitter?;;;;9,2073E+17;https://twitter.com/MrDjentlemen/status/920730043650920454
latimesfirehose;18/10/2017 16:15;0;0;NBA star DeMarcus Cousins puts his Granite Bay mansion in play at $5.4 million http:// lat.ms/2gQ9yNf;;;;9,2073E+17;https://twitter.com/latimesfirehose/status/920730002840276994
latimesbiz;18/10/2017 16:15;0;0;NBA star DeMarcus Cousins puts his Granite Bay mansion in play at $5.4 million http:// lat.ms/2yrRnaL;;;;9,2073E+17;https://twitter.com/latimesbiz/status/920729971122933760
LATrealestate;18/10/2017 16:15;2;1;NBA star DeMarcus Cousins puts his Granite Bay mansion in play at $5.4 million http:// lat.ms/2gQN3rM;;;;9,2073E+17;https://twitter.com/LATrealestate/status/920729968681803777
LATHotProperty;18/10/2017 16:14;2;12;#Pelicans star DeMarcus Cousins is asking $5.4M for Northern California mansion. Has tennis court, pizza oven http:// lat.ms/2zksr1x pic.twitter.com/abt1D1xs6X;;;#Pelicans;9,2073E+17;https://twitter.com/LATHotProperty/status/920729894383788032
researchandwin;18/10/2017 15:35;1;0;What player do you think will have low ownership and help someone take down a #nba #dfs tournament? DeMarcus Cousins and Marc Gasol anyone?;;;#nba #dfs;9,2072E+17;https://twitter.com/researchandwin/status/920719981582716928
GooduBasketball;18/10/2017 14:57;0;0;DeMarcus Cousins thinks New Orleans Pelicans could set ‘new trend’ in NBA https:// wp.me/p8bmGO-eYN #New Orleans Pelicans;;;#New;9,20711E+17;https://twitter.com/GooduBasketball/status/920710533225091085
FanSided;18/10/2017 14:35;0;0;DeMarcus Cousins and the 10 players with the most to prove this NBA season (by @THElukenorris ) https:// fansided.com/2017/10/16/nba -season-preview-2017-18-players-most-prove/ …;;@THElukenorris;;9,20705E+17;https://twitter.com/FanSided/status/920704791197741056
jltunme;18/10/2017 13:59;1;1;Wow a national article that actually suggests DeMarcus Cousins not being traded pic.twitter.com/wfYvJ5qtR4;;;;9,20696E+17;https://twitter.com/jltunme/status/920695938435469312
numberFire_NBA;18/10/2017 13:45;1;1;Pelicans' DeMarcus Cousins , Anthony Davis could see big minutes together in 2017-18 http:// bit.ly/2gO50H9;;;;9,20692E+17;https://twitter.com/numberFire_NBA/status/920692224110641152
HoopBallTweets;18/10/2017 13:43;0;0;DeMarcus Cousins and Anthony Davis will share the floor often https://www. hoop-ball.com/nba-fantasy-ne ws-and-advice/fantasy-nba-player-news/demarcus-cousins-and-anthony-davis-will-share-the-floor-often/ …;;;;9,20692E+17;https://twitter.com/HoopBallTweets/status/920691910573948929
Waltober_;18/10/2017 13:34;0;0;LeBron, KD , Steph , Russ , Kawhi , James harden , Anthony Davis , Kyrie , demarcus cousins , john wall;;;;9,20689E+17;https://twitter.com/Waltober_/status/920689442695909378
DFSAddict;18/10/2017 13:09;0;0;Thoughts on a Chris Paul for DeMarcus Cousins trade? #Pelicans #Rockets;;;#Pelicans #Rockets;9,20683E+17;https://twitter.com/DFSAddict/status/920683231321645056
DailyNBALineups;18/10/2017 13:07;1;1;#Pelicans Alvin Gentry said he wants to have both DeMarcus Cousins and Anthony Davis on the floor as much as p... http:// nbastartingfive.com/playerProfile. jsp?player=DeMarcus%20Cousins …;;;#Pelicans;9,20683E+17;https://twitter.com/DailyNBALineups/status/920682771529584645
KingInMyOwnMind;18/10/2017 12:54;0;0;Celtics will be getting DeMarcus Cousins soon;;;;9,20679E+17;https://twitter.com/KingInMyOwnMind/status/920679439083671552
dcb97;18/10/2017 12:44;0;0;NBA Stars Paul George, Damian Lillard, DeMarcus Cousins & More Share Their Favorite Pre-Game Song http://www. billboard.com/articles/colum ns/hip-hop/8005616/nba-players-pre-game-playlists-paul-george-damian-lilliard … via @billboard;;@billboard;;9,20677E+17;https://twitter.com/dcb97/status/920676916771696641
PSR_1065;18/10/2017 12:37;0;0;For Pelicans' DeMarcus Cousins , there's no place like home and everyone has a story to tell - The Advocate (Baton... http:// fb.me/2fy6dv1e2;;;;9,20675E+17;https://twitter.com/PSR_1065/status/920675271757434881
HashtagDALEY;18/10/2017 12:35;0;0;EASILY B. A puts you right back in the DeMarcus Cousins purgatory.;;;;9,20675E+17;https://twitter.com/HashtagDALEY/status/920674704406355968
daltonorwig;18/10/2017 12:34;0;0;For Pelicans' DeMarcus Cousins , there's no place like home and everyone has a story to tell http://www. theadvocate.com/new_orleans/sp orts/pelicans/article_43100158-b339-11e7-86e0-8fe42f11f704.html?utm_medium=social&utm_source=twitter&utm_campaign=user-share … via @theadvocateno;;@theadvocateno;;9,20674E+17;https://twitter.com/daltonorwig/status/920674332040409089
Tinsley6;18/10/2017 12:31;0;0;Why would you not put Anthony Davis or Demarcus Cousins on that list?;;;;9,20674E+17;https://twitter.com/Tinsley6/status/920673773480706048
trend_slam;18/10/2017 12:23;0;2;DeMarcus Cousins thinks New Orleans Pelicans could set 'new trend' in NBA -… http:// dlvr.it/PwMDcr via @trend_slam via @trend_slam;;@trend_slam @trend_slam;;9,20672E+17;https://twitter.com/trend_slam/status/920671587048636423
Basteballer66;18/10/2017 12:13;0;0;@KySportsRadio @DrewFranklinKSR Wall did NOT win Freshman Of The Year. That was Demarcus Cousins .;;@KySportsRadio @DrewFranklinKSR;;9,20669E+17;https://twitter.com/Basteballer66/status/920669229002653696
KdTrey_23;18/10/2017 11:32;0;0;DeMarcus Cousins thinks New Orleans Pelicans could set 'new trend' in NBA MORE: http:// on.nba.com/2gPxNex pic.twitter.com/S95n1IvKzx;;;;9,20659E+17;https://twitter.com/KdTrey_23/status/920658812176158721
NBAcom;18/10/2017 11:30;11;34;DeMarcus Cousins thinks New Orleans Pelicans could set 'new trend' in NBA MORE: http:// on.nba.com/2gPxNex pic.twitter.com/JELc9xvyMt;;;;9,20658E+17;https://twitter.com/NBAcom/status/920658239263526912
Kmattr31;18/10/2017 11:26;0;0;@LeBatardShow Demarcus Cousins is gonna be HUGE after retirement;;@LeBatardShow;;9,20657E+17;https://twitter.com/Kmattr31/status/920657288209338368
rwalkeradvocate;18/10/2017 11:21;2;1;The side of DeMarcus Cousins you may not know https:// twitter.com/theadvocateno/ status/920651666634002433 …;;;;9,20656E+17;https://twitter.com/rwalkeradvocate/status/920656159941496832
theadvocateno;18/10/2017 11:03;9;15;For #Pelicans ' DeMarcus Cousins , there's no place like home and everyone has a story to tell https:// buff.ly/2yxXXw1 pic.twitter.com/rBAt6o891e;;;#Pelicans;9,20652E+17;https://twitter.com/theadvocateno/status/920651666634002433
pvbl_thunderous;18/10/2017 10:56;0;1;The rings don't makes you a better player... so in this situation zaza pachuliass is better than demarcus cousins ? Westbrook > Harden > curry;;;;9,2065E+17;https://twitter.com/pvbl_thunderous/status/920649742752866304
JamesKFoster2;18/10/2017 10:46;0;1;Good morning to everyone except Demarcus Cousins .;;;;9,20647E+17;https://twitter.com/JamesKFoster2/status/920647340737822720
mozzafiato____;18/10/2017 10:33;0;0;My last semester is equivalent to Demarcus Cousins last 5 months in Sacramento;;;;9,20644E+17;https://twitter.com/mozzafiato____/status/920644086503215105
byCBoutwell;18/10/2017 10:03;0;0;"Who will be the #Pelicans PG without Rajon Rondo? DeMarcus Cousins ? Anthony Davis? There's no one ball handler."" http:// bit.ly/2ytDeaG""";;;#Pelicans;9,20636E+17;https://twitter.com/byCBoutwell/status/920636332480765953
WillGuillory;18/10/2017 10:00;1;3;DeMarcus Cousins : 'I think we could set a new trend in the league' http://www. nola.com/pelicans/index .ssf/2017/10/demarcus_cousins_i_think_we_co.html …;;;;9,20636E+17;https://twitter.com/WillGuillory/status/920635701720477696
Pelicans_France;18/10/2017 09:49;1;5;Notre roster final : Anthony Davis Demarcus Cousins Jrue Holiday Rajon Rondo Solomon Hill E'Twaun Moore Ian Clark Tony Allen Jordan Crawford;;;;9,20633E+17;https://twitter.com/Pelicans_France/status/920632997270913024
hashBasketball;18/10/2017 09:45;0;0;Demarcus Cousins has to be a force in the post for the New Orleans Pelicans #Pelicans http:// zpr.io/ngQaG;;;#Pelicans;9,20632E+17;https://twitter.com/hashBasketball/status/920631946287382528
NetgistzNetgist;18/10/2017 09:41;0;1;Ex-Sacramento Kings Proprietor Gavin Maloof: I By no means Woulda Traded DeMarcus Cousins ! (VIDEO) http://www. netgist.me/ex-sacramento- kings-owner-gavin-maloof-i-never-woulda-traded-demarcus-cousins-video/?utm_source=ReviveOldPost&utm_medium=social&utm_campaign=ReviveOldPost …;;;;9,20631E+17;https://twitter.com/NetgistzNetgist/status/920630955425107969
hashBasketball;18/10/2017 09:34;0;1;Demarcus Cousins has to be a force in the post for the New Orleans Pelicans - By @_Kamarr_ http:// zpr.io/ngQaG;;@_Kamarr_;;9,20629E+17;https://twitter.com/hashBasketball/status/920629226193276928
nbariver;18/10/2017 09:20;0;0;DeMarcus Cousins : 'I think we could set a new trend in the league'. http://www. nola.com/pelicans/index .ssf/2017/10/demarcus_cousins_i_think_we_co.html …;;;;9,20626E+17;https://twitter.com/nbariver/status/920625758875406336
Kobes_Lakers;18/10/2017 09:10;0;1;DeMarcus Cousins is insane. Centers shouldn't be allowed to do this. pic.twitter.com/uAHtOcExdy;;;;9,20623E+17;https://twitter.com/Kobes_Lakers/status/920623184277311490
GooduBasketball;18/10/2017 08:59;0;0;Demarcus Cousins Shows CRAZY HANDLES at New Orleans Pelicans Practice, Anthony Davis https:// wp.me/p8bmGO-eY9 #New Orleans Pelicans;;;#New;9,2062E+17;https://twitter.com/GooduBasketball/status/920620427214577665
YEEZY77_;18/10/2017 08:03;0;0;I reckon Demarcus Cousins will end up in Washington later this season;;;;9,20606E+17;https://twitter.com/YEEZY77_/status/920606176848392192
JWRaidersLakers;18/10/2017 06:28;1;2;After 1 day in the NBA I think they (the nba) should trade CP3 and either Anthony Davis or Demarcus Cousins to the Celtics or Cavs. Or Trade Giannis to the Nuggets;;;;9,20582E+17;https://twitter.com/JWRaidersLakers/status/920582394436038656
Understood365;18/10/2017 05:17;0;0;They going out to DeMarcus Cousins;;;;9,20564E+17;https://twitter.com/Understood365/status/920564446401060864
NBANewzBot;18/10/2017 03:32;0;0;Yahoo! Sports - http:// newzbots.me/?156G8XS - Exclusive DeMarcus Cousins wants to quiet his critics;;;;9,20538E+17;https://twitter.com/NBANewzBot/status/920537951163092992
asiauncensored;18/10/2017 03:16;0;0;I got my money on Demarcus Cousins every game lol;;;;9,20534E+17;https://twitter.com/asiauncensored/status/920534085319225346
seanplara;18/10/2017 02:43;0;0;Chris Paul gets traded for Demarcus Cousins by end of the year....calling it now;;;;9,20526E+17;https://twitter.com/seanplara/status/920525705372454913
icongw;18/10/2017 02:35;0;0;NBA Stars Paul George, Damian Lillard, DeMarcus Cousins & More Share Their Favorite Pre- http://www. billboard.com/articles/colum ns/hip-hop/8005616/nba-players-pre-game-playlists-paul-george-damian-lilliard … via @billboard;;@billboard;;9,20524E+17;https://twitter.com/icongw/status/920523654210998272
nbariver;18/10/2017 02:19;0;0;DeMarcus Cousins : 'I think we could set a new trend in the league'. http://www. nola.com/pelicans/index .ssf/2017/10/demarcus_cousins_i_think_we_co.html …;;;;9,2052E+17;https://twitter.com/nbariver/status/920519798307590144
MastaCracka;18/10/2017 02:18;0;1;Here's an idea: CP3 for Demarcus Cousins win-win trade;;;;9,2052E+17;https://twitter.com/MastaCracka/status/920519501376040963
LMillzO;18/10/2017 02:16;0;0;Demarcus Cousins https:// twitter.com/cuffsthelegend /status/920502701892493312 …;;;;9,20519E+17;https://twitter.com/LMillzO/status/920518890609836032
TFSterl;18/10/2017 02:13;0;0;Rockets should trade Chris Paul for DeMarcus Cousins;;;;9,20518E+17;https://twitter.com/TFSterl/status/920518062268350464
pelicansbuzztap;18/10/2017 02:11;0;1;nola​.com >> DeMarcus Cousins : 'I think we could set a new trend in the league' http:// buzztap.com/-r3NJyE;;;;9,20518E+17;https://twitter.com/pelicansbuzztap/status/920517735666409472
PelicansHoops;18/10/2017 02:10;0;0;DeMarcus Cousins : 'I think we could set a new trend in the league' https:// trib.al/Dhpb3bm pic.twitter.com/dbLgMPo7QV;;;;9,20518E+17;https://twitter.com/PelicansHoops/status/920517544741662726
kelvinnotkalvin;18/10/2017 01:58;0;0;Umm did kristap porzingis , Demarcus cousins ,Anthony Davis Kevin love , and joel embiid retire without telling anyone ? https:// twitter.com/iamjaykobmamor a/status/920487150742798339 …;;;;9,20515E+17;https://twitter.com/kelvinnotkalvin/status/920514522045210625
stevenwatts;18/10/2017 01:54;0;0;I want to see the Smoothie King Center stand in unified anticipation of a ridiculous Anthony Davis block/probable Demarcus Cousins technical;;;;9,20513E+17;https://twitter.com/stevenwatts/status/920513432700575745
__Colb__;18/10/2017 01:33;1;5;Cavs gotta get IT at 100% and trade for Demarcus Cousins to have a legit shot at beating the Warriors.;;;;9,20508E+17;https://twitter.com/__Colb__/status/920508056089382912
HeuristicLineup;18/10/2017 01:27;1;16;I'll never take what anyone says about DeMarcus Cousins seriously until Chris Paul isn't a darling of the league. He's 5x worse.;;;;9,20507E+17;https://twitter.com/HeuristicLineup/status/920506715296206849
beviralarm;18/10/2017 00:21;0;0;Alvin Gentry Believes DeMarcus Cousins Is The Pelicans’ Best Shooter http://www. viralarm.com/en/alvin-gentr y-believes-demarcus-cousins-is-the-pelicans-best-shooter/ … pic.twitter.com/TR0TzTg8iU;;;;9,2049E+17;https://twitter.com/beviralarm/status/920489994225160193
BrownBrownc26;18/10/2017 00:20;1;2;@NickWilson923 According to my sources, Channing Fry & Iman Shumpert ought be packing bags. They go in sign & trade deal, along with nets 1st pick, to Pelicans for DeMarcus Cousins , as Cousins agrees to 4 year, 120 million contract with Cavs before deadl;;@NickWilson923;;9,2049E+17;https://twitter.com/BrownBrownc26/status/920489754210258944
Faith_Lietzke;17/10/2017 23:59;1;0;DeMarcus Cousins is insane. Centers shouldn't be allowed to do this. pic.twitter.com/s6mlWCXu2r;;;;9,20485E+17;https://twitter.com/Faith_Lietzke/status/920484530473132032
ima_fix_wolves;17/10/2017 23:55;0;0;Demarcus Cousins hits Anthony Davis in the face twice and about to fight [10/18/2017] Pelicans vs. Grizzlies (FULL) - HD https://youtu.b;;;;9,20484E+17;https://twitter.com/ima_fix_wolves/status/920483562876366848
__sallad;17/10/2017 23:50;1;2;Are they just gonna ignore the fact that Anthony Davis and Demarcus Cousins are on the same team https:// twitter.com/bleacherreport /status/920405866611798016 …;;;;9,20482E+17;https://twitter.com/__sallad/status/920482141342978048
______RPS______;17/10/2017 23:41;0;1;NO. THIS IS UNFAIR THAT WILLIE GREEN HAS A RING YET DEMARCUS COUSINS CANT MAKE THE PLAYOFFS https:// twitter.com/OMagicDaily/st atus/920479895289040896 …;;;;9,2048E+17;https://twitter.com/______RPS______/status/920480015262863362
ringer;17/10/2017 23:40;4;23;Could the Cleveland Cavaliers target DeMarcus Cousins at the trade deadline? #NBAPalooza pic.twitter.com/16Cou7BRWy;;;#NBAPalooza;9,2048E+17;https://twitter.com/ringer/status/920479548474404864
CockyThaGod;17/10/2017 23:36;0;0;boston dont even need Hayward. swear to God ill be sending offers with him for Demarcus Cousins . IF BOSTON REALLY WANNA WIN;;;;9,20479E+17;https://twitter.com/CockyThaGod/status/920478786214342656
karnixo;17/10/2017 23:17;0;2;Demarcus Cousins is the man y'all;;;;9,20474E+17;https://twitter.com/karnixo/status/920473830233055233
issac1823;17/10/2017 23:15;0;0;And you got Analysts out here advocating they add Demarcus Cousins to that Cavs team;;;;9,20473E+17;https://twitter.com/issac1823/status/920473319068991488
sarlndr;17/10/2017 23:09;0;0;In franchise CP3, Paul George, Carmelo Anthony, , Kyrie Irving, Jimmy Butler, Isaiah Thomas, Demarcus Cousins all on original teams.;;;;9,20472E+17;https://twitter.com/sarlndr/status/920471861015740418
GODDESScharityy;17/10/2017 23:01;0;2;Demarcus Cousins shoot like he got Scoliosis;;;;9,2047E+17;https://twitter.com/GODDESScharityy/status/920469863616856064
PelicansChat;17/10/2017 22:48;0;1;#TakeFlight #GeauxPels #Pels Pelicans' guards relishing opportunity to play with DeMarcus Cousins , Anthony Davis http:// dld.bz/gnj3E;;;#TakeFlight #GeauxPels #Pels;9,20467E+17;https://twitter.com/PelicansChat/status/920466539203190784
honeyhued;17/10/2017 22:42;0;0;I only remember Demarcus cousins reaction. And I'm pretty sure Kyrie cried I automatically thought damn this déjà vue for him;;;;9,20465E+17;https://twitter.com/honeyhued/status/920465108614213633
504Dug;17/10/2017 22:37;0;1;In a shocking turn of events DeMarcus Cousins is also issued a technical;;;;9,20464E+17;https://twitter.com/504Dug/status/920463863295954944
Dave1017_;17/10/2017 22:30;0;2;The cavs still have a chance to get Demarcus cousins this season;;;;9,20462E+17;https://twitter.com/Dave1017_/status/920461998458064896
Disrespectful_D;17/10/2017 22:13;0;0;Both to Washington lol RT @FRESHMONEYO : Anthony Davis & Demarcus cousins gotta leave the west lmaooo they ... http:// tmi.me/1fjR82;;@FRESHMONEYO;;9,20458E+17;https://twitter.com/Disrespectful_D/status/920457859460198400
FRESHMONEYO;17/10/2017 22:10;0;0;Anthony Davis & Demarcus cousins gotta leave the west lmaooo they belong in the east where shit is easy;;;;9,20457E+17;https://twitter.com/FRESHMONEYO/status/920457083409108992
rarebre3d;17/10/2017 21:47;0;0;I would compliment someone else but I heard Demarcus Cousins is married so;;;;9,20451E+17;https://twitter.com/rarebre3d/status/920451273949892608
HornetsSocial;17/10/2017 21:46;0;0;For DeMarcus Cousins , there's no place like home and everyone has a story to tell ... #Pelicans … http:// dlvr.it/PwF8jn;;;#Pelicans;9,20451E+17;https://twitter.com/HornetsSocial/status/920450873087598592
docKev_;17/10/2017 21:31;0;0;Wizards gotta trade a 1st rounder and Otto Porter for Demarcus Cousins now and go for it;;;;9,20447E+17;https://twitter.com/docKev_/status/920447178207834114
tabdallah_21;17/10/2017 21:23;1;5;Alright well now it's time to go out and trade for demarcus cousins or anthony davis and wait for Hayward to come back next year;;;;9,20445E+17;https://twitter.com/tabdallah_21/status/920445099691175936
AllThingsSwavey;17/10/2017 20:59;0;0;demarcus cousins flow I’m a underrated king;;;;9,20439E+17;https://twitter.com/AllThingsSwavey/status/920439137706168322
GooduBasketball;17/10/2017 20:54;0;0;Pelicans’ guards relishing opportunity to play with DeMarcus Cousins , Anthony Davis https:// wp.me/p8bmGO-eWR #New Orleans Pelicans;;;#New;9,20438E+17;https://twitter.com/GooduBasketball/status/920437951875698688
GrasonHillis5;17/10/2017 20:52;0;1;All NBA Second Team: G Russell Westbrook G John Wall F Kawhi Leonard F Giannis Antetokounmpo C DeMarcus Cousins pic.twitter.com/t2tzDt2FSz;;;;9,20437E+17;https://twitter.com/GrasonHillis5/status/920437296301772800
ChartedInterest;17/10/2017 20:44;0;0;This is a make or break season for the New Orleans Pelicans #NewOrleansPelicans #AnthonyDavis #DeMarcusCousins #NBA http:// us.blastingnews.com/sports/2017/10 /this-is-a-make-or-break-season-for-the-new-orleans-pelicans-002081757.html …;;;#NewOrleansPelicans #AnthonyDavis #DeMarcusCousins #NBA;9,20435E+17;https://twitter.com/ChartedInterest/status/920435289998462977
TheReal_KDubb;17/10/2017 20:39;0;0;NBA Stars Paul George, Damian Lillard, DeMarcus Cousins & More Share Their Favorite - http:// klou.tt/dbbtsk65gxst;;;;9,20434E+17;https://twitter.com/TheReal_KDubb/status/920434022609592320
JakeNeverman;17/10/2017 20:31;0;1;Top 5 Centers 1. Demarcus Cousins 2.KAT 3.Jokic 4.Embiid(If healthy) 5.Gobert;;;;9,20432E+17;https://twitter.com/JakeNeverman/status/920432015010385920
AWMueller;17/10/2017 20:24;0;0;DeMarcus Cousins will have his name in trade rumors all season;;;;9,2043E+17;https://twitter.com/AWMueller/status/920430368062402560
sendthenubez;17/10/2017 20:00;0;0;How good can Anthony Davis & DeMarcus Cousins be this season?;;;;9,20424E+17;https://twitter.com/sendthenubez/status/920424189781336065
rwalkeradvocate;17/10/2017 19:57;21;40;For DeMarcus Cousins , there's no place like home and everyone has a story to tell ... #Pelicans http://www. theadvocate.com/new_orleans/sp orts/pelicans/article_43100158-b339-11e7-86e0-8fe42f11f704.html?utm_medium=social&utm_source=twitter&utm_campaign=user-share … via @theadvocateno;;@theadvocateno;#Pelicans;9,20424E+17;https://twitter.com/rwalkeradvocate/status/920423656857198592
RichInFacts;17/10/2017 19:34;0;3;What do you expect from Isaiah Thomas when he comes back and do you think the Cavaliers will acquire DeMarcus Cousins before the deadline?;;;;9,20418E+17;https://twitter.com/RichInFacts/status/920417802548400129
BartellJohn2;17/10/2017 19:29;0;1;I still feel like Demarcus Cousins is the most dominate center in the league.;;;;9,20416E+17;https://twitter.com/BartellJohn2/status/920416411939426306
THEONLY350;17/10/2017 19:14;0;1;demarcus cousins;;;;9,20413E+17;https://twitter.com/THEONLY350/status/920412771644264449
ShouDre_;17/10/2017 19:12;0;1;He was dunking on Demarcus Cousins and Anthony Davis at the same time in 2k18 so I think he deserves more minutes;;;;9,20412E+17;https://twitter.com/ShouDre_/status/920412344231936001
billboardhiphop;17/10/2017 19:00;1;8;Exclusive: NBA Stars Paul George, Damian Lillard, DeMarcus Cousins & more share their favorite pre-game song http:// blbrd.cm/SIXdfV pic.twitter.com/iMMyfzwl7n;;;;9,20409E+17;https://twitter.com/billboardhiphop/status/920409197304598528
brynsntos;17/10/2017 18:57;0;2;DeMarcus Cousins ,Dwight Howard ttrade sa Cavs brad @_pitian ...;;@_pitian;;9,20409E+17;https://twitter.com/brynsntos/status/920408541340381185
Balontrico_Dr_J;17/10/2017 18:32;0;0;Cavaliers Wizards at top of DeMarcus Cousins NBA trade rumors https://www. metro.us/sports/cavalie rs-wizards-top-demarcus-cousins-nba-trade-rumors#.WeZ2ywW1I98.twitter … via @Metro_US;;@Metro_US;#;9,20402E+17;https://twitter.com/Balontrico_Dr_J/status/920402056082591744
Balontrico_Dr_J;17/10/2017 18:31;0;0;Cavaliers Wizards at top of DeMarcus Cousins NBA trade rumors https://www. metro.us/sports/cavalie rs-wizards-top-demarcus-cousins-nba-trade-rumors#.WeZ2xSwBCN0.twitter … via @Metro_US;;@Metro_US;#;9,20402E+17;https://twitter.com/Balontrico_Dr_J/status/920402015456514048
billherenda;17/10/2017 18:01;2;0;Brook Lopez 1st 8 yrs in #NBA 3-31 3FGs Last yr 134-387 35% #Lakers DeMarcus Cousins 1st 5yrs 11-69 3FGs Last 2 yrs 201-573 3FGs 35% #Pels;;;#NBA #Lakers #Pels;9,20394E+17;https://twitter.com/billherenda/status/920394420104544256
____maud_;17/10/2017 17:49;0;0;I hope wizards get Demarcus cousins & hope the bucks grow this year , the east need to be more competitive;;;;9,20391E+17;https://twitter.com/____maud_/status/920391345637904384
Ben_Chiefin;17/10/2017 17:46;0;0;Deyonta Davis playoff stats 2.3 ppg 1.7 reb Demarcus cousins playoff stats 0 ppg 0 reb DD> Demarcus Cousins;;;;9,20391E+17;https://twitter.com/Ben_Chiefin/status/920390696317734912
PatrickS1591;17/10/2017 17:28;0;0;Demarcus Cousins (yet again);;;;9,20386E+17;https://twitter.com/PatrickS1591/status/920386128859029505
miltothepast;17/10/2017 17:22;0;1;DeMarcus Cousins needs to be on the cover of 2k;;;;9,20385E+17;https://twitter.com/miltothepast/status/920384585229144064
AlTeichman;17/10/2017 17:12;0;1;DeMarcus Cousins in a Wizards uniform https:// twitter.com/DuncanSmithNBA /status/908921276139540482 …;;;;9,20382E+17;https://twitter.com/AlTeichman/status/920382084610428929
ThunderManiaBR;17/10/2017 17:03;0;0;DeMarcus Cousins .;;;;9,2038E+17;https://twitter.com/ThunderManiaBR/status/920379781018980353
KevDreamy;17/10/2017 17:03;0;0;demarcus cousins https:// twitter.com/footlocker/sta tus/920378891356770307 …;;;;9,2038E+17;https://twitter.com/KevDreamy/status/920379751054921729
Truu_motivation;17/10/2017 17:02;0;1;Idk why the trade haven’t been made,but if Cavs can get DeMarcus Cousins before the season then they’ll most likely will win the NBA Finals;;;;9,20379E+17;https://twitter.com/Truu_motivation/status/920379481675784195
SInowLIVE;17/10/2017 16:50;0;1;Would Pelicans Consider Trading Anthony Davis Before DeMarcus Cousins ? WATCH: https://www. si.com/nba/video/2017 /10/17/pelicans-trade-options-anthony-davis-demarcus-cousins … pic.twitter.com/XceLIFAWfM;;;;9,20376E+17;https://twitter.com/SInowLIVE/status/920376393841692674
_Siobhan85_;17/10/2017 16:42;0;0;Demarcus Cousins to the Cavs??? I bet he's in Houston or Boston before that can happen before the season is over.;;;;9,20374E+17;https://twitter.com/_Siobhan85_/status/920374467511160834
LineStarNBA;17/10/2017 16:40;0;0;Demarcus Cousins Expected To Play In Season Opener More: http:// LineStarApp.com/News/Sport/NBA /Story/2685 … #DFS #NBA #News #NOR;;;#DFS #NBA #News #NOR;9,20374E+17;https://twitter.com/LineStarNBA/status/920374017005178880
JorgeGotGame;17/10/2017 16:40;0;0;Demarcus Cousins gets no love hes definitely a top 10 player anyone try to put above him i guarantee he would put up 30 & 10 on them;;;;9,20374E+17;https://twitter.com/JorgeGotGame/status/920373989658316805
RotoBallerNBA;17/10/2017 16:37;0;0;NEW: Demarcus Cousins Expected To Play In Season Opener http:// dlvr.it/PwBx00 #FantasyBasketball;;;#FantasyBasketball;9,20373E+17;https://twitter.com/RotoBallerNBA/status/920373107612725249
UPROXXSports;17/10/2017 16:33;0;0;Pelicans coach Alvin Gentry believes DeMarcus Cousins is the team's best three-point shooter http:// uproxx.it/2gMD1aS pic.twitter.com/HoU6NxYtAZ;;;;9,20372E+17;https://twitter.com/UPROXXSports/status/920372132345012224
DimeUPROXX;17/10/2017 16:30;0;5;Pelicans coach Alvin Gentry believes DeMarcus Cousins is the team's best three-point shooter http:// uproxx.it/2gMD1aS pic.twitter.com/Iul0zUlxvm;;;;9,20371E+17;https://twitter.com/DimeUPROXX/status/920371377080881153
RaymondEReeves;17/10/2017 16:29;0;0;For Pelicans' DeMarcus Cousins , there's no place like home and everyone has a story to tell http://www. theadvocate.com/new_orleans/sp orts/pelicans/article_43100158-b339-11e7-86e0-8fe42f11f704.html?utm_medium=social&utm_source=twitter&utm_campaign=user-share … via @theadvocateno;;@theadvocateno;;9,20371E+17;https://twitter.com/RaymondEReeves/status/920371223317671944
vegasblue;17/10/2017 16:26;0;0;Analysis | Is Kyrie Irving just a sidekick? Is DeMarcus Cousins not a winner? Five players with labels to shed. http:// wapo.st/2ie5o5q?tid=ss _tw&utm_term=.92ba25d2b4f6 …;;;;9,2037E+17;https://twitter.com/vegasblue/status/920370461476839425
RichardBejah;17/10/2017 16:19;0;0;#Sports Pelicans Coach Alvin Gentry Believes DeMarcus Cousins Is The Team's Best Three.. via http:// budurl.com/RGBBlog9 http:// dld.bz/gneWb;;;#Sports;9,20369E+17;https://twitter.com/RichardBejah/status/920368632911233026
BigEasyMafiaUK;17/10/2017 16:14;0;1;Demarcus cousins & Anthony Davis going to run the western conference! Playoffs inbound;;;;9,20368E+17;https://twitter.com/BigEasyMafiaUK/status/920367543210139648
FRESHMONEYO;17/10/2017 16:12;0;0;They need Demarcus cousins next year too but I think he will end up in Washington;;;;9,20367E+17;https://twitter.com/FRESHMONEYO/status/920366821664010242
DonivanGray;17/10/2017 16:11;0;0;Lmaoo imagine Lebron and Demarcus Cousins playing in the WNBA https:// twitter.com/cornesy12/stat us/920178826688081921 …;;;;9,20367E+17;https://twitter.com/DonivanGray/status/920366688859811843
newsroundcom;17/10/2017 16:08;0;0;For Pelicans’ DeMarcus Cousins , there is no place like home and everybody includes a story to inform – The Advocate http:// newsy-today.com/for-pelicans-d emarcus-cousins-theres-no-place-like-home-and-everyone-has-a-story-to-tell-the-advocate/ …;;;;9,20366E+17;https://twitter.com/newsroundcom/status/920365925710385152
ovogarry;17/10/2017 15:51;0;1;#NBAPredictions Demarcus Cousins is traded by deadline;;;#NBAPredictions;9,20362E+17;https://twitter.com/ovogarry/status/920361540452155393
Johnny_UT;17/10/2017 15:46;13;46;Demarcus Cousins doesn't end the season as a Pelican.;;;;9,2036E+17;https://twitter.com/Johnny_UT/status/920360355330691077
DopeTris;17/10/2017 15:44;0;0;@HornetsGIFs do you have a gif of Cody dunking on DeMarcus Cousins;;@HornetsGIFs;;9,2036E+17;https://twitter.com/DopeTris/status/920360006595371008
SportyByNature;17/10/2017 15:40;0;1;Honestly I'm just still happy I have DeMarcus Cousins on my team and I'm praying over every player's knees https:// twitter.com/sportybynature /status/920356978785968129 …;;;;9,20359E+17;https://twitter.com/SportyByNature/status/920358995751329792
TampaBaySRH;17/10/2017 15:34;0;0;#LetsGoMagic NBA Stars Paul George, Damian Lillard, DeMarcus Cousins & More Share Their Favorite… http:// srhlink.com/PwBPsn #SportsRoadhouse;;;#LetsGoMagic #SportsRoadhouse;9,20357E+17;https://twitter.com/TampaBaySRH/status/920357291869605888
MagicSRH;17/10/2017 15:34;0;0;#OrlandoMagic NBA Stars Paul George, Damian Lillard, DeMarcus Cousins & More Share Their Favorite… http:// srhlink.com/PwBPnl #SportsRoadhouse;;;#OrlandoMagic #SportsRoadhouse;9,20357E+17;https://twitter.com/MagicSRH/status/920357275394379781
TampaBaySRH;17/10/2017 15:34;0;0;#LetsGoMagic NBA Stars Paul George, Damian Lillard, DeMarcus Cousins & More Share Their Favorite… http:// srhlink.com/PwBPmQ #SportsRoadhouse;;;#LetsGoMagic #SportsRoadhouse;9,20357E+17;https://twitter.com/TampaBaySRH/status/920357274496917506
bnix4;17/10/2017 15:33;0;2;Demarcus Cousins traded to #TheLand and the Cavaliers sweep the Warriors in the Finals. Finals MVP... the ...LBJ;;;#TheLand;9,20357E+17;https://twitter.com/bnix4/status/920357030296260611
rwalkeradvocate;17/10/2017 15:32;1;2;Hometown Boogie: The other side of DeMarcus Cousins #Pelicans http://www. theadvocate.com/new_orleans/sp orts/pelicans/article_43100158-b339-11e7-86e0-8fe42f11f704.html?utm_medium=social&utm_source=twitter&utm_campaign=user-share … via @theadvocateno;;@theadvocateno;#Pelicans;9,20357E+17;https://twitter.com/rwalkeradvocate/status/920356819091980289
Skyhousemusic;17/10/2017 15:16;0;0;NBA Stars Paul George, Damian Lillard, DeMarcus Cousins & More Share Favorite PreGame Song: Exclusive http://www. billboard.com/articles/colum ns/hip-hop/8005616/nba-players-pre-game-playlists-paul-george-damian-lilliard … via @billboard;;@billboard;;9,20353E+17;https://twitter.com/Skyhousemusic/status/920352853696290817
AustinKent;17/10/2017 15:14;1;1;There are DeMarcus Cousins days left until the NBA season begins! pic.twitter.com/Ci4bCTLYnT;;;;9,20352E+17;https://twitter.com/AustinKent/status/920352229177016320
belenmusica;17/10/2017 15:03;0;0;NBA Stars Paul George, Damian Lillard, DeMarcus Cousins & More Share Their Favorite Pre-Game Song: Exclusive http:// dlvr.it/PwB6fG pic.twitter.com/JaHzxrsUa7;;;;9,2035E+17;https://twitter.com/belenmusica/status/920349628792369152
CSGazetteSports;17/10/2017 14:57;0;0;Is Kyrie Irving just a sidekick? Is DeMarcus Cousins not a winner? Five NBA players with labels to shed. http:// gazette.com/article/161339 0?TC_SC_REF … pic.twitter.com/HpUN4H48gR;;;;9,20348E+17;https://twitter.com/CSGazetteSports/status/920347973627863045
alivemusic2;17/10/2017 14:53;0;0;NBA Stars Paul George, Damian Lillard, DeMarcus Cousins & More Share Their Favorite Pre-Game Song: Exclusive http:// a-livecommunity.com/music/2017/10/ 17/nba-stars-paul-george-damian-lillard-demarcus-cousins-more-share-their-favorite-pre-game-song-exclusive-2/ …;;;;9,20347E+17;https://twitter.com/alivemusic2/status/920347079066693632
alivemusic2;17/10/2017 14:53;0;0;NBA Stars Paul George, Damian Lillard, DeMarcus Cousins & More Share Their Favorite Pre-Game Song: Exclusive http:// a-livecommunity.com/music/2017/10/ 17/nba-stars-paul-george-damian-lillard-demarcus-cousins-more-share-their-favorite-pre-game-song-exclusive/ …;;;;9,20347E+17;https://twitter.com/alivemusic2/status/920347064235634690
AtownToby;17/10/2017 14:17;0;1;2. Alvin Gentry will be fired and Demarcus Cousins will be traded before the deadline #NBAPredictions;;;#NBAPredictions;9,20338E+17;https://twitter.com/AtownToby/status/920337927242223616
ShotMyShot;17/10/2017 14:17;0;0;PG: IT, Rose, Calderon SG: Wade, JR, Shump SF: LBJ, Korver, Osman PF: Crowder, Green, Frye C : Love, TT, Zizic If that's doesn't scare you, then you are just biased and not a fan of basketball. Plus they are trading their 2018 first round plus TT for Demarcus Cousins;;;;9,20338E+17;https://twitter.com/ShotMyShot/status/920337890252607488
WillGuillory;17/10/2017 14:16;13;20;DeMarcus Cousins getting shots up after today's practice pic.twitter.com/OoxHIgsDBx;;;;9,20338E+17;https://twitter.com/WillGuillory/status/920337742692782081
ChuckShots;17/10/2017 14:05;0;1;the only guy that can make a New Orleans team where Demarcus Cousins is the best shooter work, is playoff Rondo;;;;9,20335E+17;https://twitter.com/ChuckShots/status/920334967757987840
BluePurpleMusic;17/10/2017 14:01;0;0;NBA Stars Paul George, Damian Lillard, DeMarcus Cousins & More Share Their Favorite Pre-Game Song: Exc... http://www. billboard.com/node/8005616 #bilboard pic.twitter.com/8WwxKmEy5b;;;#bilboard;9,20334E+17;https://twitter.com/BluePurpleMusic/status/920334032428240896
BluePurpleRecor;17/10/2017 14:01;0;0;NBA Stars Paul George, Damian Lillard, DeMarcus Cousins & More Share Their Favorite Pre-Game Song: Exc... http://www. billboard.com/node/8005616 #bilboard pic.twitter.com/exlJtIQgG5;;;#bilboard;9,20334E+17;https://twitter.com/BluePurpleRecor/status/920334030947737600
Josiah_FL;17/10/2017 14:01;0;0;NBA Stars Paul George, Damian Lillard, DeMarcus Cousins & More Share Their Favorite Pre-Game Song: Exc... http://www. billboard.com/node/8005616 #bilboard pic.twitter.com/rrGu42ev9X;;;#bilboard;9,20334E+17;https://twitter.com/Josiah_FL/status/920334030364651520
music_and__news;17/10/2017 14:01;0;0;NBA Stars Paul George, Damian Lillard, DeMarcus Cousins & More Share Their Favorite Pre-Game Song: Exc... http://www. billboard.com/node/8005616 #bilboard pic.twitter.com/7qfmt4qQ7d;;;#bilboard;9,20334E+17;https://twitter.com/music_and__news/status/920334028963766272
KingMonte231;17/10/2017 13:59;0;1;Cavs trade Kevin love and Tristan Thompson for Demarcus Cousins;;;;9,20334E+17;https://twitter.com/KingMonte231/status/920333569003786241
VinylOpus;17/10/2017 13:53;0;0;NBA Stars Paul George, Damian Lillard, DeMarcus Cousins & More Share Their Favorite Pre-Game Song: Exclusive http:// dlvr.it/Pw9QQ9 pic.twitter.com/2GvcxT408w;;;;9,20332E+17;https://twitter.com/VinylOpus/status/920331963965177856
Frank_Walle;17/10/2017 13:49;0;0;NBA Stars Paul George, Damian Lillard, DeMarcus Cousins & More Share Their Favorite Pre-Game Song: Exclusive http:// ift.tt/2zvt09Z;;;;9,20331E+17;https://twitter.com/Frank_Walle/status/920331020502732800
passustheaux;17/10/2017 13:49;0;0;NBA Stars Paul George, Damian Lillard, DeMarcus Cousins & More Share Their Favorite Pre-Game Song: Exclusive http:// ift.tt/2zvt09Z;;;;9,20331E+17;https://twitter.com/passustheaux/status/920330992937848834
ShadowLinesDoc;17/10/2017 13:49;0;0;NBA Stars Paul George, Damian Lillard, DeMarcus Cousins & More Share Their Favorite Pre-Game Song: Exclusive http:// ift.tt/2zvt09Z;;;;9,20331E+17;https://twitter.com/ShadowLinesDoc/status/920330944518742016
OneGreyHair1;17/10/2017 13:48;0;0;NBA Stars Paul George, Damian Lillard, DeMarcus Cousins & More Share Their Favorite Pre-Game Song: Exclusive http:// dlvr.it/Pw9QZ3 pic.twitter.com/XB2nIiyxtW;;;;9,20331E+17;https://twitter.com/OneGreyHair1/status/920330694672314368
DimeUPROXX;17/10/2017 13:48;0;7;Can DeMarcus Cousins and Anthony Davis power the #Pelicans into the playoffs? #30Questions #NBATipOff pic.twitter.com/xqvGNd7SNj;;;#Pelicans #30Questions #NBATipOff;9,20331E+17;https://twitter.com/DimeUPROXX/status/920330622492729347
StillBullsToMe;17/10/2017 13:33;0;0;Thibs Talk: Is Kyrie Irving just a sidekick? Is DeMarcus Cousins not a winner? Five players with labels to shed. - http:// ift.tt/2yvBU97 …;;;;9,20327E+17;https://twitter.com/StillBullsToMe/status/920326961515331585
NBABaseline;17/10/2017 13:21;0;0;Retweeted 16 Wins A Ring ( @16WinsARing ): With DeMarcus Cousins gone, @connorulrey says its time to crown a new... http:// fb.me/6rrOUizt3;;@16WinsARing @connorulrey;;9,20324E+17;https://twitter.com/NBABaseline/status/920323876403535873
DraftKings_Boss;17/10/2017 13:12;0;2;DeMarcus Cousins has 10+ ejections this year.;;;;9,20322E+17;https://twitter.com/DraftKings_Boss/status/920321553203593221
Jiminquas_;17/10/2017 13:09;0;0;Draymond ahead of Paul George and Demarcus Cousins ??? https:// twitter.com/nba_buckets/st atus/920237454648627200 …;;;;9,20321E+17;https://twitter.com/Jiminquas_/status/920320829208039424
16WinsARing;17/10/2017 13:03;5;2;With DeMarcus Cousins gone, @connorulrey says its time to crown a new king in SacTown. https:// 16winsaring.com/sacramento-kin gs-2017-18-time-to-crown-a-new-king/ … pic.twitter.com/QnUBGYIbhM;;@connorulrey;;9,20319E+17;https://twitter.com/16WinsARing/status/920319405933973504
MiranChill;17/10/2017 12:52;0;0;twitter loves disrespecting demarcus cousins;;;;9,20316E+17;https://twitter.com/MiranChill/status/920316494017204224
WoahItsHunter;17/10/2017 12:44;2;2;Did this dude seriously just say DeMar DeRozan is a better basketball player than DeMarcus Cousins ? I’m done with NBA Twitter for the day;;;;9,20315E+17;https://twitter.com/WoahItsHunter/status/920314511302774784
DerekDevereaux;17/10/2017 12:38;1;0;Is Demarcus Cousins a top 15 player in the NBA?;;;;9,20313E+17;https://twitter.com/DerekDevereaux/status/920313065954070528
DerekDevereaux;17/10/2017 12:38;0;0;Is Demarcus Cousins the best center in the NBA?;;;;9,20313E+17;https://twitter.com/DerekDevereaux/status/920312989651275776
PrimeHeyward;17/10/2017 12:27;5;6;They really put Lonzo on here already. Not John Wall. Not Demarcus Cousins . Not Paul George. Not Chris Paul. Lonzo. Ball. Fuck ESPN https:// twitter.com/sportscenter/s tatus/920280795230670849 …;;;;9,2031E+17;https://twitter.com/PrimeHeyward/status/920310223230963712
HornetsSocial;17/10/2017 12:25;0;0;Alvin Gentry hails DeMarcus Cousins ' rare skill. #Pelicans https:// clutchpoints.com/pelicans-news- alvin-gentry-says-demarcus-cousins-best-3-point-shooter/ … http:// dlvr.it/Pw8bkQ;;;#Pelicans;9,2031E+17;https://twitter.com/HornetsSocial/status/920309841347743745
mrchrisrcampbel;17/10/2017 12:17;0;0;2017-18 Sacramento Kings preview: Life after DeMarcus Cousins feels kinda liberating http:// ift.tt/2warawy;;;;9,20308E+17;https://twitter.com/mrchrisrcampbel/status/920307738189713408
LayneBethea21;17/10/2017 12:14;0;1;No Demarcus cousins would....;;;;9,20307E+17;https://twitter.com/LayneBethea21/status/920306915946659840
gioxnicolasjr1;17/10/2017 11:52;1;1;Demarcus cousins might mess around and end up in San Antonio with Kawhi;;;;9,20302E+17;https://twitter.com/gioxnicolasjr1/status/920301552883167237
JHackDaMan;17/10/2017 11:51;0;0;There's no way the Pelicans would trade DeMarcus Cousins to the Cavs;;;;9,20301E+17;https://twitter.com/JHackDaMan/status/920301199269814272
hectorperu28;17/10/2017 11:45;0;0;Draymomd green is not better than Demarcus cousins this is trash https:// twitter.com/nba_buckets/st atus/920237454648627200 …;;;;9,203E+17;https://twitter.com/hectorperu28/status/920299787273900032
ClutchPointsApp;17/10/2017 11:44;3;8;Alvin Gentry hails DeMarcus Cousins ' rare skill. #Pelicans https:// clutchpoints.com/pelicans-news- alvin-gentry-says-demarcus-cousins-best-3-point-shooter/ …;;;#Pelicans;9,20299E+17;https://twitter.com/ClutchPointsApp/status/920299491068141569
b_gant_;17/10/2017 11:27;0;0;Or Carmelo or Paul George or Isaiah Thomas or Karl Anthony Towns or Demarcus Cousins or Anthony Davis or Jimmy Butler or Dwayne Wade....;;;;9,20295E+17;https://twitter.com/b_gant_/status/920295121480044545
ouyanghanbing;17/10/2017 11:21;0;0;Exclusive: DeMarcus Cousins wants to quiet his critics http:// dlvr.it/Pw7whT pic.twitter.com/mFQPAeIyrA;;;;9,20294E+17;https://twitter.com/ouyanghanbing/status/920293601568964608
nbariver;17/10/2017 11:15;0;0;Exclusive: DeMarcus Cousins wants to quiet his critics. https:// sports.yahoo.com/exclusive-dema rcus-cousins-wants-quiet-140021679.html?src=rss …;;;;9,20292E+17;https://twitter.com/nbariver/status/920292287489462274
watch_myfeet;17/10/2017 11:12;0;1;If Cleveland gets Demarcus cousins I’m gonna loose it;;;;9,20291E+17;https://twitter.com/watch_myfeet/status/920291439359283201
NBANewzBot;17/10/2017 11:12;0;0;Yahoo! Sports - http:// newzbots.me/?156G8BS - Exclusive DeMarcus Cousins wants to quiet his critics;;;;9,20291E+17;https://twitter.com/NBANewzBot/status/920291325886509056
WillGuillory;17/10/2017 11:10;2;2;Pelicans' guards relishing opportunity to play with DeMarcus Cousins , Anthony Davis http://www. nola.com/pelicans/index .ssf/2017/10/pelicans_guards_relishing_oppo.html …;;;;9,20291E+17;https://twitter.com/WillGuillory/status/920290880636030977
sportmetweets;17/10/2017 11:08;0;0;Exclusive: DeMarcus Cousins wants to quiet his critics http:// ift.tt/2zuXkRS http:// ift.tt/KYVR4n;;;;9,2029E+17;https://twitter.com/sportmetweets/status/920290428603289601
verticaljump3;17/10/2017 11:05;0;0;Exclusive: DeMarcus Cousins wants to quiet his critics http:// ift.tt/2zuXkRS;;;;9,2029E+17;https://twitter.com/verticaljump3/status/920289749784506370
NOLAnews;17/10/2017 11:02;0;2;Pelicans' guards relishing opportunity to play with DeMarcus Cousins , Anthony Davis https:// trib.al/mjy5hp2;;;;9,20289E+17;https://twitter.com/NOLAnews/status/920288876681363456
jkrizel;17/10/2017 10:19;0;0;6th Man: Iguodala Most Improved: Gary Harris Scoring champ: Lillard DeMarcus Cousins will be traded by the deadline.;;;;9,20278E+17;https://twitter.com/jkrizel/status/920278045424005121
nbariver;17/10/2017 10:03;0;0;Pelicans' guards relishing opportunity to play with DeMarcus Cousins , Anthony Davis. http://www. nola.com/pelicans/index .ssf/2017/10/pelicans_guards_relishing_oppo.html …;;;;9,20274E+17;https://twitter.com/nbariver/status/920274163142680576
pelicansbuzztap;17/10/2017 09:50;0;0;nola​.com >> Pelicans' guards relishing opportunity to play with DeMarcus Cousins , Anthony Davis http:// buzztap.com/-t2vxss;;;;9,20271E+17;https://twitter.com/pelicansbuzztap/status/920270859457220608
langwhitaker;17/10/2017 09:41;2;16;If I played fantasy basketball I'd draft DeMarcus Cousins and name my team Blame It On The Boogie.;;;;9,20269E+17;https://twitter.com/langwhitaker/status/920268592121307136
PelicansHoops;17/10/2017 09:36;0;1;Pelicans' guards relishing opportunity to play with DeMarcus Cousins , Anthony Davis https:// trib.al/IdQB5yu pic.twitter.com/vS6PDJrEKb;;;;9,20267E+17;https://twitter.com/PelicansHoops/status/920267243971403777
isaiah_wilhite;17/10/2017 08:35;0;1;All #NBA 1st Team Prediction G. Russell Westbrook G. James Harden F. Kevin Durant F. Anthony Davis C. DeMarcus Cousins;;;#NBA;9,20252E+17;https://twitter.com/isaiah_wilhite/status/920251813206433792
sportsfeedia;17/10/2017 08:21;0;0;DeMarcus #Cousins tweaked his ankle but is expected to play a regular dose of minutes in Wednesday's season opener against the Grizzlies,;;;#Cousins;9,20248E+17;https://twitter.com/sportsfeedia/status/920248294814646272
seanmontee;17/10/2017 07:44;0;1;@dmorey , I’m glad Capela is restricted. Let’s go recruiting Demarcus Cousins and be able to match Spurs bigs with an actual Big on both ends;;@dmorey;;9,20239E+17;https://twitter.com/seanmontee/status/920239058445619201
CafeDeRick;17/10/2017 05:11;0;0;DeMarcus Cousins , LeBron James...;;;;9,20201E+17;https://twitter.com/CafeDeRick/status/920200534086348801
StillBullsToMe;17/10/2017 05:02;0;0;Thibs Talk: Is Kyrie Irving just a sidekick? Is DeMarcus Cousins not a winner? Five players with labels to shed. - http:// ift.tt/2x1628P …;;;;9,20198E+17;https://twitter.com/StillBullsToMe/status/920198206650224640
DPostSports;17/10/2017 03:51;0;1;Is Kyrie Irving just a sidekick? Is DeMarcus Cousins not a winner? Five players with labels to shed. http:// dpo.st/2yOaGfb pic.twitter.com/nyGxpBzhL0;;;;9,2018E+17;https://twitter.com/DPostSports/status/920180329670959105
cameronjbirdbot;17/10/2017 03:17;0;0;Demarcus Cousins;;;;9,20172E+17;https://twitter.com/cameronjbirdbot/status/920171775895527424
valrond;17/10/2017 03:00;1;2;Demarcus Cousins y Avery Bradley pic.twitter.com/3Or5c1mmhO;;;;9,20168E+17;https://twitter.com/valrond/status/920167667234934784
ChicoLavel;17/10/2017 01:27;0;1;I'm so excited about the twin tandems of Anthony Davis and Demarcus Cousins ...I don't know what to do with myself;;;;9,20144E+17;https://twitter.com/ChicoLavel/status/920144237621948416
JoshGray34;17/10/2017 00:36;0;0;2k logic, DeMarcus Cousins makes 2 free throws in a row, Dwayne Wade misses wide open layup. @NBA2K @Ronnie2K;;@NBA2K @Ronnie2K;;9,20131E+17;https://twitter.com/JoshGray34/status/920131283480592385
icE_Izahar;17/10/2017 00:28;0;0;Can they start rebuilding and trading their assets or try to get a star like example, Demarcus Cousins ?;;;;9,20129E+17;https://twitter.com/icE_Izahar/status/920129440650334209
MarcJSpearsESPN;16/10/2017 23:38;217;778;Pelicans coach Alvin Gentry said the team’s best 3-point shooter could be DeMarcus Cousins . Sounds like they need to sign Anthony Morrow.;;;;9,20117E+17;https://twitter.com/MarcJSpearsESPN/status/920116883872915456
jeremyshapiro42;16/10/2017 23:30;0;3;Paul Milsap, Blake Griffin, Al Horford, Demarcus Cousins , so many more bro he's still solid but not worth 24 million a year....;;;;9,20115E+17;https://twitter.com/jeremyshapiro42/status/920114853435490304
xBIazer;16/10/2017 22:34;0;0;I liked a @YouTube video http:// youtu.be/5eqGiJc8Zy4?a Demarcus Cousins doesn't let Isaiah Thomas shake CP3's hand;;@YouTube;;9,20101E+17;https://twitter.com/xBIazer/status/920100597461913600
xBIazer;16/10/2017 22:33;0;0;I liked a @YouTube video http:// youtu.be/BVFYTnojSTg?a DeMarcus Cousins Shoves Kevin Durant;;@YouTube;;9,201E+17;https://twitter.com/xBIazer/status/920100343471640576
outshinenyc;16/10/2017 21:52;0;0;#KicksOffCourt : DeMarcus Cousins rocking the “Bred” Air Jordan 1 Low. https://www. instagram.com/p/BaVGXJsD07f/;;;#KicksOffCourt;9,2009E+17;https://twitter.com/outshinenyc/status/920090039614345216
NuggetsFGSN;16/10/2017 21:00;0;0;Is Kyrie Irving just a sidekick? Is DeMarcus Cousins not a winner? Five pl... #Nuggets https:// fanly.link/2b83ade370 pic.twitter.com/ytOIWCgUuM;;;#Nuggets;9,20077E+17;https://twitter.com/NuggetsFGSN/status/920077005823119361
