username;date;retweets;favorites;text;geo;mentions;hashtags;id;permalink
colmac20;28/05/2018 20:20;0;0;Manchester United to join FA Women 's Championship - Official Manchester United Website http://www. manutd.com/en/News-And-Fe atures/Football-News/2018/May/club-announcement-on-man-united-women-after-fa-accepts-application-to-join-fa-womens-championship.aspx …;;;;1,00124E+18;https://twitter.com/colmac20/status/1001241771282763781
Awxxs_;28/05/2018 19:15;0;3;Liverpool out here signing Fabinho and we out here establishing a womens team;;;;1,00123E+18;https://twitter.com/Awxxs_/status/1001225521756278785
GusRedDevil7;28/05/2018 18:18;0;0;Manchester United to join FA Women 's Championship - Official Manchester United Website http://www. manutd.com/en/News-And-Fe atures/Football-News/2018/May/club-announcement-on-man-united-women-after-fa-accepts-application-to-join-fa-womens-championship.aspx …;;;;1,00121E+18;https://twitter.com/GusRedDevil7/status/1001211020642324480
nicholsonworld;28/05/2018 18:13;1;0;Unfortunately the FA has destroyed the credibility of the women 's game by including Manchester United . They formed in March. #workforsuccess #cplfc https:// twitter.com/isthmianleague /status/1001159875836203010 …;;;#workforsuccess #cplfc;1,00121E+18;https://twitter.com/nicholsonworld/status/1001209834002202624
_Junior_Buf_;28/05/2018 17:26;0;1;The Football Association has approved Manchester United ’s application to establish a professional women ’s team in the FA Women ’s Championship, starting later this year.;;;;1,0012E+18;https://twitter.com/_Junior_Buf_/status/1001198087052976128
t1mbo83;28/05/2018 17:16;0;0;@FA why @ManUtd ladies get straight into women ’s championship when other teams have battled all season won league won cup . We know why because your as bent as fifa and ufea . Your killing grassroots because the only way you get to the top is if you ha;;@FA @ManUtd;;1,0012E+18;https://twitter.com/t1mbo83/status/1001195512836575232
Just_Alo;28/05/2018 17:09;0;0;Manchester United to join FA Women 's Championship - Official Manchester United Website http://www. manutd.com/en/News-And-Fe atures/Football-News/2018/May/club-announcement-on-man-united-women-after-fa-accepts-application-to-join-fa-womens-championship.aspx …;;;;1,00119E+18;https://twitter.com/Just_Alo/status/1001193794841309184
BramwelManoah;28/05/2018 16:55;0;0;Welcome our women let red be the great army;;;;1,00119E+18;https://twitter.com/BramwelManoah/status/1001190165610713088
DTRadioBen;28/05/2018 16:44;0;2;RT @ManUtd : #MUFC 's application to establish a professional women 's team has been approved by The @FA . More information: http:// manutd.co/Koa pic.twitter.com/fR4Lx7yFSf;;@ManUtd @FA;#MUFC;1,00119E+18;https://twitter.com/DTRadioBen/status/1001187442878177284
stretford_end;28/05/2018 16:17;7;17;OFFICIAL: The Football Association has approved Manchester United ’s application to establish a professional women ’s team in the FA Women ’s Championship, starting later this year. #MUFC;;;#MUFC;1,00118E+18;https://twitter.com/stretford_end/status/1001180631131459585
ItsFoxedUp;28/05/2018 15:43;0;0;Leicester City and Manchester United earn place in FA Women 's Championship http:// dlvr.it/QVNsNV;;;;1,00117E+18;https://twitter.com/ItsFoxedUp/status/1001172231911698433
annabelault;28/05/2018 15:43;0;1;The @FA have dropped Sunderland out of the professional WSL structure whilst letting Manchester United play in the Championship without yet having played a competitive match- all for supporting the teams who take professional women 's football seriously, but this is so dubious;;@FA;;1,00117E+18;https://twitter.com/annabelault/status/1001172096762957826
TFS_Leicester;28/05/2018 15:10;0;0;Leicester City and Manchester United earn place in FA Women 's Championship #lcfc #mufc https://www. leicestermercury.co.uk/sport/football /football-news/leicester-manchester-united-womens-championship-1616195 … http:// dlvr.it/QVNk60;;;#lcfc #mufc;1,00116E+18;https://twitter.com/TFS_Leicester/status/1001163932545908736
yournews365;28/05/2018 15:06;0;0;Manchester United granted place in Women 's Championship by FA https://www. yournews365.com/manchester-uni ted-granted-place-in-women-s-championship-by-fa?code=b73c2d22763d1ce2143a3755c1d0ad3a …;;;;1,00116E+18;https://twitter.com/yournews365/status/1001162799861641216
Levett09;28/05/2018 14:59;0;2;1971 the ban was lifted for women to play football in an FA team... Well done @ManUtd only took you 47 years #FA https:// twitter.com/SkySportsNews/ status/1001041308079796224 …;;@ManUtd;#FA;1,00116E+18;https://twitter.com/Levett09/status/1001160995388129286
KukretiAshwin;28/05/2018 14:47;0;1;I heard there will be major signings for women 's team let's hope for some world class players who at least play attacking football;;;;1,00116E+18;https://twitter.com/KukretiAshwin/status/1001158023782400000
IndyFootball;28/05/2018 14:46;4;5;Manchester United granted place in Women 's Championship by FA Details here: http:// ind.pn/2J9bkbD pic.twitter.com/KfmR2O7a9L;;;;1,00116E+18;https://twitter.com/IndyFootball/status/1001157695469182977
ManchesterPlaza;28/05/2018 14:45;0;0;Manchester United Women to play in FA Women 's Championship next season - ESPN http:// dlvr.it/QVNcLW;;;;1,00116E+18;https://twitter.com/ManchesterPlaza/status/1001157485581889536
TBrutalist;28/05/2018 14:42;0;0;The FA have endorsed the criteria of sufficient funds buying a place at the top table. Manchester United Women start from scratch & are catapulted into the Championship over established but less well financed clubs. Cannot wait for Facebook United to join the men's elite level.;;;;1,00116E+18;https://twitter.com/TBrutalist/status/1001156817924362246
superboomerator;28/05/2018 14:30;0;0;Why did we even get rid of our women ’s team in 2005 anyway? The last few seasons we’ve had to see our noisy neighbours win yet more trophies whilst we merely didn’t have an existence. #MUFC;;;#MUFC;1,00115E+18;https://twitter.com/superboomerator/status/1001153789460697089
yafethfabian;28/05/2018 14:27;0;0;Manchester United to join FA Women 's Championship http:// dlvr.it/QVNXLq pic.twitter.com/XvONQCZmz8;;;;1,00115E+18;https://twitter.com/yafethfabian/status/1001152926436360192
CollinsBriche;28/05/2018 14:26;0;0;BREAKING: @FA has approved @ManUtd application to start a women 's team. New devils in town. Manchester United Women 's Team.;;@FA @ManUtd;;1,00115E+18;https://twitter.com/CollinsBriche/status/1001152725705469953
dawnismaximus;28/05/2018 14:19;2;2;Manchester United to join FA Women 's Championship - Official Manchester United Website http://www. manutd.com/en/News-And-Fe atures/Football-News/2018/May/club-announcement-on-man-united-women-after-fa-accepts-application-to-join-fa-womens-championship.aspx?utm_content=9b8588cdea344445911f24d9ae53d03e-7724542745&utm_campaign=manutd&utm_medium=post&utm_source=facebook …;;;;1,00115E+18;https://twitter.com/dawnismaximus/status/1001151076010164225
LCFCFoxesLive;28/05/2018 14:14;1;1;Leicester City and Manchester United earn place in FA Women 's Championship https:// ift.tt/2slGja3 #lcfc #foxes;;;#lcfc #foxes;1,00115E+18;https://twitter.com/LCFCFoxesLive/status/1001149678904332291
BillMor45163651;28/05/2018 14:11;1;0;@Lionesses @FA @AltrinchamFCL I'm so sorry, but until @FA reverse their decision to parachute @ManUtd and @westhamladies into women 's top tier, I cannot, will not watch the @Lionesses again, and will encourage others to do likewise. You know what to do!;;@Lionesses @FA @AltrinchamFCL @FA @ManUtd @westhamladies @Lionesses;;1,00115E+18;https://twitter.com/BillMor45163651/status/1001149012681125888
SaadNC;28/05/2018 14:03;0;0;YESSS!! Thankyou @ManUtd ! We have a women 's team now. A good place for the local ladies to grow up and play instead of going to other teams. This should be good! Manchester United Women to play in FA Women 's Championship next season http:// espnw.ly/nFg471h9 via @espnW;;@ManUtd @espnW;;1,00115E+18;https://twitter.com/SaadNC/status/1001147069028032513
planetearth218;28/05/2018 14:02;0;0;Manchester United to join FA Women 's Championship - Official Manchester United Website http://www. manutd.com/en/News-And-Fe atures/Football-News/2018/May/club-announcement-on-man-united-women-after-fa-accepts-application-to-join-fa-womens-championship.aspx …;;;;1,00115E+18;https://twitter.com/planetearth218/status/1001146708984647680
BillMor45163651;28/05/2018 13:57;2;8;I have just put an appropriately worded tweet on the @ManUtd and @FA to make it plain of my disgust of this corrupt and just wrong decision. If you feel likewise, follow my lead #don 't-let- women 's-football-be-as-corrupt-as-men's;;@ManUtd @FA;#don;1,00115E+18;https://twitter.com/BillMor45163651/status/1001145515009101825
DrewsmamaTennis;28/05/2018 13:49;0;0;RT @SkySportsNews : BREAKING: Manchester United Women ’s team will enter FA Women ’s Championship next season. #SSN;;@SkySportsNews;#SSN;1,00114E+18;https://twitter.com/DrewsmamaTennis/status/1001143361695199233
ManUtd24x7;28/05/2018 13:26;0;0;Manchester United Women to play in FA Women 's Championship next season - ESPN http:// dlvr.it/QVNGNW pic.twitter.com/BpNMQXLKIK;;;;1,00114E+18;https://twitter.com/ManUtd24x7/status/1001137764958519298
uklocalnet;28/05/2018 13:14;0;0;Leicester City and Manchester United earn place in FA Women ’s Championship – Leicestershire Live http:// uklocal.net/leicester-city -and-manchester-united-earn-place-in-fa-womens-championship-leicestershire-live/ …;;;;1,00113E+18;https://twitter.com/uklocalnet/status/1001134554176946178
ManUtdFanBantz;28/05/2018 13:09;0;0;Retweeted Manchester United ( @ManUtd ): #MUFC 's application to establish a professional women 's team has been approved by The @FA . More information: http:// manutd.co/Koa pic.twitter.com/9EUmtwTmqv;;@ManUtd @FA;#MUFC;1,00113E+18;https://twitter.com/ManUtdFanBantz/status/1001133329884831744
SaintsCentre;28/05/2018 13:03;1;7;Despite bids being made, #SaintsFC will not have a women 's team in the 2018/19 @FAWSL season. The @FA have rejected our bid in favour of Manchester United , Leicester City, Charlton Athletic, Sheffield United and Lewes FC being included instead. Disappointing from the FA .;;@FAWSL @FA;#SaintsFC;1,00113E+18;https://twitter.com/SaintsCentre/status/1001131868153176064
querysgonnabk1;28/05/2018 12:57;0;1;. @ManUtd get green light for Women ’s team after application approved by FA https://www. thesun.co.uk/sport/football /6394601/manchester-united-to-launch-womens-team-after-application-approved-by-fa/ …;;@ManUtd;;1,00113E+18;https://twitter.com/querysgonnabk1/status/1001130377958871040
SportsLIVEToday;28/05/2018 12:54;0;0;In football @ManUtd have had permission to form a women ’s football team today from the fa;;@ManUtd;;1,00113E+18;https://twitter.com/SportsLIVEToday/status/1001129490905477120
Leicester_TT;28/05/2018 12:48;1;2;Leicester City and Manchester United earn place in FA Women 's Championship #LeicesterCityFC https://www. leicestermercury.co.uk/sport/football /football-news/leicester-manchester-united-womens-championship-1616195 …;;;#LeicesterCityFC;1,00113E+18;https://twitter.com/Leicester_TT/status/1001128118315347968
NANTHAKUMAR08;28/05/2018 12:31;0;1;Announce Jose Mourinho as Women 's team manager. Bring back attacking football to Old Trafford;;;;1,00112E+18;https://twitter.com/NANTHAKUMAR08/status/1001123763705049088
MUFCNewsApp;28/05/2018 12:31;0;0;Manchester United to join FA Women 's Championship: http://www. manutd.com/en/News-And-Fe atures/Football-News/2018/May/club-announcement-on-man-united-women-after-fa-accepts-application-to-join-fa-womens-championship.aspx?newsid=AABCF0E3-BF27-4AB8-95EF-1F7A3765C342 …;;;;1,00112E+18;https://twitter.com/MUFCNewsApp/status/1001123690761814016
MUFCNewsApp;28/05/2018 12:31;1;0;Manchester United to establish their first professional women 's team after FA approve application: http://www. dailymail.co.uk/sport/football /article-5779067/Manchester-United-establish-professional-womens-team-FA-approve-application.html?ITO=1490&ns_mchannel=rss&ns_campaign=1490 …;;;;1,00112E+18;https://twitter.com/MUFCNewsApp/status/1001123690703147008
ForeverMensah;28/05/2018 12:29;0;0;Are @ManUtd making a women ’s team twitter account? #FA #Womensteam;;@ManUtd;#FA #Womensteam;1,00112E+18;https://twitter.com/ForeverMensah/status/1001123303560540160
BlueFoxNews;28/05/2018 12:18;4;9;Leicester City and Manchester United earn place in FA Women 's Championship (Leicester Mercury) https:// ift.tt/2kuKDAh;;;;1,00112E+18;https://twitter.com/BlueFoxNews/status/1001120535294640129
Prynxzz;28/05/2018 11:57;0;0;Retweeted Manchester United ( @ManUtd ): #MUFC 's application to establish a professional women 's team has been approved by The @FA . More information: http:// manutd.co/Koa pic.twitter.com/Kpkm5pI0p2;;@ManUtd @FA;#MUFC;1,00112E+18;https://twitter.com/Prynxzz/status/1001115225201004547
FoxesAddictLCFC;28/05/2018 11:50;1;0;#Leicester City and #ManchesterUnited earn place in FA #Women 's #Championship | Leicester Mercury https://www. football-addict.com/article/leices ter-city-fc/leicestermercury/5b0c14d3e054472b9446d723/leicester-city-and-manchester-united-earn-place-in-fa-women-s-championship?lang=en&utm_campaign=post-auto&utm_medium=twitter&utm_source=foxes-addict-en …;;;#Leicester #ManchesterUnited #Women #Championship;1,00111E+18;https://twitter.com/FoxesAddictLCFC/status/1001113473655468032
raisameer26;28/05/2018 11:50;0;1;Nope. Finally a professional women 's team. Our owners are leeches and don't see profit in all this.;;;;1,00111E+18;https://twitter.com/raisameer26/status/1001113435978063872
263Chat;28/05/2018 11:42;1;1;FA approve Manchester United 's application for pro women 's team https:// dailym.ai/2LCxAch via @MailSport;;@MailSport;;1,00111E+18;https://twitter.com/263Chat/status/1001111580258553860
RedDevilCentral;28/05/2018 11:34;0;0;Manchester United to join FA Women 's Championship - Official Manchester United Website http://www. manutd.com/en/News-And-Fe atures/Football-News/2018/May/club-announcement-on-man-united-women-after-fa-accepts-application-to-join-fa-womens-championship.aspx?SRC=HPTO …;;;;1,00111E+18;https://twitter.com/RedDevilCentral/status/1001109527352180736
SimplySuvo92;28/05/2018 11:31;0;0;The media reaction to the #FA / #FAWSL announcement sums up the way women 's football is going in the UK. The media reaction from isn't that teams with less financial backing have been thrown out the league, but it's that Manchester United in the Championship should be celebrated.;;;#FA #FAWSL;1,00111E+18;https://twitter.com/SimplySuvo92/status/1001108740182069248
e_LeicesterCity;28/05/2018 11:31;0;0;Leicester City and Manchester United earn place in FA Women 's Championship #LCFC #FOXES http:// ow.ly/2Tpa1015W7X;;;#LCFC #FOXES;1,00111E+18;https://twitter.com/e_LeicesterCity/status/1001108644816138241
TerryFlewersTFT;28/05/2018 11:30;0;9;Manchester United to join FA Women 's Championship - Official Manchester United Website http://www. manutd.com/en/News-And-Fe atures/Football-News/2018/May/club-announcement-on-man-united-women-after-fa-accepts-application-to-join-fa-womens-championship.aspx …;;;;1,00111E+18;https://twitter.com/TerryFlewersTFT/status/1001108560540000256
tonycafolla644;28/05/2018 11:28;0;0;Manchester United to join FA Women 's Championship - Official Manchester United Website http://www. manutd.com/en/News-And-Fe atures/Football-News/2018/May/club-announcement-on-man-united-women-after-fa-accepts-application-to-join-fa-womens-championship.aspx …;;;;1,00111E+18;https://twitter.com/tonycafolla644/status/1001107829934223360
UnitedDevilsTV;28/05/2018 11:22;0;0;OFFICIAL: Manchester United to join FA WOMEN 'S CHAMPIONSHIP, with the team to be based at United’s historic Salford training ground The Cliff. #MUFC pic.twitter.com/xg93yGTBmP;;;#MUFC;1,00111E+18;https://twitter.com/UnitedDevilsTV/status/1001106315949862912
GlobalsNewsroom;28/05/2018 11:15;0;0;Manchester United will have a team in next season's FA Women 's Championship. The club's application to play in the second tier of the competitions has been approved. pic.twitter.com/9fJFdzGySc;;;;1,0011E+18;https://twitter.com/GlobalsNewsroom/status/1001104557257252864
LiveLCFC;28/05/2018 11:14;16;41;Leicester City and Manchester United earn place in FA Women 's Championship #lcfc #mufc https://www. leicestermercury.co.uk/sport/football /football-news/leicester-manchester-united-womens-championship-1616195 …;;;#lcfc #mufc;1,0011E+18;https://twitter.com/LiveLCFC/status/1001104528408825858
AOEurope;28/05/2018 11:05;0;0;@ManUtd @fa Congrats #ManUtd in establish a professional women ’s team in the FA Women ’s Championship, starting later this year. Great step forward http://www. manutd.com/en/News-And-Fe atures/Football-News/2018/May/club-announcement-on-man-united-wo;;@ManUtd @fa;#ManUtd;1,0011E+18;https://twitter.com/AOEurope/status/1001102284242276352
CapitalLONnews;28/05/2018 11:04;0;0;#ManchesterUnited will have a team in next season's FA Women 's Championship. The club's application to play in the second tier of the competitions has been approved #CapitalReports pic.twitter.com/iB05aYV4gT;;;#ManchesterUnited #CapitalReports;1,0011E+18;https://twitter.com/CapitalLONnews/status/1001101819773358081
WoodstockTn;28/05/2018 11:01;7;10;The @FA proving once again that football is not a meritocracy and rather a question of resources. They have the same contempt for the women ’s game as they do for the men’s grassroots game. @ManUtd have only just decided to get involved in women ’s football yet have a place in WSL2 https:// twitter.com/oufcofficial/s tatus/1001040558993891328 …;;@FA @ManUtd;;1,0011E+18;https://twitter.com/WoodstockTn/status/1001101254527942657
KayK55;28/05/2018 10:56;0;0;RT @ManUtd : #MUFC 's application to establish a professional women 's team has been approved by The @FA . More information: http:// manutd.co/Koa pic.twitter.com/wiYP97OnWb;;@ManUtd @FA;#MUFC;1,0011E+18;https://twitter.com/KayK55/status/1001099952053989376
RedUnitedFC;28/05/2018 10:51;0;1;Official: Manchester United ’s application to form a women ’s team has been approved by The FA .: Official: Manchester United ’s application to form a women ’s team has been approved by The FA .;;;;1,0011E+18;https://twitter.com/RedUnitedFC/status/1001098748322201600
BlurbBoard;28/05/2018 10:46;0;0;Manchester United granted place in Women 's Championship by FA http:// blurbboard.com/article/manche ster-united-granted-place-in-womens-championship-by-fa …;;;;1,0011E+18;https://twitter.com/BlurbBoard/status/1001097259843575809
HeartyOax;28/05/2018 10:45;0;0;Manchester United to join FA Women 's Championship - Official Manchester United Website http://www. manutd.com/en/News-And-Fe atures/Football-News/2018/May/club-announcement-on-man-united-women-after-fa-accepts-application-to-join-fa-womens-championship.aspx …;;;;1,0011E+18;https://twitter.com/HeartyOax/status/1001097242399395840
Jose_Knows_;28/05/2018 10:41;0;2;. I’d rather we put the money into Jose’s transfer kitty. Women ’s football has never interested me;;;;1,0011E+18;https://twitter.com/Jose_Knows_/status/1001096116581134337
sabinewsnaija;28/05/2018 10:38;0;0;New post added at This Is Lagos - Manchester United given go-ahead for women 's team (Goal) Based at The Cliff training ground and playing in the FA Championship, Manchester United Women will begin... http:// thisislagos.ng/manchester-uni ted-given-go-ahead-for-womens-team-goal/ …;;;;1,0011E+18;https://twitter.com/sabinewsnaija/status/1001095285634936832
Football91091;28/05/2018 10:34;0;0;Wow, this is groundbreaking. Other clubs might follow united lead and establish their own female teams. This could result in an entire female league that runs along side the men’s professional lead. United at the front of positive change once again. Will they pay the women ?;;;;1,00109E+18;https://twitter.com/Football91091/status/1001094469901484033
Eaddyboy17;28/05/2018 10:29;0;0;Official: Manchester United 's application to form a women 's team has been approved by The FA . #mufc;;;#mufc;1,00109E+18;https://twitter.com/Eaddyboy17/status/1001093100595445762
ManUtdStuff;28/05/2018 10:28;67;183;Official: Manchester United ’s application to form a women ’s team has been approved by The FA .;;;;1,00109E+18;https://twitter.com/ManUtdStuff/status/1001092818633396224
Ali2Noer;28/05/2018 10:28;0;1;Manchester United to join FA Women 's Championship http:// dlvr.it/QVMNv7 pic.twitter.com/htsITm5Pq9;;;;1,00109E+18;https://twitter.com/Ali2Noer/status/1001092813528883200
Man_U_Transfers;28/05/2018 10:24;0;0;Manchester United granted place in Women 's Championship by FA http:// dlvr.it/QVMNKN pic.twitter.com/QRee3pwmyn;;;;1,00109E+18;https://twitter.com/Man_U_Transfers/status/1001091956288536576
ChristianRad;28/05/2018 10:23;0;1;Manchester United granted licence to play in women 's second tier, to be known as FA Women 's Championship from 2018-19 - West Ham Ladies also big winners as they are approved to play in 11-team #FAWSL https:// uk.reuters.com/article/uk-soc cer-england-women/manchester-united-granted-licence-to-play-in-womens-second-tier-idUKKCN1IT14C …;;;#FAWSL;1,00109E+18;https://twitter.com/ChristianRad/status/1001091588527919104
Bikeboyslim;28/05/2018 10:23;0;0;Lets hope it runs better then the last experience they had running a women ’s team. Just ask Alex why he pulled the plug!;;;;1,00109E+18;https://twitter.com/Bikeboyslim/status/1001091553480261632
Hbkmcmahon;28/05/2018 10:21;0;1;@Becky_Ives_ Becky the @FA has approved @ManUtd womens team pic.twitter.com/mzTMFI1HH2;;@Becky_Ives_ @FA @ManUtd;;1,00109E+18;https://twitter.com/Hbkmcmahon/status/1001091209836802048
ManUtdNews365;28/05/2018 10:21;0;0;Manchester United to join FA Women 's Championship https:// ift.tt/2IWTW6N #ManUtd #MUFC;;;#ManUtd #MUFC;1,00109E+18;https://twitter.com/ManUtdNews365/status/1001091121865527296
ManUtdNews365;28/05/2018 10:21;1;2;Manchester United to establish their first professional women 's team after FA approve application https:// ift.tt/2sk7GBy #ManUtd #MUFC;;;#ManUtd #MUFC;1,00109E+18;https://twitter.com/ManUtdNews365/status/1001091119969636352
HlynsiGar;28/05/2018 10:19;0;0;Manchester United to join FA Women 's Championship - Official Manchester United Website http://www. manutd.com/en/News-And-Fe atures/Football-News/2018/May/club-announcement-on-man-united-women-after-fa-accepts-application-to-join-fa-womens-championship.aspx …;;;;1,00109E+18;https://twitter.com/HlynsiGar/status/1001090521530601472
FootBuzzApp;28/05/2018 10:18;0;0;Based at The Cliff training ground and playing in the FA Championship, Manchester United Women will begin competitive action in 2018-19 pic.twitter.com/bezMMdnOpN;;;;1,00109E+18;https://twitter.com/FootBuzzApp/status/1001090318203281408
dickmowbray;28/05/2018 10:17;0;0;Fantastic news for women ’s football. @ManUtd Women will join the FA Women ’s Championship. They will need their own @twitter handle, guys .;;@ManUtd @twitter;;1,00109E+18;https://twitter.com/dickmowbray/status/1001090091060744193
NeilTunny;28/05/2018 10:16;0;0;"The rubber hits the road after our review of The FA 's women 's and girls' competition structure ... Manchester United get Women 's Championship licence; West Ham join top flight - http://www. bbc.co.uk/sport/football /44279069 …";;;;1,00109E+18;https://twitter.com/NeilTunny/status/1001089860160147456
sportstarweb;28/05/2018 10:11;0;1;. @ManUtd has been awarded a license to establish a professional women 's team by @FA . #PremierLeague http://www. sportstarlive.com/football/manch ester-united-given-the-go-ahead-for-womens-team/article24015136.ece …;;@ManUtd @FA;#PremierLeague;1,00109E+18;https://twitter.com/sportstarweb/status/1001088604750278658
AArrival;28/05/2018 10:09;1;1;BREAKING: Manchester United Women ’s team will enter FA Women ’s Championship next season. #SSN;;;#SSN;1,00109E+18;https://twitter.com/AArrival/status/1001088045771362305
SK_Football;28/05/2018 09:49;0;0;Based at The Cliff training ground and playing in the FA Championship, Manchester United Women will begin competitive action in 2018-19. https://www. sportskeeda.com/football/manch ester-united-given-the-go-ahead-for-women-s-team?key=skfoottwt&utm_source=AUTOFEED&utm_medium=FootTwtr&utm_campaign=sk_football …;;;;1,00108E+18;https://twitter.com/SK_Football/status/1001082989676191750
m60redball;28/05/2018 09:48;0;1;[Sports] - Manchester United granted place in Women 's Championship by FA https:// ift.tt/2GVPcfO;;;;1,00108E+18;https://twitter.com/m60redball/status/1001082730128474113
m60redball;28/05/2018 09:48;0;0;[Sports] - Manchester United granted place in Women 's Championship by FA | The Independent https:// ift.tt/2kwukTq;;;;1,00108E+18;https://twitter.com/m60redball/status/1001082726265622529
NufcDazzla84;28/05/2018 09:45;1;11;The rumours are its all about money, and the FA bending over backwards to get Manchester United a womens team. The FA dont really seem to like the North East pretty much;;;;1,00108E+18;https://twitter.com/NufcDazzla84/status/1001082095396114432
MUFC9ja;28/05/2018 09:45;0;0;Manchester United 's application to have a women 's team has being approved by the FA #MUFC pic.twitter.com/AzQYUQvvcG;;;#MUFC;1,00108E+18;https://twitter.com/MUFC9ja/status/1001082028274700290
GarnerRichie;28/05/2018 09:41;0;0;I Wish I knew, it's seems like the teams with all the money behind them get 'fast tracked' to the top divisions. It's s farce. There should be separate governing body running the women 's game NOT the FA ,;;;;1,00108E+18;https://twitter.com/GarnerRichie/status/1001081012024209408
Migtavius;28/05/2018 09:36;0;0;@PalaceLadiesFC denied @ManUtd create Women ’s team because @ManCity have one, even after saying 11 years ago that it’s “not part of the core business” @FA - Decisions were made with “...sport’s best interests at heart” Club licence applicat;;@PalaceLadiesFC @ManUtd @ManCity @FA;#;1,00108E+18;https://twitter.com/Migtavius/status/1001079791309803521
ManUnitedSite;28/05/2018 09:36;0;0;Manchester United to establish their first professional women 's team after FA approve application http:// dlvr.it/QVM7YV pic.twitter.com/WhUh8D6P8d;;;;1,00108E+18;https://twitter.com/ManUnitedSite/status/1001079725056409602
SunSport;28/05/2018 09:35;2;12;Manchester United to launch women 's team after application approved by FA http:// thesun.uk/6010D9ROM pic.twitter.com/ex8U9Hvs09;;;;1,00108E+18;https://twitter.com/SunSport/status/1001079393182199808
footynew247;28/05/2018 09:34;0;0;* Manchester United granted place in Women 's Championship by FA : The FA have placed United in the second tie.. > http:// dld.bz/gQdpc;;;;1,00108E+18;https://twitter.com/footynew247/status/1001079229361115136
snb188;28/05/2018 09:34;0;0;| Manchester United granted place in Women 's Championship by FA http:// dld.bz/gQdpc;;;;1,00108E+18;https://twitter.com/snb188/status/1001079200403591168
footballfbb;28/05/2018 09:34;0;1;Manchester United granted place in Women 's Championship by FA : The FA have placed United in the second tier of.. http:// dld.bz/gQdpc;;;;1,00108E+18;https://twitter.com/footballfbb/status/1001079174130552832
yeahnoworries;28/05/2018 09:33;0;0;Manchester United get green #light for Women 's team after application approved by FA - The Sun https://www. thesun.co.uk/sport/football /6394601/manchester-united-to-launch-womens-team-after-application-approved-by-fa/?unique_ID=636631128663041583 … via @yeahnoworries #light;;@yeahnoworries;#light #light;1,00108E+18;https://twitter.com/yeahnoworries/status/1001078924665909248
Sly_Man07;28/05/2018 09:32;0;2;when can we see the official Twitter account of the #MUFC women team;;;#MUFC;1,00108E+18;https://twitter.com/Sly_Man07/status/1001078754964275200
aliwell_north;28/05/2018 09:30;0;0;Be careful Jacqui Oatley be after you..... Hope Utd don’t ask you to participate in a survey about the Women ’s Team.... I slated them, be zero tickets in the ballot next season for me;;;;1,00108E+18;https://twitter.com/aliwell_north/status/1001078193422553088
Man_U_Transfers;28/05/2018 09:21;0;0;Manchester United to establish their first professional women 's team after FA approve application http:// dlvr.it/QVM42z pic.twitter.com/sLOrcrWRVL;;;;1,00108E+18;https://twitter.com/Man_U_Transfers/status/1001076109541191680
MUFCReporter;28/05/2018 09:18;0;0;Manchester United to establish their first professional women ’s team after FA approve application http://www. mufcreport.com/manchester-uni ted-to-establish-their-first-professional-womens-team-after-fa-approve-application/ …;;;;1,00108E+18;https://twitter.com/MUFCReporter/status/1001075322505359360
iam_asedeeq;28/05/2018 09:17;0;1;OFFICIAL! Manchester United 's application to establish a women 's team has been approved by the FA;;;;1,00108E+18;https://twitter.com/iam_asedeeq/status/1001075049225441280
FiveStarFooty;28/05/2018 09:15;0;0;"Manchester United granted place in Women &apos;s Championship by FA https://www. independent.co.uk/sport/football /womens_football/manchester-united-women-championship-football-association-fa-a8372731.html … #Football";;;#Football;1,00107E+18;https://twitter.com/FiveStarFooty/status/1001074541592969216
Mainbone;28/05/2018 09:13;0;0;manchesterunited #MUFC 's application to establish a professional women 's team has been approved by The FA ! pic.twitter.com/ZQwGMcY1Ru;;;#MUFC;1,00107E+18;https://twitter.com/Mainbone/status/1001074005330231298
dejat_20;28/05/2018 09:11;0;1;Manchester United to join FA Women 's Championship - Official Manchester United Website http://www. manutd.com/en/News-And-Fe atures/Football-News/2018/May/club-announcement-on-man-united-women-after-fa-accepts-application-to-join-fa-womens-championship.aspx?SRC=HPTO …;;;;1,00107E+18;https://twitter.com/dejat_20/status/1001073557240205312
Jose_Knows_;28/05/2018 09:11;0;2;Bowed to pressure to have a women ’s team - personally I’d rather watch paint dry;;;;1,00107E+18;https://twitter.com/Jose_Knows_/status/1001073484397760512
3stylesports;28/05/2018 09:10;0;0;MANCHESTER UNITED TO JOIN FA WOMEN 'S CHAMPIONSHIP http://www. manutd.com/en/News-And-Fe atures/Football-News/2018/May/club-announcement-on-man-united-women-after-fa-accepts-application-to-join-fa-womens-championship.aspx?utm_content=9b8588cdea344445911f24d9ae53d03e-7724542745&utm_campaign=manutd&utm_medium=post&utm_source=facebook …;;;;1,00107E+18;https://twitter.com/3stylesports/status/1001073128003522561
IndyFootball;28/05/2018 09:07;4;8;Manchester United granted place in Women 's Championship by FA | https:// ind.pn/2J9bkbD pic.twitter.com/ZxAHfgSoao;;;;1,00107E+18;https://twitter.com/IndyFootball/status/1001072388988198913
ManUtd_MP;28/05/2018 08:57;0;0;Manchester United to establish their first professional women 's team after FA approve application: ' Manchester United Women ' will be based at The Cliff in Salford and have been placed alongside the likes of Doncaster Rovers Belles and Millwall Lionesses… http:// dlvr.it/QVLxX1;;;;1,00107E+18;https://twitter.com/ManUtd_MP/status/1001069896891953155
PageOne_NG;28/05/2018 08:54;1;0;Manchester United Women to play in FA Women ’s Championship: Manchester United confirmed… https:// goo.gl/fb/TCJNJ2;;;;1,00107E+18;https://twitter.com/PageOne_NG/status/1001069258430873600
manutdfanzine;28/05/2018 08:51;0;0;Manchester United to establish their first professional women 's team after FA approve application http://www. dailymail.co.uk/sport/football /article-5779067/Manchester-United-establish-professional-womens-team-FA-approve-application.html?ITO=1490&ns_mchannel=rss&ns_campaign=1490 … pic.twitter.com/9ANKF45qbf;;;;1,00107E+18;https://twitter.com/manutdfanzine/status/1001068338548703232
TweetsAboutGH;28/05/2018 08:44;0;1;Manchester United to join FA Women 's Championship http:// dlvr.it/QVLtwQ pic.twitter.com/KIyHFOMMqo;;;;1,00107E+18;https://twitter.com/TweetsAboutGH/status/1001066804817481728
thebusybuddies;28/05/2018 08:44;1;2;Manchester United Women ’s team will participate in the FA Women ’s Championship next season. pic.twitter.com/MFrkURmnRF;;;;1,00107E+18;https://twitter.com/thebusybuddies/status/1001066779630817281
TheBest_ManUtd;28/05/2018 08:40;0;0;Manchester United to join FA Women 's Championship https:// goo.gl/fb/GVTtGS;;;;1,00107E+18;https://twitter.com/TheBest_ManUtd/status/1001065766966480898
WomensSoccerUtd;28/05/2018 08:40;18;67;Manchester United have been granted a licence to join next seasons Women 's Championship ending their 13 year absence from the senior women 's game. Josh Bunting reports on today's breaking news - http://www. womenssoccerunited.com/manchester-uni ted-granted-license/ … @fa pic.twitter.com/VwFYZiJEMB;;@fa;;1,00107E+18;https://twitter.com/WomensSoccerUtd/status/1001065605620027397
communeamos;28/05/2018 08:36;0;0;The Football Association has approved Manchester United ’s application to establish a professional women ’s team in the FA Women ’s Championship, starting later this year.;;;;1,00106E+18;https://twitter.com/communeamos/status/1001064696420630528
SuheMJi_197;28/05/2018 08:35;0;0;Manchester United to join FA Women 's Championship http:// dlvr.it/QVLs1j | via @ManUtd;;@ManUtd;;1,00106E+18;https://twitter.com/SuheMJi_197/status/1001064523451674624
TheFCUMbaglady;28/05/2018 08:33;0;1;"Once again money talks @FA and another team is parachuted into the upper echelons of womens football They should start at the bottom & work their way up the leagues by winning titles BBC Sport - Manchester United get Women 's Championship licence; http://www. bbc.co.uk/sport/football /44279069 …";;@FA;;1,00106E+18;https://twitter.com/TheFCUMbaglady/status/1001063965533851648
desmith19;28/05/2018 08:33;2;13;Amazing news! Leicester City Women will be playing in the FA Women 's Championship next season The Foxes will welcome the likes of Manchester United and Aston Villa to Farley Way next season https:// twitter.com/LCWFC_official /status/1001040559908294657 …;;;;1,00106E+18;https://twitter.com/desmith19/status/1001063869006131201
Cleansheet;28/05/2018 08:31;0;0;Manchester United to establish their first professional women 's team after FA approve application http:// dlvr.it/QVLr1j pic.twitter.com/aav8FOKUhp;;;;1,00106E+18;https://twitter.com/Cleansheet/status/1001063487504760832
MidlandFootball;28/05/2018 08:28;0;0;Man Utd to join FA Women ’s Championship: Manchester United have been granted a place in the FA Women 's Championship next season with West Ham Ladies joining the FA Women 's Super League. http:// dlvr.it/QVLqBk;;;;1,00106E+18;https://twitter.com/MidlandFootball/status/1001062593304281088
Bood_FM;28/05/2018 08:24;0;0;It's about time we had a women 's team #ManUtd;;;#ManUtd;1,00106E+18;https://twitter.com/Bood_FM/status/1001061645559451648
OffsideRulePod;28/05/2018 08:24;4;13;Manchester United gain Women ’s Championship status The reds join other successful applicants Lewes FC Women , Leicester City Women , Sheffield United Ladies and promoted Charlton Athletic Women Thoughts on how the FA Women ’s Championship now looks? pic.twitter.com/sYvUUvQwjG;;;;1,00106E+18;https://twitter.com/OffsideRulePod/status/1001061619110154240
themanutdarmy;28/05/2018 08:20;0;0;Manchester United to establish their first professional women 's team after FA approve application http:// dlvr.it/QVLnJ1;;;;1,00106E+18;https://twitter.com/themanutdarmy/status/1001060585956524032
MUFCReporter;28/05/2018 08:19;0;1;Manchester United Women offered place in FA Women ’s Championship for 2018/2019 season http://www. mufcreport.com/manchester-uni ted-women-offered-place-in-fa-womens-championship-for-2018-2019-season/ …;;;;1,00106E+18;https://twitter.com/MUFCReporter/status/1001060312450134016
WSAnything;28/05/2018 08:18;0;5;Initiative? Other clubs have had a women ’s team for years!;;;;1,00106E+18;https://twitter.com/WSAnything/status/1001060119273267202
FCManUtd365;28/05/2018 08:17;0;0;Manchester United to join FA Women 's Championship http://www. manutd.com/en/News-And-Fe atures/Football-News/2018/May/club-announcement-on-man-united-women-after-fa-accepts-application-to-join-fa-womens-championship.aspx?newsid=AABCF0E3-BF27-4AB8-95EF-1F7A3765C342&utm_source=dlvr.it&utm_medium=twitter … @LiveSports365;;@LiveSports365;;1,00106E+18;https://twitter.com/FCManUtd365/status/1001059764229451776
UtdReports;28/05/2018 08:13;0;0;BREAKING: Manchester United Women ’s team will enter FA Women ’s Championship next season.;;;;1,00106E+18;https://twitter.com/UtdReports/status/1001058755826601985
ExaminerSport;28/05/2018 08:11;0;0;Manchester United granted place in FA Women ’s Championship http://www. irishexaminer.com/breakingnews/s port/manchester-united-granted-place-in-fa-womens-championship-845511.html … pic.twitter.com/JRBM8p9rGp;;;;1,00106E+18;https://twitter.com/ExaminerSport/status/1001058331342065665
Toybest90;28/05/2018 08:10;0;0;Manchester United to join FA Women 's Championship - Official Manchester United Website http://www. manutd.com/en/News-And-Fe atures/Football-News/2018/May/club-announcement-on-man-united-women-after-fa-accepts-application-to-join-fa-womens-championship.aspx?utm_content=9b8588cdea344445911f24d9ae53d03e-7724542745&utm_campaign=manutd&utm_medium=post&utm_source=facebook …;;;;1,00106E+18;https://twitter.com/Toybest90/status/1001058131068235777
__iamyk__;28/05/2018 08:09;0;0;Manchester United to join FA Women 's Championship http:// dlvr.it/QVLkS8 pic.twitter.com/LMqmeoQGox;;;;1,00106E+18;https://twitter.com/__iamyk__/status/1001057989325832192
wyuhidayat;28/05/2018 08:04;0;0;Manchester United to join FA Women 's Championship http:// dlvr.it/QVLhyZ;;;;1,00106E+18;https://twitter.com/wyuhidayat/status/1001056498372329473
ManUnitedEPL;28/05/2018 08:04;0;0;Manchester United to join FA Women 's Championship http:// dlvr.it/QVLhzx pic.twitter.com/O4xZrXL0a8;;;;1,00106E+18;https://twitter.com/ManUnitedEPL/status/1001056493452509184
champdeck1;28/05/2018 08:04;0;0;Manchester United to join FA Women 's Championship http:// dlvr.it/QVLj0c pic.twitter.com/PorLgdLch2;;;;1,00106E+18;https://twitter.com/champdeck1/status/1001056491833470976
TCleverley23_ID;28/05/2018 08:03;0;0;Manchester United to join FA Women 's Championship http:// dlvr.it/QVLhz4;;;;1,00106E+18;https://twitter.com/TCleverley23_ID/status/1001056485583933440
RamonaSteve7;28/05/2018 08:03;0;0;Manchester United to join FA Women 's Championship http:// dlvr.it/QVLhxb pic.twitter.com/92bMMo3IJx;;;;1,00106E+18;https://twitter.com/RamonaSteve7/status/1001056484954816512
itsJOSH_MUFC;28/05/2018 08:03;0;0;Manchester United to join FA Women 's Championship http:// dlvr.it/QVLhx4 pic.twitter.com/onCURC7TCG;;;;1,00106E+18;https://twitter.com/itsJOSH_MUFC/status/1001056484451471360
WayneRyann;28/05/2018 08:03;0;0;Manchester United to join FA Women 's Championship http:// dlvr.it/QVLhzg;;;;1,00106E+18;https://twitter.com/WayneRyann/status/1001056483549659139
Y_bayu_W;28/05/2018 08:03;0;0;Manchester United to join FA Women 's Championship http:// dlvr.it/QVLhyb pic.twitter.com/kflJBVXa7J;;;;1,00106E+18;https://twitter.com/Y_bayu_W/status/1001056483067412480
EJAISME;28/05/2018 08:03;0;0;Manchester United to join FA Women 's Championship http:// dlvr.it/QVLhym;;;;1,00106E+18;https://twitter.com/EJAISME/status/1001056482803179520
JesseLingard_ID;28/05/2018 08:03;0;0;Manchester United to join FA Women 's Championship http:// dlvr.it/QVLhzk;;;;1,00106E+18;https://twitter.com/JesseLingard_ID/status/1001056482081701888
lifeofislanders;28/05/2018 08:03;0;0;Manchester United to join FA Women 's Championship http:// dlvr.it/QVLhzP;;;;1,00106E+18;https://twitter.com/lifeofislanders/status/1001056480538251264
SyhrlKrnwn7;28/05/2018 08:03;0;0;Manchester United to join FA Women 's Championship http:// dlvr.it/QVLhy2;;;;1,00106E+18;https://twitter.com/SyhrlKrnwn7/status/1001056480487854080
TheoLopes98;28/05/2018 08:03;0;0;Manchester United to join FA Women 's Championship http:// dlvr.it/QVLhyz;;;;1,00106E+18;https://twitter.com/TheoLopes98/status/1001056480450129920
manutdfclive;28/05/2018 08:03;0;0;Manchester United to join FA Women 's Championship http:// dlvr.it/QVLhxK pic.twitter.com/v3iNqSb8aP;;;;1,00106E+18;https://twitter.com/manutdfclive/status/1001056480269819910
indo_rooney;28/05/2018 08:03;0;0;Manchester United to join FA Women 's Championship http:// dlvr.it/QVLhzG;;;;1,00106E+18;https://twitter.com/indo_rooney/status/1001056480118779904
UnitedUpdates;28/05/2018 08:03;13;47;Manchester United to join FA Women 's Championship http:// dlvr.it/QVLhwy pic.twitter.com/BWmYEAZQkN;;;;1,00106E+18;https://twitter.com/UnitedUpdates/status/1001056480051609600
themanutdarmy;28/05/2018 08:03;0;0;Manchester United to join FA Women 's Championship http:// dlvr.it/QVLhzH;;;;1,00106E+18;https://twitter.com/themanutdarmy/status/1001056479921647616
21HenriquezID;28/05/2018 08:03;0;0;Manchester United to join FA Women 's Championship http:// dlvr.it/QVLhz3;;;;1,00106E+18;https://twitter.com/21HenriquezID/status/1001056479791611906
UtdIndonesiaNNK;28/05/2018 08:03;0;0;Manchester United to join FA Women 's Championship http:// dlvr.it/QVLhyC;;;;1,00106E+18;https://twitter.com/UtdIndonesiaNNK/status/1001056479317708800
SariIndahN83;28/05/2018 08:03;0;0;Manchester United to join FA Women 's Championship http:// dlvr.it/QVLhzK;;;;1,00106E+18;https://twitter.com/SariIndahN83/status/1001056479258947584
Olly_eldee;28/05/2018 08:03;0;0;Manchester United to join FA Women 's Championship http:// dlvr.it/QVLhyg;;;;1,00106E+18;https://twitter.com/Olly_eldee/status/1001056479145639936
IndoFredeVeseli;28/05/2018 08:03;0;0;Manchester United to join FA Women 's Championship http:// dlvr.it/QVLhxg;;;;1,00106E+18;https://twitter.com/IndoFredeVeseli/status/1001056478919213057
UtdIndo_PKP;28/05/2018 08:03;0;0;Manchester United to join FA Women 's Championship http:// dlvr.it/QVLhy5;;;;1,00106E+18;https://twitter.com/UtdIndo_PKP/status/1001056478835367936
1LoveToManUtd;28/05/2018 08:03;0;0;Manchester United to join FA Women 's Championship http:// dlvr.it/QVLhyn;;;;1,00106E+18;https://twitter.com/1LoveToManUtd/status/1001056478361366528
ItsFerrari_;28/05/2018 08:03;0;0;Manchester United to join FA Women 's Championship http:// dlvr.it/QVLhxX;;;;1,00106E+18;https://twitter.com/ItsFerrari_/status/1001056477526704128
Demyjay;28/05/2018 08:03;0;0;Manchester United to join FA Women 's Championship http:// dlvr.it/QVLhyX;;;;1,00106E+18;https://twitter.com/Demyjay/status/1001056476637548546
TheRedDaily_ID;28/05/2018 08:03;0;0;Manchester United to join FA Women 's Championship http:// dlvr.it/QVLhxY;;;;1,00106E+18;https://twitter.com/TheRedDaily_ID/status/1001056475672817664
Danyy_Hilmii;28/05/2018 08:03;0;0;Manchester United to join FA Women 's Championship http:// dlvr.it/QVLhyj;;;;1,00106E+18;https://twitter.com/Danyy_Hilmii/status/1001056474955636737
nionggg;28/05/2018 08:03;0;0;Manchester United to join FA Women 's Championship http:// dlvr.it/QVLhyp;;;;1,00106E+18;https://twitter.com/nionggg/status/1001056474901041153
Olly_eldee;28/05/2018 08:03;0;0;Manchester United to join FA Women 's Championship http:// dlvr.it/QVLhxs;;;;1,00106E+18;https://twitter.com/Olly_eldee/status/1001056474896809984
ardisatrian10;28/05/2018 08:03;0;0;Manchester United to join FA Women 's Championship http:// dlvr.it/QVLhy7;;;;1,00106E+18;https://twitter.com/ardisatrian10/status/1001056474670424064
MU_Jogja;28/05/2018 08:03;0;0;Manchester United to join FA Women 's Championship http:// dlvr.it/QVLhxz;;;;1,00106E+18;https://twitter.com/MU_Jogja/status/1001056472543903744
nuansabening01;28/05/2018 08:03;0;0;Manchester United to join FA Women 's Championship http:// dlvr.it/QVLhwG;;;;1,00106E+18;https://twitter.com/nuansabening01/status/1001056471222644738
ManUtdSuporter;28/05/2018 08:02;1;1;Manchester United to establish their first professional women 's team after FA approve application http:// dlvr.it/QVLhng;;;;1,00106E+18;https://twitter.com/ManUtdSuporter/status/1001056221615423489
VinnyDurham;28/05/2018 08:02;0;0;The devil women;;;;1,00106E+18;https://twitter.com/VinnyDurham/status/1001056053608505344
SirAlexStand;28/05/2018 08:00;1;3;Manchester United to establish their first professional women ’s team after FA approve application http:// manutdnewsfeed.com/manchester-uni ted-to-establish-their-first-professional-womens-team-after-fa-approve-application/ …;;;;1,00106E+18;https://twitter.com/SirAlexStand/status/1001055704420143104
LatestManUtd;28/05/2018 08:00;0;0;Manchester United to establish their first professional women 's team after FA approve application http:// manunitedlatest.com/manchester-uni ted-to-establish-their-first-professional-womens-team-after-fa-approve-application/ …;;;;1,00106E+18;https://twitter.com/LatestManUtd/status/1001055668038717440
E24cool;28/05/2018 07:59;0;0;Manchester United to join FA Women 's Championship http:// dlvr.it/QVLh02 pic.twitter.com/Vmqd7v245x;;;;1,00106E+18;https://twitter.com/E24cool/status/1001055319475212289
MUFCSMBW;28/05/2018 07:57;0;0;Manchester United to join FA Women 's Championship - Official Manchester United Website http:// dlvr.it/QVLgDm;;;;1,00105E+18;https://twitter.com/MUFCSMBW/status/1001054729953267713
UnitedNewsApp;28/05/2018 07:55;0;0;Daily Mail: Manchester United to establish their first professional women 's team after FA ap... http://www. football-news365.co.uk/go/82441570;;;;1,00105E+18;https://twitter.com/UnitedNewsApp/status/1001054436486135808
_lexiespo;28/05/2018 07:55;1;25;I’m all for Manchester United FINALLY having a senior Women ’s team, but this is a joke. They don’t even have a squad yet, or a manager, and haven’t worked their way up the leagues like every other club. Disappointed in the @FA - money clearly talks. https:// twitter.com/skysportsnews/ status/1001041308079796224 …;;@FA;;1,00105E+18;https://twitter.com/_lexiespo/status/1001054226217304064
amarvilks;28/05/2018 07:54;0;1;Do they get the same privilege as the Manure Untied? That is help and cheating with the FA /Refs/PL? | Manchester United granted FA Women 's Championship place with West Ham in Super League | soccer News | Sky Sports http://www. skysports.com/football/news/ 28508/11388053/manchester-united-granted-fa-womens-championship-place-with-west-ham-in-super-league …;;;;1,00105E+18;https://twitter.com/amarvilks/status/1001053990858231809
justaballgame;28/05/2018 07:53;0;3;Manchester United to join FA Women 's Championship - Official Manchester United Website http://www. manutd.com/en/News-And-Fe atures/Football-News/2018/May/club-announcement-on-man-united-women-after-fa-accepts-application-to-join-fa-womens-championship.aspx?utm_content=9b8588cdea344445911f24d9ae53d03e-7724542745&utm_campaign=manutd&utm_medium=post&utm_source=facebook …;;;;1,00105E+18;https://twitter.com/justaballgame/status/1001053828458991616
newsplusapp;28/05/2018 07:50;0;0;Manchester United granted FA Women 's Championship place with West Ham in #SuperLeague via @newsplusapp http://www. skysports.com/football/news/ 12040/11388053/manchester-united-granted-fa-womens-championship-place-with-west-ham-in-super-league …;;@newsplusapp;#SuperLeague;1,00105E+18;https://twitter.com/newsplusapp/status/1001052998741590017
e_ManchesterUtd;28/05/2018 07:50;0;0;Manchester United to join FA Women 's Championship #MUFC http:// ow.ly/vaj21015UT8;;;#MUFC;1,00105E+18;https://twitter.com/e_ManchesterUtd/status/1001052983369650177
taytbells;28/05/2018 07:49;0;0;Best news ever Manchester United Women 's team entering the FA Women 's Championship next season. I know it should have happened way back but its a welcome development;;;;1,00105E+18;https://twitter.com/taytbells/status/1001052896442626048
News4Trafford;28/05/2018 07:47;0;1;Manchester United Women ’s football team gets the thumbs up by the FA http:// news4trafford.co.uk/2018/05/28/man chester-united-womens-football-team-gets-the-thumbs-up-by-the-fa/ … pic.twitter.com/o45WUlT9JF;;;;1,00105E+18;https://twitter.com/News4Trafford/status/1001052331381809153
Play_Man_United;28/05/2018 07:46;0;0;Manchester United to join FA Women 's Championship https:// footydeck.com/a/14AA5?via=tw eet … #mufc;;;#mufc;1,00105E+18;https://twitter.com/Play_Man_United/status/1001051983011368960
imaolanews;28/05/2018 07:46;0;0;Retweeted Manchester United ( @ManUtd ): #MUFC 's application to establish a professional women 's team has been approved by The @FA . More information: http:// manutd.co/Koa pic.twitter.com/39IZuhUH6u;;@ManUtd @FA;#MUFC;1,00105E+18;https://twitter.com/imaolanews/status/1001051968012455936
TF_MUFC;28/05/2018 07:45;0;5;Manchester United to join FA Women 's Championship https:// ift.tt/2IWTW6N;;;;1,00105E+18;https://twitter.com/TF_MUFC/status/1001051892460474369
NELincsChaplain;28/05/2018 07:45;1;0;Congratulations too to @ManUtd , @LCWFC_official , @LewesFCWomen & @SFCLadies also going into WSL2 - tho I am a tad puzzled how a club currently without a women 's team has done so... What about the grassroots? What about @RoversLadies current @FA _WPL northern champions? #justsaying pic.twitter.com/1PqSA85jec;;@ManUtd @LCWFC_official @LewesFCWomen @SFCLadies @RoversLadies @FA;#justsaying;1,00105E+18;https://twitter.com/NELincsChaplain/status/1001051871631507456
manutd_updates;28/05/2018 07:45;0;2;Manchester United to join FA Women 's Championship https:// footydeck.com/a/14AA5?via=tw eet …;;;;1,00105E+18;https://twitter.com/manutd_updates/status/1001051782099894272
alexfeiguson;28/05/2018 07:45;0;0;Manchester United to join FA Women 's Championship https:// ift.tt/2IWTW6N;;;;1,00105E+18;https://twitter.com/alexfeiguson/status/1001051720640876544
RedDevilsForum;28/05/2018 07:44;0;0;Manchester United to join FA Women 's Championship https:// ift.tt/2IWTW6N;;;;1,00105E+18;https://twitter.com/RedDevilsForum/status/1001051575404687360
FOXES_Fanly;28/05/2018 07:43;0;0;Manchester United granted FA Women 's Championship place with West Ha... #LeicesterCity https:// fanly.link/25aab205ca pic.twitter.com/nStZW9w0S0;;;#LeicesterCity;1,00105E+18;https://twitter.com/FOXES_Fanly/status/1001051312857997312
TheSunFootball;28/05/2018 07:43;11;28;Manchester United to launch women 's team after application approved by FA http:// thesun.uk/6016D9RzE pic.twitter.com/Gw4IVEBYWD;;;;1,00105E+18;https://twitter.com/TheSunFootball/status/1001051305496973312
SunManUtd;28/05/2018 07:43;2;4;Manchester United to launch women 's team after application approved by FA http:// thesun.uk/6017D9Rz1 pic.twitter.com/rni2zAZRG0;;;;1,00105E+18;https://twitter.com/SunManUtd/status/1001051305216004096
RooKnee56;28/05/2018 07:42;1;0;Manchester United to join FA Women 's Championship: The club confirms there will be a United team in the FA Women 's Championship later this year. http:// dlvr.it/QVLbrS pic.twitter.com/v6Wr53uPth;;;;1,00105E+18;https://twitter.com/RooKnee56/status/1001051201247432704
talkSPORTRT;28/05/2018 07:42;0;0;OFFICIAL: The @FA has approved @Manutd application to establish a professional women ' s team in the @FA Women Championship, starting later this year. Congrats! pic.twitter.com/XFNzkmt5JB;;@FA @Manutd @FA;;1,00105E+18;https://twitter.com/talkSPORTRT/status/1001050996649406464
TimTim1981;28/05/2018 07:42;0;0;"BBC Sport - Manchester United get Women 's Championship licence; West Ham join top flight http://www. bbc.co.uk/sport/football /44279069 … The @fa surely has the money to subsidise the top tier clubs so the league is based on on the pitch performance";;@fa;;1,00105E+18;https://twitter.com/TimTim1981/status/1001050966660173824
charltonnews;28/05/2018 07:40;0;0;Man Utd to join FA Women 's Championship: Manchester United have been granted a place in the FA Women 's Championship next season with West Ham Ladies joining the FA Women 's Super League. http:// dlvr.it/QVLbYW;;;;1,00105E+18;https://twitter.com/charltonnews/status/1001050680860143616
LatestManUtd;28/05/2018 07:40;0;0;Manchester United to join FA Women 's Championship http:// manunitedlatest.com/manchester-uni ted-to-join-fa-womens-championship/ …;;;;1,00105E+18;https://twitter.com/LatestManUtd/status/1001050635721199616
UnitedNewsApp;28/05/2018 07:40;0;0;Official Site: Manchester United to join FA Women 's Championship http://www. football-news365.co.uk/go/82441551;;;;1,00105E+18;https://twitter.com/UnitedNewsApp/status/1001050516582010880
sportingnewsww;28/05/2018 07:39;0;0;Man Utd to join FA Women 's Championship: Manchester United have been granted a place i.. http:// dld.bz/gQcMJ pic.twitter.com/HWcTbhxUM7;;;;1,00105E+18;https://twitter.com/sportingnewsww/status/1001050444452548610
pedanteric5;28/05/2018 07:39;0;0;About bloody time! Hardly an ‘initiative’ when 18 other PL clubs already have a women ’s team;;;;1,00105E+18;https://twitter.com/pedanteric5/status/1001050385073819648
MUFCScoop;28/05/2018 07:38;50;143;The Football Association has approved Manchester United ’s application to establish a professional women ’s team in the FA Women ’s Championship, starting later this year. #MUFC pic.twitter.com/3Ywxvk87qB;;;#MUFC;1,00105E+18;https://twitter.com/MUFCScoop/status/1001050120761245697
Brummett43;28/05/2018 07:38;0;1;Interesting, Manchester City has had a women 's team for decades.;;;;1,00105E+18;https://twitter.com/Brummett43/status/1001049978729652224
Friday007_;28/05/2018 07:38;0;1;Hahahahahaha! Making that team stronger than Lyon women 's team immediately.;;;;1,00105E+18;https://twitter.com/Friday007_/status/1001049978108874752
Alpesh_C_Gujjar;28/05/2018 07:37;0;0;This is amazing...as a manutd fan i always thought why arent we having a womens team...i am clad manutd now has womens team...all the best;;;;1,00105E+18;https://twitter.com/Alpesh_C_Gujjar/status/1001049867786051584
MuhammedAyobam2;28/05/2018 07:37;0;0;Come on and let rule the Championship like the Men did, Our Women Red Devil;;;;1,00105E+18;https://twitter.com/MuhammedAyobam2/status/1001049779609260032
RedMancunian;28/05/2018 07:37;12;56;Manchester United to join FA Women 's Championship http://www. manutd.com/en/News-And-Fe atures/Football-News/2018/May/club-announcement-on-man-united-women-after-fa-accepts-application-to-join-fa-womens-championship.aspx?newsid=AABCF0E3-BF27-4AB8-95EF-1F7A3765C342 … #MUFC pic.twitter.com/8ECCCjuaGY;;;#MUFC;1,00105E+18;https://twitter.com/RedMancunian/status/1001049718296805376
TeamFA;28/05/2018 07:34;4;20;BREAKING: Manchester United 's application to establish a professional women 's team has been approved by The FA ! pic.twitter.com/C2OE8G1eyM;;;;1,00105E+18;https://twitter.com/TeamFA/status/1001049086244671488
dilop10;28/05/2018 07:34;1;5;The women 's team will play better football than Mourinho;;;;1,00105E+18;https://twitter.com/dilop10/status/1001049053092892672
MuhammedAyobam2;28/05/2018 07:34;0;0;Welcome our women Red Devil;;;;1,00105E+18;https://twitter.com/MuhammedAyobam2/status/1001048972784435201
Sharan_321;28/05/2018 07:30;0;0;@ManUtd successful application to launch Women ’s team. Wonder why this wasn’t a thing before. @FA great strides, wonder about its proesprct though.;;@ManUtd @FA;;1,00105E+18;https://twitter.com/Sharan_321/status/1001048150357004288
Abhi_Shetty17;28/05/2018 07:29;0;0;Manchester United to join FA Women 's Championship - Official Manchester United Website http://www. manutd.com/en/News-And-Fe atures/Football-News/2018/May/club-announcement-on-man-united-women-after-fa-accepts-application-to-join-fa-womens-championship.aspx …;;;;1,00105E+18;https://twitter.com/Abhi_Shetty17/status/1001047890272305152
Frank_Wanga;28/05/2018 07:26;0;0;Let's Go Manchester United Women . Bring us those trophies;;;;1,00105E+18;https://twitter.com/Frank_Wanga/status/1001046994771640321
andrewmunro1987;28/05/2018 07:25;0;0;great news, always wanted manchester united to have a women 's team;;;;1,00105E+18;https://twitter.com/andrewmunro1987/status/1001046884851515393
HeartNWNews;28/05/2018 07:24;0;0;Manchester United 's application to enter a women 's team in next season's FA Women 's Championship has been approved by the Football Association. #HeartNews https:// twitter.com/ManUtd/status/ 1001043698895998976 …;;;#HeartNews;1,00105E+18;https://twitter.com/HeartNWNews/status/1001046647596568577
ManUtdZim;28/05/2018 07:24;3;10;Official: Manchester United ’s application to establish a professional women 's team has been approved by The @FA . #MUFC;;@FA;#MUFC;1,00105E+18;https://twitter.com/ManUtdZim/status/1001046600439992320
Joeash78;28/05/2018 07:24;0;1;Lewes will be playing in the FA Women 's Championship next season and also in that division next season will be the newbies, a certain Manchester United . Will have to get along to the Pan to watch that one. https:// twitter.com/Lewes_cfc/stat us/1001041122335055872 …;;;;1,00105E+18;https://twitter.com/Joeash78/status/1001046583054622720
ManUtdsUpdate;28/05/2018 07:23;133;642;Official: Manchester United ’s application to establish a professional women 's team has been approved by The @FA . #MUFC;;@FA;#MUFC;1,00105E+18;https://twitter.com/ManUtdsUpdate/status/1001046399620976640
TomHarry1878;28/05/2018 07:23;0;5;Cue the many comments about women 's football from people that supposedly do not care about women 's football.;;;;1,00105E+18;https://twitter.com/TomHarry1878/status/1001046270600011777
UKSport24;28/05/2018 07:22;0;0;Manchester United granted FA Women 's Championship place with West Ham in Super League https:// ift.tt/2JdYTLG;;;;1,00105E+18;https://twitter.com/UKSport24/status/1001045957096636416
FikryArsyad;28/05/2018 07:21;0;0;Announce smalling, jones, fellaini, shaw, blind to women team;;;;1,00105E+18;https://twitter.com/FikryArsyad/status/1001045848610897920
MacMadisonNews;28/05/2018 07:20;0;0;Manchester United Women offered place in FA Women ’s Championship for 2018/2019 season https://www. macmadison.co.uk/manchester-uni ted-women-offered-place-in-fa-womens-championship-for-2018-2019-season/ … pic.twitter.com/wZFgp74PyR;;;;1,00105E+18;https://twitter.com/MacMadisonNews/status/1001045637859770368
Kieran_WAZAAPPP;28/05/2018 07:19;0;0;Can Jose manage the women ’s team instead?;;;;1,00105E+18;https://twitter.com/Kieran_WAZAAPPP/status/1001045401154347008
ChampionPirlo17;28/05/2018 07:19;1;2;BREAKING: Manchester United Women ’s team will enter FA Women ’s Championship next season. Sky;;;;1,00105E+18;https://twitter.com/ChampionPirlo17/status/1001045228239892480
GistJunction;28/05/2018 07:18;0;0;Manchester United Women offered place in FA Women ’s Championship for 2018/2019 season https:// gistjunction.com/2018/05/28/man chester-united-women-offered-place-in-fa-womens-championship-for-2018-2019-season/ … pic.twitter.com/OT5EhEmVVG;;;;1,00105E+18;https://twitter.com/GistJunction/status/1001045007904722944
torncalfmuscle;28/05/2018 07:17;0;0;Congratulation! Hope our women 's team doing well.;;;;1,00104E+18;https://twitter.com/torncalfmuscle/status/1001044663984246786
key103news;28/05/2018 07:16;3;9;Manchester United women have been offered a place in the FA Women ’s Championship for the 2018/19 season, the @FA has announced. pic.twitter.com/natgKxAwiz;;@FA;;1,00104E+18;https://twitter.com/key103news/status/1001044529477312512
laurasportslaw;28/05/2018 07:16;0;2;FA announces participating clubs for Women ’s Super League Tier 1 and 2 for 2018/19 season. Manchester United Women set to start their very first campaign in the 12-team second tier. #MUFC #WSL #WomeninFootball https://www. manchestereveningnews.co.uk/sport/football /football-news/man-utd-news-women-team-14714706 …;;;#MUFC #WSL #WomeninFootball;1,00104E+18;https://twitter.com/laurasportslaw/status/1001044466323656704
SportsbookBTC;28/05/2018 07:16;0;0;Manchester United Women offered place in FA Women 's Championship for 2018/2019 season http:// dlvr.it/QVLT93 pic.twitter.com/zvXIH22Leu;;;;1,00104E+18;https://twitter.com/SportsbookBTC/status/1001044447319085056
fabiola_cejku;28/05/2018 07:16;0;1;@ManUtd 's application to establish a professional women 's team has been approved by the FA . They will play in WSL2 next season. Come on! Also, please make sure you follow @muwomenreview for the latest updates.;;@ManUtd @muwomenreview;;1,00104E+18;https://twitter.com/fabiola_cejku/status/1001044421956325376
JWsports1;28/05/2018 07:15;2;1;ENGLAND: LEAGUE RESTRUCTURE: Sunderland dropped, Manchester United Women to debut in the second tier league in the 2018/19 season. The 2018/19 top-tier ( FA WSL) & second-tier ( FA Women 's Championship) teams. pic.twitter.com/3G5f0XijeV;;;;1,00104E+18;https://twitter.com/JWsports1/status/1001044344131014656
jazimABN;28/05/2018 07:14;0;9;Congratulations to All womens those who support @ManUtd now we all together;;@ManUtd;;1,00104E+18;https://twitter.com/jazimABN/status/1001044080145588224
KennyAngel11;28/05/2018 07:14;0;0;Manchester United Women offered place in FA Women 's Championship for 2018/2019 season - http:// freshtube.abbeyshop.website/2018/05/28/man chester-united-women-offered-place-in-fa-womens-championship-for-2018-2019-season/ …;;;;1,00104E+18;https://twitter.com/KennyAngel11/status/1001044044250693632
Friday007_;28/05/2018 07:14;0;0;In the women 's team!? Okay, nice one;;;;1,00104E+18;https://twitter.com/Friday007_/status/1001044034226479104
RedReveal;28/05/2018 07:14;3;21;'The new devils in town' Manchester United confirm the FA has approved their application to establish a professional women 's team. #MUFC https:// twitter.com/ManUtd/status/ 1001043698895998976 …;;;#MUFC;1,00104E+18;https://twitter.com/RedReveal/status/1001044032401887232
Xaviier_MS;28/05/2018 07:14;0;0;Bet the womens team win the league before the mens team does..;;;;1,00104E+18;https://twitter.com/Xaviier_MS/status/1001043957688741888
ManUtd;28/05/2018 07:13;4862;16301;#MUFC 's application to establish a professional women 's team has been approved by The @FA . More information: http:// manutd.co/Koa pic.twitter.com/iTQ4PyVOKl;;@FA;#MUFC;1,00104E+18;https://twitter.com/ManUtd/status/1001043698895998976
RedReveal;28/05/2018 07:11;4;14;Manchester United 's new Women 's team will enter the FA Women 's Championship next season. [ @SkySportsNews ] #MUFC;;@SkySportsNews;#MUFC;1,00104E+18;https://twitter.com/RedReveal/status/1001043265033068545
ManUtdChannel;28/05/2018 07:09;54;278;BREAKING: Manchester United Women ’s team will enter FA Women ’s Championship next season.;;;;1,00104E+18;https://twitter.com/ManUtdChannel/status/1001042778065850368
FOOTYnewsSKY;28/05/2018 07:09;0;0;Man Utd to join FA Women 's Championship Manchester United have been granted a place in the FA Women 's Championship next season with West Ham Ladies joining the FA Women 's Super League. https:// ift.tt/2kx6Ei1;;;;1,00104E+18;https://twitter.com/FOOTYnewsSKY/status/1001042683211796480
LBCLondonNews;28/05/2018 07:08;0;0;Football Association: Manchester United Women have been offered a place in the FA Women 's Championship for the 2018/2019 season;;;;1,00104E+18;https://twitter.com/LBCLondonNews/status/1001042619710033920
lbcbreaking;28/05/2018 07:08;2;3;Football Association: Manchester United Women have been offered a place in the FA Women 's Championship for the 2018/2019 season;;;;1,00104E+18;https://twitter.com/lbcbreaking/status/1001042618695016448
PAdugout;28/05/2018 07:08;0;1;#Breaking Manchester United Women have been offered a place in the FA Women ’s Championship for the 2018/2019 season pic.twitter.com/7SBcx9tDr0;;;#Breaking;1,00104E+18;https://twitter.com/PAdugout/status/1001042419423629312
hmdrudge;28/05/2018 07:08;1;3;Confirmed: 12 clubs will form The FA Women 's Championship next season, including @ManUtd pic.twitter.com/Wk8KVdZlDE;;@ManUtd;;1,00104E+18;https://twitter.com/hmdrudge/status/1001042397277704193
EPLnewsSKY;28/05/2018 07:07;0;0;Man Utd to join FA Women 's Championship Manchester United have been granted a place in the FA Women 's Championship next season with West Ham Ladies joining the FA Women 's Super League. https:// ift.tt/2kx6Ei1;;;;1,00104E+18;https://twitter.com/EPLnewsSKY/status/1001042279627460608
MUFC_Source_;28/05/2018 07:06;9;56;BREAKING: Manchester United Women ’s team will enter FA Women ’s Championship next season. Great news. #MUFC;;;#MUFC;1,00104E+18;https://twitter.com/MUFC_Source_/status/1001042114132828160
BBCRMsport;28/05/2018 07:04;38;58;Manchester United will make their return to professional women 's football next season, after being granted a licence by the FA #MUFC pic.twitter.com/KsApD5wTxn;;;#MUFC;1,00104E+18;https://twitter.com/BBCRMsport/status/1001041622371532801
SkySportsNews;28/05/2018 07:03;1687;7394;BREAKING: Manchester United Women ’s team will enter FA Women ’s Championship next season. #SSN;;;#SSN;1,00104E+18;https://twitter.com/SkySportsNews/status/1001041308079796224
lee_davidse;28/05/2018 07:03;0;1;. @ManUtd finally have a women ’s team they will compete in the second tier of English Women ’s Football, The FA Women ’s Championship #MFMSport;;@ManUtd;#MFMSport;1,00104E+18;https://twitter.com/lee_davidse/status/1001041140936794112
GirlsontheBall;28/05/2018 07:01;77;143;And the teams that will make up the newly named FA Women 's Championship @AVLFCOfficial @donnybelles @DurhamWFC @LondonBees @millwalllioness @SFCLadies @ThlfcOfficial @CAFCWomen @LCWFC_official @LewesFCWomen @ManUtd @SUFC_Ladies;;@AVLFCOfficial @donnybelles @DurhamWFC @LondonBees @millwalllioness @SFCLadies @ThlfcOfficial @CAFCWomen @LCWFC_official @LewesFCWomen @ManUtd @SUFC_Ladies;;1,00104E+18;https://twitter.com/GirlsontheBall/status/1001040743195082752
Dom_bbc;28/05/2018 07:00;0;0;The FA has approved Manchester United ’s application to establish a professional women ’s team in the FA Women ’s Championship, starting later this year. The team will be called ‘ Manchester United Women ’ and will be based at The Cliff, the club’s historic training ground in Salford,;;;;1,00104E+18;https://twitter.com/Dom_bbc/status/1001040392236748800
em_sandy;28/05/2018 07:00;3;5;BREAKING: The 12 clubs which will form the FA Women ’s Championship for the 2018-19 season. Including Manchester United Women . pic.twitter.com/1fO291cl9g;;;;1,00104E+18;https://twitter.com/em_sandy/status/1001040383583834112
