username;date;retweets;favorites;text;geo;mentions;hashtags;id;permalink
wsportsweekly;22/05/2018 20:51;0;0;American heavyweight boxer Eric Molina has been handed a two-year ban by the United Kingdom Anti-Doping organisation for failing a drugs test following his defeat to @anthonyfjoshua at the Manchester Arena in December 2016. Read more http:// worldsportsweekly.com/american-heavy weight-boxer-eric-molina-has-been-handed-a-two-year-ban-by-the-united-kingdom-anti-doping-organisation … pic.twitter.com/z93pd12gOX;;@anthonyfjoshua;;9,99075E+17;https://twitter.com/wsportsweekly/status/999075234941685760
WorldBoxingNews;22/05/2018 20:47;2;0;Former Anthony Joshua opponent banned for two-years: UKAD outline full ruling against Eric Molina http://www. worldboxingnews.net/2018/05/22/new s/former-anthony-joshua-opponent-banned-for-two-years-ukad-outline-full-ruling-against-eric-molina …;;;;9,99074E+17;https://twitter.com/WorldBoxingNews/status/999074176802611201
Boxing_365;22/05/2018 20:34;0;0;Eric Molina has received a two-year ban from UK Anti-Doping after testing positive for a prohibited substance;;;;9,99071E+17;https://twitter.com/Boxing_365/status/999070950523097088
Boxing_365;22/05/2018 20:33;0;0;Eric Molina tested positive for a banned substance after defeat by @anthonyfjoshua;;@anthonyfjoshua;;9,99071E+17;https://twitter.com/Boxing_365/status/999070795539320832
LizDavies14;22/05/2018 20:15;0;0;Eric Molina banned for failing drug test after Anthony Joshua fight https://www. telegraph.co.uk/boxing/2018/05 /22/eric-molina-banned-failing-drug-test-anthony-joshua-fight/?WT.mc_id=tmg_share_tw … via @TelegraphSport;;@TelegraphSport;;9,99066E+17;https://twitter.com/LizDavies14/status/999066293818011648
BoxingKingdom14;22/05/2018 19:56;5;28;The Eric Molina ban highlights just how embarrassing drug testing and bans are in boxing at the moment. We have a guy getting banned for a fight two years ago & he's fought twice since then and will fight again on the weekend. Some say the substance isn't even enhancing.;;;;9,99061E+17;https://twitter.com/BoxingKingdom14/status/999061490077388801
WorldBoxingNews;22/05/2018 19:40;2;3;WATCH: Eric Molina elaborates further on failed test, takes responsibility for anti-inflammatory http://www. worldboxingnews.net/2018/05/22/new s/watch-eric-molina-elaborates-further-on-failed-test-takes-responsibility-for-anti-inflammatory … #EricMolina pic.twitter.com/W5QJnbCkW3;;;#EricMolina;9,99057E+17;https://twitter.com/WorldBoxingNews/status/999057316417765377
dbofbb;22/05/2018 19:34;0;0;** Eric Molina banned for 2 years following failed drug test after Joshua bout : A.. : http:// dld.bz/gP8Ex pic.twitter.com/WBgq7VQ9US;;;;9,99056E+17;https://twitter.com/dbofbb/status/999055939746529282
Kobafernalateri;22/05/2018 19:28;0;0;BBC Sport - Eric Molina : Anthony Joshua opponent banned after failing doping test http://www. bbc.com/sport/boxing/4 4212756 … why did canelo only get 6 months?;;;;9,99054E+17;https://twitter.com/Kobafernalateri/status/999054301195522049
BetFastcom;22/05/2018 19:28;0;0;BBCSport: Eric Molina has been suspended from boxing after testing positive for a banned substance following his heavyweight fight with Anthony Joshua. https:// bbc.in/2IBfKJ8 pic.twitter.com/NtjLktk4pj http:// btf.st/BetNow;;;;9,99054E+17;https://twitter.com/BetFastcom/status/999054298351714304
BehindTheGloves;22/05/2018 19:24;2;4;BANNED! Heavyweight Eric Molina tests positive (By UKAD) for a non performance enhancing drug after the AJ fight (Dexamethasone). The drug IS on the WADA prohibited list when “IN” Competition. The drug although is in fact permitted out of competition by WADA to.;;;;9,99054E+17;https://twitter.com/BehindTheGloves/status/999053530433576967
Boxing_com;22/05/2018 19:10;0;0;Eric Molina : Anthony Joshua opponent banned after failing doping test http://www. boxing.com/eric_molina_an thony_joshua_opponent_banned_after_failing_doping_test.html?utm_source=dlvr.it&utm_medium=twitter …;;;;9,9905E+17;https://twitter.com/Boxing_com/status/999050001757093890
BBCSport;22/05/2018 19:04;13;65;Eric Molina has been suspended from boxing after testing positive for a banned substance following his heavyweight fight with Anthony Joshua. https:// bbc.in/2IBfKJ8 pic.twitter.com/ziOLYVczz5;;;;9,99048E+17;https://twitter.com/BBCSport/status/999048366892994562
msnsport;22/05/2018 19:02;0;1;Eric Molina banned for failing drug test after Anthony Joshua fight http://www. msn.com/en-gb/sport/bo xing/eric-molina-banned-for-failing-drug-test-after-anthony-joshua-fight/ar-AAxEJ30?ocid=ob-tw-engb-1509461899179 …;;;;9,99048E+17;https://twitter.com/msnsport/status/999047871516176385
WorldBoxingNews;22/05/2018 18:36;2;2;EXCLUSIVE: Eric Molina GIVES REACTION to TWO-YEAR UKAD suspension http://www. worldboxingnews.net/2018/05/22/new s/exclusive-eric-molina-gives-reaction-to-two-year-ukad-suspension … #EricMolina pic.twitter.com/Hue0Qwoujx;;;#EricMolina;9,99041E+17;https://twitter.com/WorldBoxingNews/status/999041209883549697
motolese56;22/05/2018 18:27;0;0;BBC Sport - Eric Molina : Anthony Joshua opponent banned after failing doping test http://www. bbc.com/sport/boxing/4 4212756 …;;;;9,99039E+17;https://twitter.com/motolese56/status/999039113109090304
HotUteh;22/05/2018 18:20;0;0;Welcome to Ruthnekky's blog: Anthony Joshua opponent Eric Molina banned after f... http:// nnekatheposer.blogspot.com/2018/05/anthon y-joshua-opponent-eric-molina.html?spref=tw …;;;;9,99037E+17;https://twitter.com/HotUteh/status/999037227685629952
Gabriel_Montoya;22/05/2018 18:17;0;1;Read the WADA Banned Substances list. #Boxing #EricMolina https:// twitter.com/GarethADaviesD T/status/999032722478780417 …;;;#Boxing #EricMolina;9,99036E+17;https://twitter.com/Gabriel_Montoya/status/999036432982265856
GarethADaviesDT;22/05/2018 18:02;6;18;Eric Molina banned for failing drug test after Anthony Joshua fight' | via @telegraph https://www. telegraph.co.uk/boxing/2018/05 /22/eric-molina-banned-failing-drug-test-anthony-joshua-fight/ …;;@telegraph;;9,99033E+17;https://twitter.com/GarethADaviesDT/status/999032722478780417
BoxingKingdomI4;22/05/2018 17:59;6;6;BREAKING NEWS: Mariusz Wach v Eric Molina is off Molina has failed another drug test after being tested immediately after arriving in Poland. Results have came back positive for Molinium, a drug that enhances speed & ability. Molina is set to return to the US #boxingkingdom pic.twitter.com/IYaedR3awk;;;#boxingkingdom;9,99032E+17;https://twitter.com/BoxingKingdomI4/status/999032009283522560
BoxingRehab;22/05/2018 17:56;0;1;So Eric Molina took PED s before AJ fight and still lost;;;;9,99031E+17;https://twitter.com/BoxingRehab/status/999031203788451840
newelly145;22/05/2018 17:55;0;1;Eric Molina 2 year ban after testing positive, Canelo Álvarez 6 months testing positive. Funny what happens when your the cash cow!;;;;9,99031E+17;https://twitter.com/newelly145/status/999031032321060864
DanChow11;22/05/2018 17:54;0;0;Heavyweight boxer Eric Molina banned 2 years for doping https:// lvrj.com/post/1390813 via @reviewjournal;;@reviewjournal;;9,99031E+17;https://twitter.com/DanChow11/status/999030685938532352
WorldBoxingNews;22/05/2018 17:47;1;1;Former Anthony Joshua opponent banned for two-years: UKAD outline full ruling against Eric Molina http://www. worldboxingnews.net/2018/05/22/new s/former-anthony-joshua-opponent-banned-for-two-years-ukad-outline-full-ruling-against-eric-molina … #EricMolina pic.twitter.com/xAhhCnKNE0;;;#EricMolina;9,99029E+17;https://twitter.com/WorldBoxingNews/status/999028879682670592
wGoldenBet;22/05/2018 17:46;0;0;Boxer Eric Molina has been banned for two years. . He tested positive for a banned substance after his fight with Anthony Joshua.;;;;9,99029E+17;https://twitter.com/wGoldenBet/status/999028799277752320
DrugTestNews;22/05/2018 17:46;0;0;Eric Molina banned for failing drug test after Anthony Joshua fight https://www. telegraph.co.uk/boxing/2018/05 /22/eric-molina-banned-failing-drug-test-anthony-joshua-fight/ …;;;;9,99029E+17;https://twitter.com/DrugTestNews/status/999028748803506176
WorldBoxingNews;22/05/2018 17:40;3;2;WATCH: Eric Molina elaborates further on failed test, takes responsibility for anti-inflammatory http://www. worldboxingnews.net/2018/05/22/new s/watch-eric-molina-elaborates-further-on-failed-test-takes-responsibility-for-anti-inflammatory … @TDBBoxing pic.twitter.com/Xq5V0XaHEq;;@TDBBoxing;;9,99027E+17;https://twitter.com/WorldBoxingNews/status/999027116657164288
TelegraphSport;22/05/2018 17:37;2;6;Eric Molina banned for failing drug test after Anthony Joshua fight https://www. telegraph.co.uk/boxing/2018/05 /22/eric-molina-banned-failing-drug-test-anthony-joshua-fight/ …;;;;9,99026E+17;https://twitter.com/TelegraphSport/status/999026406687498241
boxingP4Pnews;22/05/2018 17:31;0;1;Eric Molina has received a two-year ban from UK Anti-Doping after testing positive for a prohibited substance following his stoppage defeat to Anthony Joshua.;;;;9,99025E+17;https://twitter.com/boxingP4Pnews/status/999024911585808384
Bgnewssports1;22/05/2018 17:30;0;0;EXCLUSIVE Anthony Joshua challenger Eric Molina responds to two-year ban for failed drugs test http://www. bgnewssports.com/exclusive-anth ony-joshua-challenger-eric-molina-responds-to-two-year-ban-for-failed-drugs-test/ …;;;;9,99025E+17;https://twitter.com/Bgnewssports1/status/999024848838983680
MichaeLawbzpc;22/05/2018 17:29;0;0;Eric Molina . It's in the article. I do agree what's the point of mentioning @anthonyfjoshua when Molina fought twice since that loss.;;@anthonyfjoshua;;9,99025E+17;https://twitter.com/MichaeLawbzpc/status/999024535033843713
KeironiZedTV;22/05/2018 17:27;0;0;Before all you sheeple go and insult Eric Molina , go and listen to his official statement....;;;;9,99024E+17;https://twitter.com/KeironiZedTV/status/999024085014368256
FlashScore2;22/05/2018 17:21;1;3;Eric #Molina , 36, has been suspended from #boxing , two years after testing positive for a banned substance following his #heavyweight fight with #AnthonyJoshua in December 2016. pic.twitter.com/r63m48gDtg;;;#Molina #boxing #heavyweight #AnthonyJoshua;9,99022E+17;https://twitter.com/FlashScore2/status/999022375676063746
MidRangeHooker;22/05/2018 17:13;5;9;Anybody notice the Fury fanboys giving out about Eric Molina failing a drug test? The fact that he was allowed to fight these past 2 years after he failed doesn't ring any bells?;;;;9,9902E+17;https://twitter.com/MidRangeHooker/status/999020395096412161
walkwithmark;22/05/2018 17:02;0;0;Eric Molina : Anthony Joshua opponent banned after failing doping test http://www. bbc.com/sport/boxing/4 4212756 …;;;;9,99018E+17;https://twitter.com/walkwithmark/status/999017660867403777
NZStuffSport;22/05/2018 17:00;0;0;US heavyweight Eric Molina hit with doping ban from loss to Anthony Joshua http:// dlvr.it/QTlDGZ pic.twitter.com/855XKm4bNQ;;;;9,99017E+17;https://twitter.com/NZStuffSport/status/999017134305951744
boxing_reporter;22/05/2018 16:53;0;1;So Eric Molina has been banned from boxing for Two years, following a failed drugs test after the Anthony Joshua fight! He fought AJ in December 2016 so it’s taken over a year to ban him.....bizarre #EricMolina #boxing #TBR;;;#EricMolina #boxing #TBR;9,99015E+17;https://twitter.com/boxing_reporter/status/999015369175166979
samtinojones;22/05/2018 16:44;1;13;Just curious Eric Molina gets 2 year ban for taking some kind of allergy tablets but Canelo gets 6 Months for roids seems fair;;;;9,99013E+17;https://twitter.com/samtinojones/status/999013103848259589
STT_comp;22/05/2018 16:40;0;0;Heavyweight boxer Eric Molina banned 2 years for doping https:// ift.tt/2KMNQpQ;;;;9,99012E+17;https://twitter.com/STT_comp/status/999012076768190464
CoveringTheCage;22/05/2018 16:39;0;0;Eric Molina didn't deny taking the substance or contest the anti-doping rule violation, but he did question the length of the ban http:// bit.ly/2IFgJ73;;;;9,99012E+17;https://twitter.com/CoveringTheCage/status/999011979741220864
chriswill85;22/05/2018 16:29;0;0;So Eric molina is a drugs cheat and was juiced up when fought AJ , ... just think if he wasn’t on them he might have lasted the 4th round instead of getting knocked spark in the 3rd !!! #ericmolina;;;#ericmolina;9,99009E+17;https://twitter.com/chriswill85/status/999009376206819334
BoxingInsider;22/05/2018 16:11;3;2;U.S. heavyweight boxer Eric Molina banned 2 years for doping http:// canoe.com/sports/fightin g/boxing/u-s-heavyweight-boxer-molina-banned-2-years-for-doping/ …;;;;9,99005E+17;https://twitter.com/BoxingInsider/status/999004890906083329
Boxing_TT;22/05/2018 16:08;0;0;Former Anthony Joshua opponent Eric Molina handed two-year ban #boxing https://www. sportsmole.co.uk/boxing/news/fo rmer-joshua-opponent-handed-two-year-ban_326565.html …;;;#boxing;9,99004E+17;https://twitter.com/Boxing_TT/status/999003975415422978
FightNerd_;22/05/2018 16:05;12;47;Eric Molina gets 2 years, Canelo gets 6 months. Boxing is fucked.;;;;9,99003E+17;https://twitter.com/FightNerd_/status/999003287738347520
AstarBoxing;22/05/2018 16:04;3;16;Eric Molina has failed a drug test and received a two-year ban from UKAD. That explains why he was such a force to be reckoned with. pic.twitter.com/TG5LBFVfcE;;;;9,99003E+17;https://twitter.com/AstarBoxing/status/999003126588944384
cmckennasport;22/05/2018 16:01;23;53;Want to know how good anti-doping is for boxing and how good UKAD are? Eric Molina failed a test in December 2016, has fought twice since and is due to fight this Friday. Yet to be cancelled too.;;;;9,99002E+17;https://twitter.com/cmckennasport/status/999002280581099520
TLKBoxingTalk;22/05/2018 15:57;0;0;Wait hold up Eric Molina was just suspended by the UK Anti-Doping Board for Failing a post fight Drug test after getting KO’ed by AJ TWO YEARS AGO!!!! Wtf and we just hearing about this?!? Molina has had 2 fights since then & is still scheduled to fight Mariusz Wach on the 25th.;;;;9,99001E+17;https://twitter.com/TLKBoxingTalk/status/999001414222340096
Beadybea;22/05/2018 15:56;1;0;Official Eric Molina Statement regarding 2 year UKAD ban. https:// youtu.be/SB6z1Ppn2wE;;;;9,99001E+17;https://twitter.com/Beadybea/status/999001159753924608
AndyLane27;22/05/2018 15:56;0;0;And how was Canelo punished?? BBC Sport - Eric Molina : Anthony Joshua opponent banned for 2 years after failing doping test http://www. bbc.co.uk/sport/boxing/4 4212756 …;;;;9,99001E+17;https://twitter.com/AndyLane27/status/999000945215266816
Umr_Cheema;22/05/2018 15:48;0;0;WATCH: Eric Molina elaborates further on failed test, takes responsibility for anti-inflammatory http://www. newinsports.com/watch-eric-mol ina-elaborates-further-on-failed-test-takes-responsibility-for-anti-inflammatory/ … pic.twitter.com/jR8Nhh8Rve;;;;9,98999E+17;https://twitter.com/Umr_Cheema/status/998998969077456896
LCBoxing;22/05/2018 15:46;5;4;Eric Molina has been banned 2 years for a steroid he admitted to taking on the day of his fight vs AJ LOOOOOOL he took steroids to get smoked in 3 rounds;;;;9,98999E+17;https://twitter.com/LCBoxing/status/998998539572252672
PhilDJay;22/05/2018 15:42;1;1;WATCH: Eric Molina elaborates further on failed test, takes responsibility for anti-inflammatory http://www. worldboxingnews.net/2018/05/22/new s/watch-eric-molina-elaborates-further-on-failed-test-takes-responsibility-for-anti-inflammatory … @TDBBoxing pic.twitter.com/m7wwyMiv3C;;@TDBBoxing;;9,98997E+17;https://twitter.com/PhilDJay/status/998997421362311169
GFofBoxing;22/05/2018 15:40;0;0;Eric Molina Suspended By UK Anti-Doping For Failed Test - Boxing News https://www. boxingscene.com/eric-molina-su spended-by-uk-anti-doping-failed-test--128397 …;;;;9,98997E+17;https://twitter.com/GFofBoxing/status/998997130097364992
WorldBoxingNews;22/05/2018 15:36;2;1;EXCLUSIVE: Eric Molina GIVES REACTION to TWO-YEAR UKAD suspension http://www. worldboxingnews.net/2018/05/22/new s/exclusive-eric-molina-gives-reaction-to-two-year-ukad-suspension … @ukantidoping pic.twitter.com/9mvDPsp3ri;;@ukantidoping;;9,98996E+17;https://twitter.com/WorldBoxingNews/status/998995911257698304
_AthleteSupport;22/05/2018 15:29;1;0;#BOXING #Doping Eric Molina banned for 2 years. @TDBBoxing;;@TDBBoxing;#BOXING #Doping;9,98994E+17;https://twitter.com/_AthleteSupport/status/998994391376244736
BBCSport;22/05/2018 15:27;45;139;Boxer Eric Molina has been banned for two years. He tested positive for a banned substance after his fight with Anthony Joshua. https:// bbc.in/2IBfKJ8 pic.twitter.com/dKGLIIjxZ3;;;;9,98994E+17;https://twitter.com/BBCSport/status/998993739434676227
AnalyseBoxing;22/05/2018 15:21;3;3;Eric Molina 's statement is the biggest load of shit I've ever heard. Pathetic;;;;9,98992E+17;https://twitter.com/AnalyseBoxing/status/998992383051272192
WorldBoxingNews;22/05/2018 15:20;3;2;WATCH: Eric Molina elaborates further on failed test, takes responsibility for anti-inflammatory http://www. worldboxingnews.net/2018/05/22/new s/watch-eric-molina-elaborates-further-on-failed-test-takes-responsibility-for-anti-inflammatory … #boxing pic.twitter.com/cUl2n908pf;;;#boxing;9,98992E+17;https://twitter.com/WorldBoxingNews/status/998991990325956609
FiveStarBoxing;22/05/2018 15:17;0;0;WATCH: Eric Molina elaborates further on failed test, takes responsibility for anti-inflammatory http:// worldboxingnews.net/2018/05/22/new s/watch-eric-molina-elaborates-further-on-failed-test-takes-responsibility-for-anti-inflammatory … #Boxing pic.twitter.com/HCLUw7cmOm;;;#Boxing;9,98991E+17;https://twitter.com/FiveStarBoxing/status/998991355811647488
ClayWilliamsRGV;22/05/2018 15:17;0;0;Eric Molina appealed the length of the UKAD ban at the initial hearing, but that appeal was dismissed. @TDBBoxing was scheduled to fight Mariusz Wach Friday night in Warsaw, Poland. That bout has been suspended. #RGV;;@TDBBoxing;#RGV;9,98991E+17;https://twitter.com/ClayWilliamsRGV/status/998991142615158790
trendswap;22/05/2018 15:16;0;0;Eric Molina want new special counsel to investigate Trump-Russia probe 'misconduct';;;;9,98991E+17;https://twitter.com/trendswap/status/998991070292840449
TopHeavyweights;22/05/2018 15:04;3;4;Eric Molina 's explanation of UKIP 2 Year Ban https://www. youtube.com/watch?v=SB6z1P pn2wE … #Boxing #EricMolina #Weslaco #MolinaWach #TopHeavyweights #Heavyweights #HeavyweightBoxing #Heavyweight #boxeo #boxen #boxe #boks #boksen #拳击 #бокс #ボクシング;;;#Boxing #EricMolina #Weslaco #MolinaWach #TopHeavyweights #Heavyweights #HeavyweightBoxing #Heavyweight #boxeo #boxen #boxe #boks #boksen # # #;9,98988E+17;https://twitter.com/TopHeavyweights/status/998988026670997504
estebannovo;22/05/2018 14:59;0;0;Eric Molina banned for 2 years following failed drug test after Joshua bout http:// dlvr.it/QTkfLV pic.twitter.com/kemX7N2qjw;;;;9,98987E+17;https://twitter.com/estebannovo/status/998986839259136000
SM_Boxing;22/05/2018 14:58;0;0;Former Anthony Joshua opponent Eric Molina handed two-year ban http:// sm.mg/xybrkvn;;;;9,98986E+17;https://twitter.com/SM_Boxing/status/998986422756478976
MichaelBensonn;22/05/2018 14:54;3;9;Video statement from Eric Molina in response to his UKAD ban. https:// youtu.be/SB6z1Ppn2wE;;;;9,98985E+17;https://twitter.com/MichaelBensonn/status/998985479239286784
ClayWilliamsRGV;22/05/2018 14:53;3;3;#RGV boxer Eric Molina has been issued a 2 year ban by United Kingdom Anti-Doping for using a banned substance. Here is @TDBBoxing ’s response to the ban: https:// youtu.be/SB6z1Ppn2wE;;@TDBBoxing;#RGV;9,98985E+17;https://twitter.com/ClayWilliamsRGV/status/998985190113456130
garnekmedia;22/05/2018 14:51;0;8;I added a video to a @YouTube playlist http:// youtu.be/SB6z1Ppn2wE?a Official Eric Molina Statement regarding 2 year UKAD ban.;;@YouTube;;9,98985E+17;https://twitter.com/garnekmedia/status/998984803021180929
HatmanSB;22/05/2018 14:48;0;1;ERIC MOLINA TESTS POSITIVE FOR STEROIDS!!! BANNED FOR TWO YEARS!!!: http:// youtu.be/xUYGdNjtJyQ?a via @YouTube;;@YouTube;;9,98984E+17;https://twitter.com/HatmanSB/status/998983880089788416
WorldBoxingNews;22/05/2018 14:47;3;1;Former Anthony Joshua opponent banned for two-years: @ukantidoping outline full ruling against Eric Molina http://www. worldboxingnews.net/2018/05/22/new s/former-anthony-joshua-opponent-banned-for-two-years-ukad-outline-full-ruling-against-eric-molina … pic.twitter.com/rAiyRZffjv;;@ukantidoping;;9,98984E+17;https://twitter.com/WorldBoxingNews/status/998983579995533312
Sport_Integrity;22/05/2018 14:44;1;0;US boxer Eric Molina sanctioned with 2yr ban after testing positive for dexamethasone after his fight with Anthony Joshua. @ukantidoping statement: http://www. sportsintegrityinitiative.com/boxer-banned-t wo-years … pic.twitter.com/cqt9U7bnPq;;@ukantidoping;;9,98983E+17;https://twitter.com/Sport_Integrity/status/998982832113553410
JimRoyleBot;22/05/2018 14:42;0;0;eric molina my arse;;;;9,98982E+17;https://twitter.com/JimRoyleBot/status/998982482128244736
WorldBoxingNews;22/05/2018 14:30;2;0;Eric Molina HEADS HOME from airport, Mariusz Wach fight IN DOUBT due to SUSPENSION reports http://www. worldboxingnews.net/2018/05/22/new s/eric-molina-heads-home-from-airport-wach-fight-cancelled-due-to-suspension-reports … pic.twitter.com/AcVzwLrjgS;;;;9,98979E+17;https://twitter.com/WorldBoxingNews/status/998979305244770304
AP_Sports;22/05/2018 14:27;1;0;American heavyweight Eric Molina was banned for two years for failing a drug test after losing to Anthony Joshua in December 2016, U.K. Anti-Doping said http:// apne.ws/GmY63Zc;;;;9,98979E+17;https://twitter.com/AP_Sports/status/998978562546896896
UdemyCoupon24;22/05/2018 14:22;0;0;Eric Molina BANNED for positive drugs test after Anthony Joshua fight https:// ift.tt/2Lkt1Dy;;;;9,98977E+17;https://twitter.com/UdemyCoupon24/status/998977374581592067
sportspopular24;22/05/2018 14:21;0;0;Eric Molina BANNED for positive drugs test after Anthony Joshua fight pic.twitter.com/NELSG660Xn;;;;9,98977E+17;https://twitter.com/sportspopular24/status/998977190460035074
RossJamesHunt;22/05/2018 14:13;0;3;Eric Molina has failed a drugs test for his fight against AJ....poor fucker should get a refund;;;;9,98975E+17;https://twitter.com/RossJamesHunt/status/998975032448692225
AngryJock1;22/05/2018 14:09;0;0;Did AJ breathe on eric molina too heavy?;;;;9,98974E+17;https://twitter.com/AngryJock1/status/998974134540492800
cleans_letsrun;22/05/2018 14:03;1;0;Eric Molina : Anthony Joshua opponent banned after failing doping test http://www. bbc.co.uk/sport/boxing/4 4212756 …;;;;9,98973E+17;https://twitter.com/cleans_letsrun/status/998972507460984833
beingAseem7;22/05/2018 13:57;0;0;#EricMolina Dude whatever you was taking clearly wasn't working, go back to your dealor ask for full refund under the the sales of goods act;;;#EricMolina;9,98971E+17;https://twitter.com/beingAseem7/status/998971126276673536
MidRangeHooker;22/05/2018 13:54;0;0;Yo Mikey - how did Eric Molina fight twice after failing a drug test?;;;;9,9897E+17;https://twitter.com/MidRangeHooker/status/998970395838607360
WorldBoxingWall;22/05/2018 13:45;9;32;Heavyweight Eric Molina has received a two-year ban from UKAD for testing positive for a banned substance following his defeat to Anthony Joshua in 2016 #TWBW;;;#TWBW;9,98968E+17;https://twitter.com/WorldBoxingWall/status/998968198128074754
terrymc09982510;22/05/2018 13:44;0;0;just like eric molina he failed a test but still fought, they get away with it because travelers get special treatment in uk, now go try be friend,s with fury,s you clown,desperate old guy gets a couple picture,s with fury and tell,s lies defending them,;;;;9,98968E+17;https://twitter.com/terrymc09982510/status/998967849308839940
WorldBoxingNews;22/05/2018 13:36;2;0;EXCLUSIVE: Eric Molina GIVES REACTION to TWO-YEAR UKAD suspension http://www. worldboxingnews.net/2018/05/22/new s/exclusive-eric-molina-gives-reaction-to-two-year-ukad-suspension … @TDBBoxing pic.twitter.com/sthSZkhGlr;;@TDBBoxing;;9,98966E+17;https://twitter.com/WorldBoxingNews/status/998965713774809088
Flytime_TV;22/05/2018 13:34;0;0;New post: Anthony Joshua Opponent Eric Molina Banned For Two Years http:// thetriangle.news/anthony-joshua -opponent-eric-molina-banned-for-two-years/ …;;;;9,98965E+17;https://twitter.com/Flytime_TV/status/998965375764258818
terrymc09982510;22/05/2018 13:31;0;0;so eric molina failed a test but had 2 fights before he got busted, just like hughie;;;;9,98965E+17;https://twitter.com/terrymc09982510/status/998964673016975360
GNews_Center;22/05/2018 13:31;0;0;#Sport - Eric Molina banned for 2 years following failed drug test after Joshua bout, Am... http://www. planetnews.space/w/sport_eric_m olina_banned_for_2_years_following_failed_drug_test_after_joshua_bout … pic.twitter.com/H5VMFMB5w5;;;#Sport;9,98964E+17;https://twitter.com/GNews_Center/status/998964468758401024
Boxing_Today;22/05/2018 13:30;0;0;"SkySportsBoxing AJ OPPONENT RECEIVES BAN: Eric Molina given two-year ban from UKAD after testing positive for a prohibited substance following defeat to AnthonyFJoshua READ HERE: http:// skysports.tv/z1RFk3 pic.twitter.com/JblRkdvaJa """"";;;;9,98964E+17;https://twitter.com/Boxing_Today/status/998964361992515585
SkySportsBoxing;22/05/2018 13:30;12;43;AJ OPPONENT RECEIVES BAN: Eric Molina given two-year ban from UKAD after testing positive for a prohibited substance following defeat to @AnthonyFJoshua READ HERE: http:// skysports.tv/z1RFk3 pic.twitter.com/uXaBuZCVHo;;@AnthonyFJoshua;;9,98964E+17;https://twitter.com/SkySportsBoxing/status/998964245361545216
allancrozier;22/05/2018 13:29;1;1;Eric Molina was on drugs when he fought Anthony Joshua...imagine how naturally shite he is then;;;;9,98964E+17;https://twitter.com/allancrozier/status/998963999826903041
BoxingTalk92;22/05/2018 13:29;0;0;Its sad that Eric Molina tested positive for something illegal.. Whats worse is 3 of Wilder’s opponents tested positive for banned substances but nobody wants to acknowledge how avoided and feared he really is... #AnthonyJoshua #DeontayWilder #EricMolina #BoxingTalk92 https:// twitter.com/michellephelps /status/998941046917627904 …;;;#AnthonyJoshua #DeontayWilder #EricMolina #BoxingTalk92;9,98964E+17;https://twitter.com/BoxingTalk92/status/998963992650502144
nhbnews;22/05/2018 13:27;1;2;Eric Molina Suspended for Doping, A Year-and-a-Half After Joshua Fight by Eddie Goldman https:// nhbnews.blogspot.com/2018/05/eric-m olina-suspended-for-doping-year.html …;;;;9,98964E+17;https://twitter.com/nhbnews/status/998963616421416960
kingchimz;22/05/2018 13:27;0;0;Eric Molina dirty drug cheat and still couldn’t beat AJ;;;;9,98964E+17;https://twitter.com/kingchimz/status/998963596821520385
Beadybea;22/05/2018 13:25;0;0;Looks like we can put a fork in Eric Molina . We’ll see if the Wach fight goes ahead but last I heard he was having problems flying out to Poland. #heavyweights #boxing;;;#heavyweights #boxing;9,98963E+17;https://twitter.com/Beadybea/status/998963167744200706
sportbible;22/05/2018 13:20;8;49;Eric Molina has been hit with a two-year ban for failing a post-fight drug test He tested positive for banned substance, dexamethasone, the day after his heavyweight world title defeat to Anthony Joshua http://www. sportbible.com/boxing/news-bo xing-eric-molina-banned-for-two-years-after-positive-drug-test-20180522?source=facebook …;;;;9,98962E+17;https://twitter.com/sportbible/status/998961686395711488
JOE_co_uk;22/05/2018 13:19;1;5;American heavyweight Eric Molina has been handed a two-year suspension by the UK Anti-Doping agency for testing positive for the prohibited substance dexamethasone https://www. joe.co.uk/sport/anthony- joshua-opponent-molina-handed-two-year-ban-for-positive-test-179981 …;;;;9,98962E+17;https://twitter.com/JOE_co_uk/status/998961642997272576
IrishSunSport;22/05/2018 13:15;0;0;US boxer Eric Molina banned for two years after failing post-fight drugs test after Anthony Joshua knockout https://www. thesun.ie/sport/boxing/2 609864/us-boxer-eric-molina-banned-for-two-years-after-failing-post-fight-drugs-test-after-anthony-joshua-knockout/ …;;;;9,9896E+17;https://twitter.com/IrishSunSport/status/998960427659939840
KCSportsLawTeam;22/05/2018 13:13;0;1;A decision in the case of UK Anti-Doping (UKAD) v Eric Molina has been published today by the National Anti-Doping Panel (NADP). https://www. sportresolutions.co.uk/news/view/deci sion-ukad-v-eric-molina-bbboc …;;;;9,9896E+17;https://twitter.com/KCSportsLawTeam/status/998960172994322432
BradleyRobson89;22/05/2018 13:12;0;0;So Eric Molina gets a 2 year ban for failed test and Canelo gets 6 month ban for failing 2 tests hmmm;;;;9,9896E+17;https://twitter.com/BradleyRobson89/status/998959877455253509
oluwafemigerman;22/05/2018 13:08;0;2;American boxer Eric Molina has been suspended for two years after testing positive for the banned dexamethasone.following his heavyweight fight with Anthony Joshua in December 2016.;;;;9,98959E+17;https://twitter.com/oluwafemigerman/status/998958677364297729
pasport;22/05/2018 13:00;0;0;American heavyweight Eric Molina hit with two-year drug ban http://www. itv.com/news/update/20 18-05-22/heavyweight-boxer-molina-hit-with-two-year-drug-ban/ …;;;;9,98957E+17;https://twitter.com/pasport/status/998956664303714305
MidRangeHooker;22/05/2018 12:49;0;0;@AnalyseBoxing So Mikey, did Eric Molina fail a drug test and continue fighting?;;@AnalyseBoxing;;9,98954E+17;https://twitter.com/MidRangeHooker/status/998954066775592960
WorldBoxingNews;22/05/2018 12:47;0;0;Former @anthonyfjoshua opponent banned for two-years: UKAD outline full ruling against Eric Molina http://www. worldboxingnews.net/2018/05/22/new s/former-anthony-joshua-opponent-banned-for-two-years-ukad-outline-full-ruling-against-eric-molina … @TDBBoxing pic.twitter.com/PNkd2J2yIG;;@anthonyfjoshua @TDBBoxing;;9,98953E+17;https://twitter.com/WorldBoxingNews/status/998953381644431360
CarwynJones9;22/05/2018 12:36;1;1;BBC Sport - Eric Molina : Anthony Joshua opponent banned after failing doping test http://www. bbc.co.uk/sport/boxing/4 4212756 …;;;;9,98951E+17;https://twitter.com/CarwynJones9/status/998950768756625409
JackNDann;22/05/2018 12:34;0;0;Eric Molina suspended for two years for a Non-PED makes Canelo’s punishment look even more pathetic.;;;;9,9895E+17;https://twitter.com/JackNDann/status/998950285031682048
allfinancialonl;22/05/2018 12:32;0;0;Eric Molina : Anthony Joshua opponent banned after failing doping test http:// alwayspolitics.com/eric-molina-an thony-joshua-opponent-banned-after-failing-doping-test/ … pic.twitter.com/TwBUEzM2R6;;;;9,9895E+17;https://twitter.com/allfinancialonl/status/998949854847086593
WorldBoxingNews;22/05/2018 12:30;4;3;Eric Molina HEADS HOME from airport, Mariusz Wach fight IN DOUBT due to SUSPENSION reports http://www. worldboxingnews.net/2018/05/22/new s/eric-molina-heads-home-from-airport-wach-fight-cancelled-due-to-suspension-reports … #WachMolina pic.twitter.com/aZYa3ixmJc;;;#WachMolina;9,98949E+17;https://twitter.com/WorldBoxingNews/status/998949102812479489
hairydel;22/05/2018 12:28;0;0;American boxer Eric Molina has been suspended for two years after testing positive for a banned substance following his heavyweight fight with Anthony Joshua in December 2016 https://www. bbc.co.uk/sport/boxing/4 4212756 …;;;;9,98949E+17;https://twitter.com/hairydel/status/998948809542651904
CarlosToro360;22/05/2018 12:27;0;0;Eric Molina , who lost to Anthony Joshua with the IBF heavyweight title on the line, has been suspended 2 years by the UKAD after testing positive for dexamethasone. Suspension runs from October 28, 2017 (date of the start of his provisional suspension) to October 27, 2019 #boxing;;;#boxing;9,98948E+17;https://twitter.com/CarlosToro360/status/998948479702626304
FiveStarBoxing;22/05/2018 12:25;0;0;EXCLUSIVE Anthony Joshua challenger Eric Molina responds to two-year ban for failed drugs test http://www. boxingnewsonline.net/exclusive-anth ony-joshua-challenger-eric-molina-responds-to-two-year-ban-for-failed-drugs-test/ … #Boxing pic.twitter.com/8m3wwrVrQm;;;#Boxing;9,98948E+17;https://twitter.com/FiveStarBoxing/status/998947970828644354
SportingIcons1;22/05/2018 12:21;0;0;ERIC MOLINA FAILS PED TEST DAY AFTER ANTHONY JOSHUA FIGHT!! https:// youtu.be/6jo4RfcdGrk via @YouTube;;@YouTube;;9,98947E+17;https://twitter.com/SportingIcons1/status/998947047209340928
BoxingReport1;22/05/2018 12:20;0;0;Eric Molina : Anthony Joshua opponent banned after failing doping test - BBC News http:// dlvr.it/QTjpTK;;;;9,98947E+17;https://twitter.com/BoxingReport1/status/998946835430453248
DanMallier;22/05/2018 12:20;0;0;What a bellend! #Boxing is becoming worse than #cycling ! #EricMolina;;;#Boxing #cycling #EricMolina;9,98947E+17;https://twitter.com/DanMallier/status/998946690861273088
boxingfans100;22/05/2018 12:20;0;0;Boxing news: Eric Molina BANNED for positive… https://www. instagram.com/p/BjFaKp7BSSm/ ?utm_source=ig_twitter_share&igshid=skxbcuudy4ef …;;;;9,98947E+17;https://twitter.com/boxingfans100/status/998946587144404993
theamedpost;22/05/2018 12:19;0;0;Us Boxer Eric Molina Banned For Two Years After Failing Post-fight Drugs Test After Anthony Joshua Knockout http:// amedpost.com/us-boxer-eric- molina-banned-for-two-years-after-failing-post-fight-drugs-test-after-anthony-joshua-knockout/ …;;;;9,98946E+17;https://twitter.com/theamedpost/status/998946355052797952
BoxingNewsED;22/05/2018 12:17;1;16;EXCLUSIVE Anthony Joshua challenger Eric Molina responds to two-year ban for failed drugs test: http://www. boxingnewsonline.net/exclusive-anth ony-joshua-challenger-eric-molina-responds-to-two-year-ban-for-failed-drugs-test/ … #boxing pic.twitter.com/B6fdMVoYe1;;;#boxing;9,98946E+17;https://twitter.com/BoxingNewsED/status/998945958259019776
Northstarboxing;22/05/2018 12:17;0;0;Eric Molina Suspended By UK Anti-Doping For Failed Test https:// ift.tt/2IESJ3U #boxing #boxingnews #boxingheads;;;#boxing #boxingnews #boxingheads;9,98946E+17;https://twitter.com/Northstarboxing/status/998945856954011649
FiveStarBoxing;22/05/2018 12:16;0;0;Eric Molina Suspended By UK Anti-Doping For Failed Test https://www. boxingscene.com/eric-molina-su spended-by-uk-anti-doping-failed-test--128397 … #Boxing;;;#Boxing;9,98946E+17;https://twitter.com/FiveStarBoxing/status/998945723612876801
RectitudeNGlory;22/05/2018 12:16;0;0;Eric Molina Suspended By UK Anti-Doping For Failed Test https:// ift.tt/2IESJ3U via http:// BoxingScene.com;;;;9,98946E+17;https://twitter.com/RectitudeNGlory/status/998945680247939075
RectitudeNGlory;22/05/2018 12:16;0;0;EXCLUSIVE Anthony Joshua challenger Eric Molina responds to two-year ban for failed drugs test https:// ift.tt/2Lkk7Gd via Boxing News;;;;9,98946E+17;https://twitter.com/RectitudeNGlory/status/998945648538996737
xboxing2;22/05/2018 12:16;0;0;EXCLUSIVE Anthony Joshua challenger Eric Molina responds to two-year ban for failed drugs test https://www. boxing-news.me/exclusive-anth ony-joshua-challenger-eric-molina-responds-to-two-year-ban-for-failed-drugs-test/ …;;;;9,98946E+17;https://twitter.com/xboxing2/status/998945641060618240
UFC21;22/05/2018 12:13;0;0;Eric Molina Banned for 2 Years: https:// fightpost.co.uk/2018/05/22/eri c-molina-banned-for-2-years/ … via @wordpressdotcom;;@wordpressdotcom;;9,98945E+17;https://twitter.com/UFC21/status/998945036736847872
LPM_BCFC;22/05/2018 12:10;0;0;BBC Sport - Eric Molina : Anthony Joshua opponent banned after failing doping test http://www. bbc.co.uk/sport/boxing/4 4212756 … Just how bad would Molina have been if he hadn't cheated? He was an embarrassment as it was!;;;;9,98944E+17;https://twitter.com/LPM_BCFC/status/998944180792627200
Parmvirrr;22/05/2018 12:10;0;0;Eric molina got banged by AJ whilst being on performance enhancement drugs, he really is shit;;;;9,98944E+17;https://twitter.com/Parmvirrr/status/998944167949725696
AllTheBeltsApp;22/05/2018 12:07;0;0;FORMER ANTHONY JOSHUA OPPONENT ERIC MOLINA FIRES OFF ON BEING SUSPENDED 2 YRS FOR NON-PED SUBSTANCE http:// dlvr.it/QTjkRm http:// cli.re/download-atb;;;;9,98943E+17;https://twitter.com/AllTheBeltsApp/status/998943383463718912
SunBoxing;22/05/2018 12:06;1;1;US boxer Eric Molina banned for two years after failing post-fight drugs test after Anthony Joshua knockout https://www. thesun.co.uk/sport/6352066/ eric-molina-banned-failed-drugs-test/ …;;;;9,98943E+17;https://twitter.com/SunBoxing/status/998943160737959937
britboxs;22/05/2018 12:06;0;3;Eric Molina banned from fighting for two years following failed drug test after Joshua.. http:// dld.bz/gP8Ex pic.twitter.com/VMOE5dNiNR;;;;9,98943E+17;https://twitter.com/britboxs/status/998943085529845760
MMA_Questions;22/05/2018 12:02;0;0;Eric Molina receives a two-year ban from UKAD for failing a drugs test after defeat to Anthony Joshua | boxing News | Sky Sports http://www. skysports.com/boxing/news/12 183/11381806/eric-molina-receives-a-two-year-ban-from-ukad-for-failing-a-drugs-test-after-defeat-to-anthony-joshua …;;;;9,98942E+17;https://twitter.com/MMA_Questions/status/998942163080765440
cindyedozie;22/05/2018 12:02;0;0;Eric Molina banned from fighting for two years following failed drug test after Anthony Joshua fight. https:// ift.tt/2x2PMIY pic.twitter.com/qS1KSeJp5Y;;;;9,98942E+17;https://twitter.com/cindyedozie/status/998942101516800002
Kurtshadow1;22/05/2018 12:01;0;0;so Eric Molina has been suspended for two years but luiz Ortiz basically got away with being a cheat how's is that fair #boxing;;;#boxing;9,98942E+17;https://twitter.com/Kurtshadow1/status/998941821861552129
MichellePhelps;22/05/2018 11:57;12;21;FORMER ANTHONY JOSHUA OPPONENT ERIC MOLINA FIRES OFF ON BEING SUSPENDED 2 YRS FOR NON-PED SUBSTANCE EXCLUSIVE : https:// youtu.be/5fo0Ukg62wQ @TDBBoxing @BehindTheGloves pic.twitter.com/eFPtTB90lq;;@TDBBoxing @BehindTheGloves;;9,98941E+17;https://twitter.com/MichellePhelps/status/998941046917627904
BoxHardPodcast;22/05/2018 11:54;0;3;Let me jump in here. Eric Molina told me personally that he believes Wilder would best AJ. (I hope you approve of his opinion seeing as he fought them both) thanks, bye.;;;;9,9894E+17;https://twitter.com/BoxHardPodcast/status/998940167674191872
evritfilms;22/05/2018 11:53;0;0;BBC Sport - Eric Molina : Anthony Joshua opponent banned after failing doping test http://www. bbc.co.uk/sport/boxing/4 4212756 …;;;;9,9894E+17;https://twitter.com/evritfilms/status/998939927671918594
Betsafe;22/05/2018 11:48;3;1;Eric Molina has received a two-year ban after testing positive for a banned substance following his loss to @anthonyfjoshua Turns out that not even a drugs cheat can beat AJ. pic.twitter.com/bB2VtgZ9r2;;@anthonyfjoshua;;9,98939E+17;https://twitter.com/Betsafe/status/998938654465708032
catbhoy;22/05/2018 11:41;0;2;@toksoladipo hey I gave you some grief on one of your vids, when you said something like 80% of boxers take PED / banned substances, I called BS but you could well be right man #EricMolina;;@toksoladipo;#EricMolina;9,98937E+17;https://twitter.com/catbhoy/status/998936844753612800
allovernaija;22/05/2018 11:37;0;0;Anthony Joshua Opponent Eric Molina Banned For Two Years - http:// allovernaija.com/anthony-joshua -opponent-eric-molina-banned-for-two-years/ … pic.twitter.com/T4ymA17Kyk;;;;9,98936E+17;https://twitter.com/allovernaija/status/998935918181584896
SamTBrook;22/05/2018 11:35;0;0;So Eric Molina got juiced up and still got slapped about the ring ?? #Boxing #BoxingNews #fights #AJ;;;#Boxing #BoxingNews #fights #AJ;9,98935E+17;https://twitter.com/SamTBrook/status/998935302654840839
f1qualifying;22/05/2018 11:31;0;0;Anthony Joshua opponent Eric Molina banned for two years after failing drug test http:// dlvr.it/QTjWR5;;;;9,98934E+17;https://twitter.com/f1qualifying/status/998934335003672576
MirrorSportIE;22/05/2018 11:30;0;0;Eric Molina banned for two years after failing drug test https://www. irishmirror.ie/sport/other-sp ort/boxing/anthony-joshua-opponent-eric-molina-12577776 …;;;;9,98934E+17;https://twitter.com/MirrorSportIE/status/998934004412899328
SportsUmb24;22/05/2018 11:28;0;0;American boxer Eric Molina has been banned for 2 years after failing a doping test following his defeat to Anthony Joshua in December 2016 #SU24;;;#SU24;9,98934E+17;https://twitter.com/SportsUmb24/status/998933691551412224
ValuBit;22/05/2018 11:27;0;0;Eric Molina : Anthony Joshua opponent banned after failing doping test http:// twib.in/l/EBLjGRXEjeMp pic.twitter.com/x2lCeQCdwI;;;;9,98933E+17;https://twitter.com/ValuBit/status/998933416958660610
ArslanAgrarian;22/05/2018 11:27;0;0;Eric Molina : Anthony Joshua opponent banned after failing doping test https:// todaytoppopnews.com/eric-molina-an thony-joshua-opponent-banned-after-failing-doping-test/ … pic.twitter.com/hSofGeRcqX;;;;9,98933E+17;https://twitter.com/ArslanAgrarian/status/998933299593662465
usman90001;22/05/2018 11:27;0;0;Eric Molina : Anthony Joshua opponent banned after failing doping test https:// todaytoppopnews.com/eric-molina-an thony-joshua-opponent-banned-after-failing-doping-test/ … pic.twitter.com/EvVPornxNG;;;;9,98933E+17;https://twitter.com/usman90001/status/998933291226066945
RabiaNo61306986;22/05/2018 11:27;0;0;Eric Molina : Anthony Joshua opponent banned after failing doping test https:// todaytoppopnews.com/eric-molina-an thony-joshua-opponent-banned-after-failing-doping-test/ … pic.twitter.com/XyUdBk9kS0;;;;9,98933E+17;https://twitter.com/RabiaNo61306986/status/998933251183009792
hbvmedia;22/05/2018 11:22;0;0;Eric Molina : Anthony Joshua opponent banned after failing doping test: Molina was stopped in the third round by… https:// goo.gl/fb/oyZKV4;;;;9,98932E+17;https://twitter.com/hbvmedia/status/998932037464678401
PhilDJay;22/05/2018 11:17;1;0;EXCLUSIVE: Eric Molina GIVES REACTION to TWO-YEAR UKAD suspension http://www. worldboxingnews.net/2018/05/22/new s/exclusive-eric-molina-gives-reaction-to-two-year-ukad-suspension … @TDBBoxing pic.twitter.com/UDVaK5mCBQ;;@TDBBoxing;;9,98931E+17;https://twitter.com/PhilDJay/status/998930916398510080
WorldBoxingNews;22/05/2018 11:16;2;1;EXCLUSIVE: Eric Molina GIVES REACTION to TWO-YEAR UKAD suspension http://www. worldboxingnews.net/2018/05/22/new s/exclusive-eric-molina-gives-reaction-to-two-year-ukad-suspension … #boxing pic.twitter.com/OCnC3LYEcV;;;#boxing;9,98931E+17;https://twitter.com/WorldBoxingNews/status/998930517989961728
SuperSportBlitz;22/05/2018 11:15;6;11;American boxer Eric Molina has been banned for 2 years after failing a doping test following his defeat to Anthony Joshua in December 2016 #SSBoxing;;;#SSBoxing;9,9893E+17;https://twitter.com/SuperSportBlitz/status/998930263735459842
eatsleepsport;22/05/2018 11:15;0;0;Boxing: Molina gets two-year ban for failed test: American heavyweight Eric Molina has been handed a tw... http:// bit.ly/2IIkyZe;;;;9,9893E+17;https://twitter.com/eatsleepsport/status/998930244513009664
FiveStarBoxing;22/05/2018 11:12;0;0;EXCLUSIVE: Eric Molina GIVES REACTION to TWO-YEAR UKAD suspension http:// worldboxingnews.net/2018/05/22/new s/exclusive-eric-molina-gives-reaction-to-two-year-ukad-suspension … #Boxing pic.twitter.com/TI0PXYtDIZ;;;#Boxing;9,9893E+17;https://twitter.com/FiveStarBoxing/status/998929610023886850
Fitzbitz;22/05/2018 11:11;0;1;That face you make (x 2) when you hear Eric Molina won't be fighting. #boxing #wtf pic.twitter.com/yjjLa0NWR7;;;#boxing #wtf;9,98929E+17;https://twitter.com/Fitzbitz/status/998929463848198145
insidethegames;22/05/2018 11:11;0;1;American boxer #EricMolina banned for failing drugs test after Joshua defeat http:// ow.ly/nWXc30k7EcZ #boxing #doping;;;#EricMolina #boxing #doping;9,98929E+17;https://twitter.com/insidethegames/status/998929336756514817
sntcor;22/05/2018 11:10;0;1;Eric Molina drugs ban: Anthony Joshua opponent suspended for two years after failing doping test: The 36-yea.. : http:// dld.bz/gP82E;;;;9,98929E+17;https://twitter.com/sntcor/status/998929112671678464
SimCityAT;22/05/2018 11:09;0;0;Eric Molina : Anthony Joshua opponent banned after failing doping test http:// dlvr.it/QTjNF5;;;;9,98929E+17;https://twitter.com/SimCityAT/status/998928718071394304
Power987Sport;22/05/2018 11:07;2;1;Eric Molina has received a two-year ban from UK Anti-Doping after testing positive for a banned substance following his stoppage defeat to Anthony Joshua pic.twitter.com/3RHI1Jmn6a;;;;9,98928E+17;https://twitter.com/Power987Sport/status/998928422553432065
sjb80iod;22/05/2018 10:58;0;0;ukad should have to explain why it's taken a year and a half for them to mention it and why they have aloud Eric molina too fight 2 more time since;;;;9,98926E+17;https://twitter.com/sjb80iod/status/998926009578803200
rjsports1;22/05/2018 10:54;0;0;Eric Molina : Anthony Joshua opponent banned after failing doping test http://www. bbc.co.uk/sport/boxing/4 4212756 …;;;;9,98925E+17;https://twitter.com/rjsports1/status/998925129517289472
DNA_Feed;22/05/2018 10:54;0;0;Eric Molina : Anthony Joshua opponent banned after failing doping test http:// dlvr.it/QTjHsP pic.twitter.com/YRGWNnrBsW;;;;9,98925E+17;https://twitter.com/DNA_Feed/status/998925023841632257
DJMICHAELKNIGHT;22/05/2018 10:54;0;0;Here you go! Molina gets two year ban for failed drugs test: American boxer Eric Molina has been banned for two years after failing a doping test following his fight with Anthony Joshua in December 2016, UK Anti-Doping has announced. pic.twitter.com/hf7qjK5Q9v;;;;9,98925E+17;https://twitter.com/DJMICHAELKNIGHT/status/998925016912748544
shoaibmubashir1;22/05/2018 10:50;0;0;Eric Molina : Anthony Joshua opponent banned after failing doping test https:// 2newsnow.com/eric-molina-an thony-joshua-opponent-banned-after-failing-doping-test/ …;;;;9,98924E+17;https://twitter.com/shoaibmubashir1/status/998924067645415424
isearch247;22/05/2018 10:49;0;0;Eric Molina : Anthony Joshua opponent banned after failing doping test… https:// goo.gl/fb/VWcjgV TheBikiniCalendar;;;;9,98924E+17;https://twitter.com/isearch247/status/998923758319669248
AliceNovotny;22/05/2018 10:49;0;0;Eric Molina : Anthony Joshua opponent banned after failing doping test https:// bbc.in/2GHekGX;;;;9,98924E+17;https://twitter.com/AliceNovotny/status/998923694264274944
Ogwogho_Ohis;22/05/2018 10:49;0;0;Anthony Joshua opponent Eric Molina banned for two years after failing drug test http:// dlvr.it/QTjG7h pic.twitter.com/RfnsMovrVo;;;;9,98924E+17;https://twitter.com/Ogwogho_Ohis/status/998923683996385280
PhilDJay;22/05/2018 10:48;1;0;Former Anthony Joshua opponent banned for two-years: UKAD outline full ruling against Eric Molina http://www. worldboxingnews.net/2018/05/22/new s/former-anthony-joshua-opponent-banned-for-two-years-ukad-outline-full-ruling-against-eric-molina … pic.twitter.com/rGQdPjYZrm;;;;9,98923E+17;https://twitter.com/PhilDJay/status/998923434364039169
WandaReesMs;22/05/2018 10:47;0;0;Eric Molina : Anthony Joshua opponent banned after failing doping test https:// bbc.in/2GHekGX;;;;9,98923E+17;https://twitter.com/WandaReesMs/status/998923211285958658
Follow_Finance;22/05/2018 10:46;0;0;Eric Molina : Anthony Joshua opponent banned after failing doping test http:// financefollow.com/2018/05/eric-m olina-anthony-joshua-opponent-banned-after-failing-doping-test/ … American boxer Eric Molina is suspended;;;;9,98923E+17;https://twitter.com/Follow_Finance/status/998923055480098817
runningjackson;22/05/2018 10:45;0;0;#boxing - Eric Molina BANNED for positive drugs test after Anthony Joshua fight http:// bit.ly/2KL2Vs7;;;#boxing;9,98923E+17;https://twitter.com/runningjackson/status/998922826747957249
notiven;22/05/2018 10:45;0;0;RT: @bbcnews : Eric Molina : Anthony Joshua opponent banned after failing doping test https:// bbc.in/2GHekGX;;@bbcnews;;9,98923E+17;https://twitter.com/notiven/status/998922722037194752
SPORTSCIRCUSINT;22/05/2018 10:45;0;0;Eric Molina drugs ban: Anthony Joshua opponent suspended for two years after failing doping test http:// dlvr.it/QTjF1c pic.twitter.com/3UFUE3hRYU;;;;9,98923E+17;https://twitter.com/SPORTSCIRCUSINT/status/998922688008630279
BScene_Forums;22/05/2018 10:45;0;0;Eric Molina banned for 2 years, Canelo slap on wrist 6 months http:// dlvr.it/QTjF2g;;;;9,98923E+17;https://twitter.com/BScene_Forums/status/998922686146342917
brown_buzi;22/05/2018 10:44;0;0;Anthony Joshua opponent Eric Molina banned for two years after failing drug test #Boxing #AnthonyJoshua #EricMolina pic.twitter.com/5TOjfVJQlU;;;#Boxing #AnthonyJoshua #EricMolina;9,98923E+17;https://twitter.com/brown_buzi/status/998922573202231296
csnowyriver;22/05/2018 10:44;0;0;Eric Molina : Anthony Joshua opponent banned after failing doping test https:// bbc.in/2GHekGX;;;;9,98922E+17;https://twitter.com/csnowyriver/status/998922481972011008
AndyVermaut;22/05/2018 10:43;0;0;Eric Molina : Anthony Joshua opponent banned after failing doping test http://www. bbc.co.uk/sport/boxing/4 4212756?utm_source=dlvr.it&utm_medium=twitter … pic.twitter.com/yOPWzzdbA7;;;;9,98922E+17;https://twitter.com/AndyVermaut/status/998922184528609280
Trialanderror_v;22/05/2018 10:42;0;0;Eric Molina : Anthony Joshua opponent banned after failing doping test http://www. bbc.co.uk/sport/boxing/4 4212756 …;;;;9,98922E+17;https://twitter.com/Trialanderror_v/status/998921980278591488
moththunder;22/05/2018 10:42;0;0;Eric Molina : Anthony Joshua opponent banned after failing doping test https:// bbc.in/2GHekGX;;;;9,98922E+17;https://twitter.com/moththunder/status/998921957377757184
onecloudss;22/05/2018 10:41;0;0;Eric Molina : Anthony Joshua opponent banned after failing doping test https:// bbc.in/2GHekGX;;;;9,98922E+17;https://twitter.com/onecloudss/status/998921797004398592
HoWanKwok;22/05/2018 10:41;0;0;Eric Molina : Anthony Joshua opponent banned after failing doping test https:// bbc.in/2GHekGX;;;;9,98922E+17;https://twitter.com/HoWanKwok/status/998921756441227265
bdnews24;22/05/2018 10:41;0;0;Eric Molina : Anthony Joshua opponent banned after failing doping test http:// twib.in/l/yM49ryRKXg4g via @bdnews24 #news #breaking pic.twitter.com/p8XNrcN7fM;;@bdnews24;#news #breaking;9,98922E+17;https://twitter.com/bdnews24/status/998921754897731585
IndySport;22/05/2018 10:41;1;4;Eric Molina suspended for two years after failing doping test https:// ind.pn/2kermms pic.twitter.com/sOUJwPBdMk;;;;9,98922E+17;https://twitter.com/IndySport/status/998921753727520768
weiweirr;22/05/2018 10:40;0;0;Eric Molina : Anthony Joshua opponent banned after failing doping test https:// bbc.in/2GHekGX;;;;9,98922E+17;https://twitter.com/weiweirr/status/998921616372436992
christianebuddy;22/05/2018 10:40;0;0;Eric Molina : Anthony Joshua opponent banned after failing doping test https:// goo.gl/5CocFi #bbc;;;#bbc;9,98921E+17;https://twitter.com/christianebuddy/status/998921478581219328
MaryJohnsonMs;22/05/2018 10:40;0;0;Eric Molina : Anthony Joshua opponent banned after failing doping test https:// bbc.in/2GHekGX;;;;9,98921E+17;https://twitter.com/MaryJohnsonMs/status/998921446264131584
BBCNews;22/05/2018 10:37;5;24;Eric Molina : Anthony Joshua opponent banned after failing doping test https:// bbc.in/2GHekGX;;;;9,98921E+17;https://twitter.com/BBCNews/status/998920862190489605
mlnangalama;22/05/2018 10:36;0;0;via @PerilofAfrica Eric Molina : Anthony Joshua opponent banned after failing doping test http:// dlvr.it/QTjBQS pic.twitter.com/YRIYDy6Jmg;;@PerilofAfrica;;9,9892E+17;https://twitter.com/mlnangalama/status/998920488763047938
digitaldoit;22/05/2018 10:36;1;0;Eric Molina : Anthony Joshua opponent banned after failing doping test http:// dlvr.it/QTjBQ0 pic.twitter.com/qdIPnyvXMq;;;;9,9892E+17;https://twitter.com/digitaldoit/status/998920485848023040
Harley_Woody;22/05/2018 10:36;0;0;Eric Molina : Anthony Joshua opponent banned after failing doping test http:// dlvr.it/QTjBPc pic.twitter.com/eQH8dAb7tC;;;;9,9892E+17;https://twitter.com/Harley_Woody/status/998920484023451649
BigJotta;22/05/2018 10:35;0;0;So Eric Molina failed a drugs test in 2016 after the @anthonyfjoshua fights, the @WBCBoxing use him to get @TroubleBoxing to a mandatory position and then ban him, another @WBCBoxing farce.;;@anthonyfjoshua @WBCBoxing @TroubleBoxing @WBCBoxing;;9,9892E+17;https://twitter.com/BigJotta/status/998920226526949376
RTEsport;22/05/2018 10:32;0;2;American boxer Eric Molina has been banned for two years after failing a doping test following his fight with Anthony Joshua in December 2016 http:// bit.ly/2KLX71o #RTEsport;;;#RTEsport;9,9892E+17;https://twitter.com/RTEsport/status/998919546198265858
85Gracey;22/05/2018 10:31;0;0;@ThaBoxingVoice Eric molina popped for drugs given a 2 year ban still didn’t help him haha;;@ThaBoxingVoice;;9,98919E+17;https://twitter.com/85Gracey/status/998919311979884544
PhilDJay;22/05/2018 10:31;1;1;Eric Molina HEADS HOME from airport, Mariusz Wach fight IN DOUBT due to SUSPENSION reports http://www. worldboxingnews.net/2018/05/22/new s/eric-molina-heads-home-from-airport-wach-fight-cancelled-due-to-suspension-reports … @TDBBoxing pic.twitter.com/sW1QeKOF9C;;@TDBBoxing;;9,98919E+17;https://twitter.com/PhilDJay/status/998919156291522561
boxingforum_24;22/05/2018 10:30;0;0;Eric Molina failed drugs test - suspended for 2 years https:// goo.gl/fb/FrsCJL;;;;9,98919E+17;https://twitter.com/boxingforum_24/status/998918995041452032
HentaiPtmx;22/05/2018 10:28;0;0;US boxer Molina banned after testing positive following Joshua fight: American boxer Eric Molina is suspended for two years after testing positive for a banned substance following his fight with Anthony Joshua in December 2016. http://www. bbc.co.uk/sport/boxing/4 4212756?utm_source=dlvr.it&utm_medium=twitter … pic.twitter.com/JO4NWetoyE;;;;9,98918E+17;https://twitter.com/HentaiPtmx/status/998918472481497088
obiaksnews;22/05/2018 10:28;0;0;Boxing: Eric Molina gets two-year ban for failing a drugs test following defeat to Anthony Joshua http:// news.obiaks.com/180522012538/B oxing--Eric-Molina-gets-two-year-ban-for-failing-a-drugs-test-following-defeat-to-Anthony-Joshua.html …;;;;9,98918E+17;https://twitter.com/obiaksnews/status/998918460661993472
WorldBoxingNews;22/05/2018 10:26;3;0;Former Anthony Joshua opponent banned for two-years: UKAD outline full ruling against Eric Molina http://www. worldboxingnews.net/2018/05/22/new s/former-anthony-joshua-opponent-banned-for-two-years-ukad-outline-full-ruling-against-eric-molina … #boxing pic.twitter.com/yXgBRNniON;;;#boxing;9,98918E+17;https://twitter.com/WorldBoxingNews/status/998918107287752709
newsgwcom;22/05/2018 10:25;0;0;Eric Molina BANNED for positive drugs test after Anthony Joshua fight THE NEWS - GROUP OF WORLD - http:// newsgw.com/eric-molina-ba nned-for-positive-drugs-test-after-anthony-joshua-fight/ … pic.twitter.com/sqP0BxLzfP;;;;9,98918E+17;https://twitter.com/newsgwcom/status/998917743939346432
AnalyseBoxing;22/05/2018 10:24;0;1;Confirmed: Springfield Academy sign Eric Molina as Head of Maths on a 2-year loan deal. #boxing pic.twitter.com/vioYluiR2q;;;#boxing;9,98918E+17;https://twitter.com/AnalyseBoxing/status/998917632001761280
FiveStarBoxing;22/05/2018 10:24;0;0;Former Anthony Joshua opponent banned for two-years: UKAD outline full ruling against Eric Molina http:// worldboxingnews.net/2018/05/22/new s/former-anthony-joshua-opponent-banned-for-two-years-ukad-outline-full-ruling-against-eric-molina … #Boxing pic.twitter.com/jteNZGAAl8;;;#Boxing;9,98918E+17;https://twitter.com/FiveStarBoxing/status/998917576746029056
OliverGMcManus;22/05/2018 10:24;0;2;ERIC MOLINA HAS BEEN BANNED Eric Molina has been banned for 2 years by UKAD after being found in violation of Anti-Doping rules following his fight against Anthony Joshua. Since then he has fought Terrell Woods and Dominic Breazeale. #Boxing;;;#Boxing;9,98918E+17;https://twitter.com/OliverGMcManus/status/998917522769502208
NewAgeBoxingUK;22/05/2018 10:22;2;9;Can anyone clear up the Eric Molina position? 2 year ban from UKAD from a fight in December 2016 after testing positive for a substance on the WADA banned list. But presumably that means he can fight anywhere outside of UKAD jurisdiction - i.e. he is banned in the UK only?;;;;9,98917E+17;https://twitter.com/NewAgeBoxingUK/status/998917122016366593
BoxrecGrey;22/05/2018 10:22;0;3;Trying to imagine Eric Molina gassing up on a teacher's salary;;;;9,98917E+17;https://twitter.com/BoxrecGrey/status/998916908903751681
CanvasBoxing;22/05/2018 10:21;35;63;Shannon Briggs Lucas Browne Alexander Povetkin Erkan Teper Bermane Stiverne Luis Ortiz Dillian Whyte Chris Arreola Tyson Fury Hughie Fury And now Eric Molina Another Heavyweight to fail a drug test. There’s more top Heavyweights that have failed tests than been clean.;;;;9,98917E+17;https://twitter.com/CanvasBoxing/status/998916802976600066
HitHardNews;22/05/2018 10:21;3;2;UKAD Ban Eric Molina Following Positive Doping Test After Anthony Joshua Fight http:// hithardnews.com/ukad-ban-eric- molina-following-positive-doping-test-after-anthony-joshua-fight/ … via @HitHardNews #boxing #boxingnews #CleanSport;;@HitHardNews;#boxing #boxingnews #CleanSport;9,98917E+17;https://twitter.com/HitHardNews/status/998916688061042689
drrobtw;22/05/2018 10:17;2;7;Eric Molina justifiably gets banned for 2 years Canelo for 6 months;;;;9,98916E+17;https://twitter.com/drrobtw/status/998915768149520384
MzFightDiva40;22/05/2018 10:16;0;0;Eric Molina , lolz. Because. Boxing.;;;;9,98916E+17;https://twitter.com/MzFightDiva40/status/998915605075054592
craigscott209;22/05/2018 10:14;3;14;How has it taken 18 months to find out that Eric Molina was doping? Where they bamboozled by his extremely high levels of cholestrol?! #boxing #Molina #drugs;;;#boxing #Molina #drugs;9,98915E+17;https://twitter.com/craigscott209/status/998915103595618304
AllTheBeltsApp;22/05/2018 10:14;0;0;Former Joshua and Wilder Opponent Eric Molina Banned for Doping Violation http:// dlvr.it/QTj405 http:// cli.re/download-atb;;;;9,98915E+17;https://twitter.com/AllTheBeltsApp/status/998914954299293697
_THE112;22/05/2018 10:13;0;0;Heavyweight Eric Molina has been suspended for two years after testing positive for a banned substance following his heavyweight fight with Anthony Joshua in December 2016. The 36-year-old tested positive for the prohibited substance dexamethasone #boxing pic.twitter.com/o3cwNLA0NB;;;#boxing;9,98915E+17;https://twitter.com/_THE112/status/998914652682801152
WorldBoxingNews;22/05/2018 10:10;5;10;Eric Molina HEADS HOME from airport, Mariusz Wach fight IN DOUBT due to SUSPENSION reports http://www. worldboxingnews.net/2018/05/22/new s/eric-molina-heads-home-from-airport-wach-fight-cancelled-due-to-suspension-reports … @TDBBoxing pic.twitter.com/In0QOvHBG4;;@TDBBoxing;;9,98914E+17;https://twitter.com/WorldBoxingNews/status/998913956889718784
newsatspeed;22/05/2018 10:08;0;0;New post (Boxing news: Eric Molina BANNED for positive drugs test after Anthony ...) has been published on New ... - https:// newsatspeed.com/boxing-news-er ic-molina-banned-for-positive-drugs-test-after-anthony-joshua-fight-boxing-sport/ …;;;;9,98914E+17;https://twitter.com/newsatspeed/status/998913557654900738
FiveStarBoxing;22/05/2018 10:07;0;0;Eric Molina BANNED for positive drugs test after Anthony Joshua fight http:// feedproxy.google.com/~r/daily-expre ss-boxing-news/~3/y-DHANnR1eY/Eric-Molina-ban-positive-drugs-test-Anthony-Joshua-fight … #Boxing pic.twitter.com/8TuZhVcngg;;;#Boxing;9,98913E+17;https://twitter.com/FiveStarBoxing/status/998913324459884545
boxingcor;22/05/2018 10:06;0;1;*. Eric Molina promises to appeal BAN for positive drugs test after Anthony Joshua fight: ERIC MOLINA has been.. http:// dld.bz/gP7Xe;;;;9,98913E+17;https://twitter.com/boxingcor/status/998912965314301952
MichaelBensonn;22/05/2018 10:04;4;15;Since testing positive for his banned substance, Eric Molina has fought twice and is scheduled to fight again on Friday against Mariusz Wach in Poland. UKAD said nothing until today.;;;;9,98912E+17;https://twitter.com/MichaelBensonn/status/998912421321461761
nickcricket;22/05/2018 10:03;0;0;Eric Molina : The drugs don't work http://www. bbc.co.uk/sport/boxing/4 4212756 …;;;;9,98912E+17;https://twitter.com/nickcricket/status/998912287208542208
FiveStarBoxing;22/05/2018 10:01;0;0;Former Joshua and Wilder Opponent Eric Molina Banned for Doping Violation http:// boxing-social.com/news/former-jo shua-wilder-opponent-eric-molina-banned-doping-violation/ … #Boxing pic.twitter.com/LCNcFxKzfh;;;#Boxing;9,98912E+17;https://twitter.com/FiveStarBoxing/status/998911825629597696
pasport;22/05/2018 09:59;1;0;American boxer Eric Molina has been banned for two years after failing a doping test following his fight with Anthony Joshua in December 2016, @ukantidoping has announced pic.twitter.com/VEEJQ7dTRB;;@ukantidoping;;9,98911E+17;https://twitter.com/pasport/status/998911318827692034
TFRwithJB;22/05/2018 09:59;1;0;NEWS || Eric Molina receives a 2 year ban following a FAILED performance-enhancing drug test! The drug in question is used to treat conditions ranging from allergic disorders and skin conditions to ulcerative colitis, arthritis, lupus, psoriasis, and breathing disorders. pic.twitter.com/YuHa1d5NqY;;;;9,98911E+17;https://twitter.com/TFRwithJB/status/998911210392358913
MirrorFighting;22/05/2018 09:58;12;29;Anthony Joshua opponent Eric Molina banned for two years after failing drug test https://www. mirror.co.uk/sport/boxing/a nthony-joshua-opponent-eric-molina-12577772 … pic.twitter.com/A2PYmgACsr;;;;9,98911E+17;https://twitter.com/MirrorFighting/status/998911035762356224
boxing_social;22/05/2018 09:57;1;4;BUSTED! Former Anthony Joshua and Deontay Wilder opponent Eric Molina given two-year ban for doping violation following Joshua fight in December 2016... READ: https:// boxing-social.com/news/former-jo shua-wilder-opponent-eric-molina-banned-doping-violation/ … #Boxing #JoshuaWilder pic.twitter.com/KOyoNuqXub;;;#Boxing #JoshuaWilder;9,98911E+17;https://twitter.com/boxing_social/status/998910700956389378
FiveStarBoxing;22/05/2018 09:57;0;0;Eric Molina HEADS HOME from airport, Mariusz Wach fight CANCELLED due to SUSPENSION reports http:// worldboxingnews.net/2018/05/22/new s/eric-molina-heads-home-from-airport-wach-fight-cancelled-due-to-suspension-reports … #Boxing pic.twitter.com/MYqM7ggKoR;;;#Boxing;9,98911E+17;https://twitter.com/FiveStarBoxing/status/998910679066316805
F9SportsNG;22/05/2018 09:56;0;0;Eric Molina has been suspended after testing positive for a banned substance following his fight with Anthony Joshua in 2016. https:// bbc.in/2IBfKJ8;;;;9,98911E+17;https://twitter.com/F9SportsNG/status/998910594618200064
FiveStarBoxing;22/05/2018 09:55;0;0;Eric Molina promises to appeal BAN for positive drugs test after Anthony Joshua fight http:// feedproxy.google.com/~r/daily-expre ss-boxing-news/~3/y-DHANnR1eY/Eric-Molina-ban-positive-drugs-test-Anthony-Joshua-fight … #Boxing pic.twitter.com/8C9q5I5Ust;;;#Boxing;9,9891E+17;https://twitter.com/FiveStarBoxing/status/998910276476067840
jamestingray;22/05/2018 09:54;0;0;Long story short: Eric Molina was injected with a vitamin B12 supplement on the day of the fight that contained a banned in-competition substance (allowed out-of-comp). UKAD accept he was not trying to cheat but it is his responsibility to know what is and is not banned. #boxing;;;#boxing;9,9891E+17;https://twitter.com/jamestingray/status/998910005817544704
Boxing_Today;22/05/2018 09:50;0;0;"SkySportsBoxing AJ OPPONENT RECEIVES BAN: Eric Molina given two-year ban from UKAD after testing positive for a prohibited substance following defeat to AnthonyFJoshua FULL DETAILS: http:// skysports.tv/GNxC8c pic.twitter.com/27zgviwLog """"";;;;9,98909E+17;https://twitter.com/Boxing_Today/status/998909015840186369
MichaelBensonn;22/05/2018 09:50;1;2;"1/2: From the full UKAD ruling on Eric Molina : In an interview dated 5th Sept 2017, the Boxer [Molina] stated Dexamethasone contained within a product 'Tribedoce DX' was administered to him by way of intramuscular injection by one of his team on the day of the event...""";;;;9,98909E+17;https://twitter.com/MichaelBensonn/status/998909010358267904
SkySportsBoxing;22/05/2018 09:49;67;187;AJ OPPONENT RECEIVES BAN: Eric Molina given two-year ban from UKAD after testing positive for a prohibited substance following defeat to @AnthonyFJoshua FULL DETAILS: http:// skysports.tv/GNxC8c pic.twitter.com/8uW4U7Sbqo;;@AnthonyFJoshua;;9,98909E+17;https://twitter.com/SkySportsBoxing/status/998908670028255232
BoxingKingdom14;22/05/2018 09:48;5;61;This doesn’t add up. Eric Molina didn’t throw a single punch in the AJ fight.;;;;9,98908E+17;https://twitter.com/BoxingKingdom14/status/998908416067158016
garnekmedia;22/05/2018 09:48;11;27;"Eric Molina comments: It's an anti inflammatory that was from a b-12 injection. I never paid much attention to it. I thought to myself how can I get banned 2 years for an anti inflammatory and others get 6 months for actual steroid use"" #boxing https://www. bbc.co.uk/sport/amp/boxi ng/44212756?__twitter_impression=true …""";;;#boxing;9,98908E+17;https://twitter.com/garnekmedia/status/998908368713650176
theTRENDsport;22/05/2018 09:46;2;0;BREAKING BOXING NEWS: Eric Molina given 2 year UK Anti Doping ban following stoppage defeat to Anthony Joshua in 2016 Molina was due to fight Mariusz Wach this weekend in Poland (Are they sure it wasn't valium?! He looked a million miles away and that was before he was KOed);;;;9,98908E+17;https://twitter.com/theTRENDsport/status/998908065679400961
ProBoxingFans;22/05/2018 09:46;4;21;Eric Molina receives a two-year ban from UKAD after testing positive for a prohibited substance following his defeat to Anthony Joshua in 2016. #boxing #boxingnews pic.twitter.com/EnsoMBz4Qz;;;#boxing #boxingnews;9,98908E+17;https://twitter.com/ProBoxingFans/status/998908042132549632
BetFastcom;22/05/2018 09:46;0;0;BBCSport: Eric Molina has been suspended after testing positive for a banned substance following his fight with Anthony Joshua in 2016. More to follow https:// bbc.in/2IBfKJ8 pic.twitter.com/xt1z9FFjIX http:// btf.st/BetNow;;;;9,98908E+17;https://twitter.com/BetFastcom/status/998907871348768768
SamWalkley89;22/05/2018 09:45;0;0;Disappointed by the news about Eric Molina . He struck me as a professional.;;;;9,98908E+17;https://twitter.com/SamWalkley89/status/998907580352204800
SKHUMKHIZE;22/05/2018 09:43;0;0;American boxer Eric Molina has been suspended for two years after testing positive for a banned substance following his heavyweight fight with Anthony Joshua in December 2016.;;;;9,98907E+17;https://twitter.com/SKHUMKHIZE/status/998907144996040704
kciderman;22/05/2018 09:42;0;1;Oh wow Eric Molina is due to fight this weekend in Poland on a good card with a few other heavyweight bouts pic.twitter.com/ehP9QCyoWi;;;;9,98907E+17;https://twitter.com/kciderman/status/998906908143648768
RonLewisTimes;22/05/2018 09:39;15;31;So Eric Molina failed a drugs test for a steroid in December 2016, he boxed a #WBC eliminator 11 months later and is due to be boxing in Poland on Friday night! What a damning indictment on #boxing;;;#WBC #boxing;9,98906E+17;https://twitter.com/RonLewisTimes/status/998906292726059008
BoxingKingdom14;22/05/2018 09:39;4;16;In more important news Eric Molina fights Wach in Poland on Saturday night.;;;;9,98906E+17;https://twitter.com/BoxingKingdom14/status/998906230390210560
britboxsuk;22/05/2018 09:39;0;0;Boxing news: Eric Molina BANNED for positive drugs test after Anthony Joshua fight http:// dld.bz/gP7Xe;;;;9,98906E+17;https://twitter.com/britboxsuk/status/998906122370154496
Boxing_TT;22/05/2018 09:38;0;0;Eric Molina : Anthony Joshua opponent banned after failing doping test #boxing https://www. bbc.co.uk/sport/boxing/4 4212756 …;;;#boxing;9,98906E+17;https://twitter.com/Boxing_TT/status/998905829351940096
terrymc09982510;22/05/2018 09:37;0;0;@movecounterking now proof fury cheated, ukad have took a year and a half to charge eric molina;;@movecounterking;;9,98906E+17;https://twitter.com/terrymc09982510/status/998905582005432320
BBCSport;22/05/2018 09:36;18;89;Eric Molina has been suspended after testing positive for a banned substance following his fight with Anthony Joshua in 2016. More to follow https:// bbc.in/2IBfKJ8 pic.twitter.com/taK1F81ifi;;;;9,98906E+17;https://twitter.com/BBCSport/status/998905553517768704
boxnewsuk;22/05/2018 09:34;3;4;Boxing news: Eric Molina BANNED for positive drugs test after Anthony Joshua fight: ERIC MOLINA has been hande.. http:// dld.bz/gP7Xe;;;;9,98905E+17;https://twitter.com/boxnewsuk/status/998904860903903232
runningjackson;22/05/2018 09:32;0;0;#boxing - Boxing news: Eric Molina BANNED for positive drugs test after Anthony Joshua fight http:// bit.ly/2KL2Vs7;;;#boxing;9,98904E+17;https://twitter.com/runningjackson/status/998904428454400000
FiveStarBoxing;22/05/2018 09:31;0;0;Boxing news: Eric Molina BANNED for positive drugs test after Anthony Joshua fight http:// feedproxy.google.com/~r/daily-expre ss-boxing-news/~3/y-DHANnR1eY/Eric-Molina-ban-positive-drugs-test-Anthony-Joshua-fight … #Boxing;;;#Boxing;9,98904E+17;https://twitter.com/FiveStarBoxing/status/998904215174107136
DExpress_Sport;22/05/2018 09:29;0;1;Eric Molina handed two-year ban from boxing for positive drugs test after Anthony Joshua fight https://www. express.co.uk/sport/boxing/9 63477/Eric-Molina-ban-positive-drugs-test-Anthony-Joshua-fight …;;;;9,98904E+17;https://twitter.com/DExpress_Sport/status/998903555284226049
FiveStarBoxing;22/05/2018 09:28;1;0;Mariusz Wach fight goes ahead despite Eric Molina travel scare http:// worldboxingnews.net/2018/05/22/new s/mariusz-wach-fight-goes-ahead-despite-eric-molina-travel-scare … #Boxing pic.twitter.com/0i9AKiqhYw;;;#Boxing;9,98904E+17;https://twitter.com/FiveStarBoxing/status/998903531846488066
jamestingray;22/05/2018 09:28;0;0;Full Eric Molina drugs ban story here: https://www. express.co.uk/sport/boxing/9 63477/Eric-Molina-ban-positive-drugs-test-Anthony-Joshua-fight …;;;;9,98903E+17;https://twitter.com/jamestingray/status/998903450879619073
TOPCLASSBOXING;22/05/2018 09:25;1;3;News coming in that heavyweight Eric Molina has been banned by UKAD after he tested positive for a banned substance following his fight with Anthony Joshua #boxing #boxeo #boxen #boxe;;;#boxing #boxeo #boxen #boxe;9,98903E+17;https://twitter.com/TOPCLASSBOXING/status/998902722106667009
MichaelBensonn;22/05/2018 09:24;52;132;Eric Molina has been BANNED for two years by UKAD as he tested positive for dexamethasone the day after his fight with Anthony Joshua in 2016.;;;;9,98902E+17;https://twitter.com/MichaelBensonn/status/998902361178374144
TomCraze;22/05/2018 09:24;0;0;More on dexamethasone, the substance behind Eric Molina ’s two-year UKAD ban, from @WebMD : pic.twitter.com/kQShvEE47v;;@WebMD;;9,98902E+17;https://twitter.com/TomCraze/status/998902345026232320
AnalyseBoxing;22/05/2018 09:18;7;31;Eric Molina caught juicing for the Joshua fight is hilarious. Absolutely fucking pointless from him. Bangs the drum about confidence being key and within 10 seconds his foot's touching the bottom rope. Embarrassing fighter;;;;9,98901E+17;https://twitter.com/AnalyseBoxing/status/998900963875401729
Ben2012_London;22/05/2018 09:18;4;4;UKAD press release regarding Eric Molina testing positive after fighting @anthonyfjoshua pic.twitter.com/Nq36Of4vK0;;@anthonyfjoshua;;9,98901E+17;https://twitter.com/Ben2012_London/status/998900941985206274
jamacd2011;22/05/2018 09:18;2;0;Eric Molina banned until October 2019 after testing positive for dexamethasone after his defeat to Anthony Joshua https:// twitter.com/ukantidoping/s tatus/998899649267355648 …;;;;9,98901E+17;https://twitter.com/jamacd2011/status/998900854949281792
Ben2012_London;22/05/2018 09:16;8;6;UKAD have banned Eric Molina after he tested positive for a banned substance following his fight with Anthony Joshua.;;;;9,989E+17;https://twitter.com/Ben2012_London/status/998900479278112768
martynziegler;22/05/2018 09:14;3;3;Two-year ban for American boxer Eric Molina - tested positive for the steroid dexamethasone after 2016 fight against Anthony Joshua.;;;;9,989E+17;https://twitter.com/martynziegler/status/998899792175484933
ukantidoping;22/05/2018 09:13;19;13;BAN | American boxer Eric Molina has been suspended from all sport for a period of two years following an Anti-Doping Rule Violation (ADRV). Full judgement https:// bit.ly/2J2jZwM pic.twitter.com/mP4lJU3sgB;;;;9,989E+17;https://twitter.com/ukantidoping/status/998899649267355648
jamestingray;22/05/2018 09:12;1;1;Eric Molina banned for two years after a positive test for dexamethasone after his Anthony Joshua fight in December 2016 #boxing #drugsinsport;;;#boxing #drugsinsport;9,98899E+17;https://twitter.com/jamestingray/status/998899421076172800
seaningle;22/05/2018 09:07;11;11;Boxer Eric Molina gets a two-year ban for testing positive after his fight with Anthony Joshua in December 2016 pic.twitter.com/ish0SzDR72;;;;9,98898E+17;https://twitter.com/seaningle/status/998898239389818880
SportRes_UK;22/05/2018 09:05;1;5;Decision: @ukantidoping v Eric Molina (BBBoC) Please click http:// goo.gl/BP8QAY to see the full decision. pic.twitter.com/fBXEYt6Cco;;@ukantidoping;;9,98898E+17;https://twitter.com/SportRes_UK/status/998897675926941696
ericmolina___;22/05/2018 00:31;0;1;Tequila is always the answer;;;;9,98768E+17;https://twitter.com/ericmolina___/status/998768176556052480
ericmolina___;22/05/2018 00:26;0;1;Thats why you got tequila;;;;9,98767E+17;https://twitter.com/ericmolina___/status/998766962447736833
bigvern44;21/05/2018 13:34;0;0;"thats probably most sensible thing you have said on twitter since you said  eric molina is a bum and femi will ice him early""""";;;;9,98603E+17;https://twitter.com/bigvern44/status/998602820499771392
ericmolina___;21/05/2018 02:21;0;0;I can’t sleep;;;;9,98434E+17;https://twitter.com/ericmolina___/status/998433534384771072
